{
"type": "FeatureCollection",
"name": "klompenpaden_routes",
"crs": { "type": "name", "properties": { "name": "urn:ogc:def:crs:OGC:1.3:CRS84" } },
"features": [
{ "type": "Feature", "properties": { "klompenpad_naam": "Molenkadepad", "url": "https://klompenpaden.nl/klompenpaden/Molenkadepad/3872e790-3361-4295-98e6-164419bfbd18", "date": null }, "geometry": { "type": "LineString", "coordinates": [ [ 4.99936, 51.97401 ], [ 4.99921, 51.97438 ], [ 4.99906, 51.97439 ], [ 4.99841, 51.97625 ], [ 4.9979, 51.97653 ], [ 4.99564, 51.97612 ], [ 4.99157, 51.97448 ], [ 4.99155, 51.97424 ], [ 4.99129, 51.97402 ], [ 4.99124, 51.97371 ], [ 4.9893, 51.97268 ], [ 4.98867, 51.97226 ], [ 4.98684, 51.97024 ], [ 4.98485, 51.96888 ], [ 4.98514, 51.96878 ], [ 4.9836, 51.96732 ], [ 4.98267, 51.96617 ], [ 4.98104, 51.96456 ], [ 4.97915, 51.96352 ], [ 4.97819, 51.96246 ], [ 4.97759, 51.96231 ], [ 4.97656, 51.96141 ], [ 4.97626, 51.96126 ], [ 4.97656, 51.96076 ], [ 4.97659, 51.96053 ], [ 4.97651, 51.9603 ], [ 4.97702, 51.96023 ], [ 4.97752, 51.96027 ], [ 4.97786, 51.96021 ], [ 4.97827, 51.9601 ], [ 4.97923, 51.96051 ], [ 4.9801, 51.96008 ], [ 4.98034, 51.95988 ], [ 4.98472, 51.95836 ], [ 4.98524, 51.95812 ], [ 4.98568, 51.95808 ], [ 4.98751, 51.95809 ], [ 4.98776, 51.95803 ], [ 4.98947, 51.95693 ], [ 4.9899, 51.95661 ], [ 4.99013, 51.95638 ], [ 4.99124, 51.95503 ], [ 4.99141, 51.95477 ], [ 4.99135, 51.95438 ], [ 4.99138, 51.95429 ], [ 4.9927, 51.95347 ], [ 4.99492, 51.95201 ], [ 4.99686, 51.95311 ], [ 4.99791, 51.95257 ], [ 4.99824, 51.95227 ], [ 4.99848, 51.95201 ], [ 4.99933, 51.95159 ], [ 5.00027, 51.95104 ], [ 5.00032, 51.951 ], [ 5.00004, 51.95055 ], [ 5.00028, 51.95051 ], [ 5.00079, 51.95168 ], [ 5.00101, 51.95228 ], [ 5.00169, 51.95323 ], [ 5.00223, 51.9537 ], [ 5.0025, 51.9544 ], [ 5.00329, 51.95505 ], [ 5.00392, 51.9556 ], [ 5.00437, 51.95613 ], [ 5.0056, 51.95728 ], [ 5.00641, 51.95807 ], [ 5.00706, 51.95861 ], [ 5.00693, 51.95864 ], [ 5.0043, 51.96156 ], [ 5.00442, 51.96165 ], [ 5.00068, 51.96582 ], [ 5.00084, 51.96592 ], [ 5.00205, 51.96646 ], [ 5.00404, 51.9671 ], [ 5.00698, 51.96719 ], [ 5.00697, 51.96746 ], [ 5.0049, 51.97183 ], [ 5.004, 51.97408 ], [ 5.00078, 51.97417 ], [ 4.99951, 51.97391 ], [ 4.99936, 51.97401 ] ] } },
{ "type": "Feature", "properties": { "klompenpad_naam": "Crobschepad", "url": "https://klompenpaden.nl/klompenpaden/Crobschepad/ae0826e3-04fd-4c9f-b6d0-8171cf673413", "date": null }, "geometry": { "type": "LineString", "coordinates": [ [ 5.17607, 51.81883 ], [ 5.17623, 51.81913 ], [ 5.17614, 51.81932 ], [ 5.17623, 51.81987 ], [ 5.17622, 51.82056 ], [ 5.17627, 51.82135 ], [ 5.17634, 51.82191 ], [ 5.17642, 51.82232 ], [ 5.17033, 51.81979 ], [ 5.17044, 51.81964 ], [ 5.17023, 51.81958 ], [ 5.17033, 51.81941 ], [ 5.17063, 51.81948 ], [ 5.17082, 51.8193 ], [ 5.17105, 51.81904 ], [ 5.17208, 51.81909 ], [ 5.17447, 51.81878 ], [ 5.17592, 51.8185 ], [ 5.17606, 51.81882 ], [ 5.17641, 51.82232 ], [ 5.17675, 51.8225 ], [ 5.17745, 51.82276 ], [ 5.17766, 51.82289 ], [ 5.17851, 51.82355 ], [ 5.17876, 51.82383 ], [ 5.17921, 51.82439 ], [ 5.17964, 51.82464 ], [ 5.17979, 51.82461 ], [ 5.18449, 51.82382 ], [ 5.18463, 51.82416 ], [ 5.18515, 51.82408 ], [ 5.18551, 51.82398 ], [ 5.18644, 51.82354 ], [ 5.18705, 51.82322 ], [ 5.18743, 51.82283 ], [ 5.18756, 51.82262 ], [ 5.18775, 51.82253 ], [ 5.18807, 51.82248 ], [ 5.18843, 51.82252 ], [ 5.1888, 51.82274 ], [ 5.19011, 51.82356 ], [ 5.19212, 51.82498 ], [ 5.19243, 51.82533 ], [ 5.19262, 51.82549 ], [ 5.19268, 51.82567 ], [ 5.19266, 51.8258 ], [ 5.19403, 51.82598 ], [ 5.1945, 51.826 ], [ 5.1962, 51.82595 ], [ 5.19639, 51.82616 ], [ 5.19653, 51.82621 ], [ 5.19696, 51.82626 ], [ 5.19739, 51.82624 ], [ 5.19772, 51.82619 ], [ 5.19794, 51.82646 ], [ 5.19858, 51.82604 ], [ 5.19924, 51.82577 ], [ 5.20002, 51.82537 ], [ 5.18209, 51.82408 ], [ 5.1825, 51.82412 ], [ 5.18303, 51.82411 ], [ 5.18439, 51.82383 ], [ 5.18449, 51.82382 ], [ 5.18647, 51.82457 ], [ 5.18631, 51.8246 ], [ 5.18576, 51.82455 ], [ 5.18533, 51.82457 ], [ 5.18502, 51.82468 ], [ 5.1856, 51.82473 ], [ 5.185, 51.82511 ], [ 5.18463, 51.8253 ], [ 5.18383, 51.82552 ], [ 5.18333, 51.82559 ], [ 5.18256, 51.82557 ], [ 5.1811, 51.82546 ], [ 5.18009, 51.82533 ], [ 5.17938, 51.8251 ], [ 5.17903, 51.82496 ], [ 5.1787, 51.82471 ], [ 5.1785, 51.82413 ], [ 5.17816, 51.82369 ], [ 5.17757, 51.8232 ], [ 5.17734, 51.82327 ], [ 5.17741, 51.82348 ], [ 5.17725, 51.82464 ], [ 5.17715, 51.82477 ], [ 5.17685, 51.82494 ], [ 5.17618, 51.82523 ], [ 5.17422, 51.82412 ], [ 5.17363, 51.82386 ], [ 5.17295, 51.82373 ], [ 5.16932, 51.82326 ], [ 5.16988, 51.82107 ], [ 5.17006, 51.82052 ], [ 5.17033, 51.81979 ], [ 5.17981, 51.82461 ], [ 5.17986, 51.82461 ], [ 5.18052, 51.8237 ], [ 5.18158, 51.82398 ], [ 5.18188, 51.82405 ], [ 5.18208, 51.82408 ], [ 5.18835, 51.82531 ], [ 5.18815, 51.82486 ], [ 5.18794, 51.82445 ], [ 5.18748, 51.82411 ], [ 5.18679, 51.82414 ], [ 5.18647, 51.82457 ], [ 5.20002, 51.82536 ], [ 5.19983, 51.82399 ], [ 5.19918, 51.82312 ], [ 5.20002, 51.82536 ], [ 5.20018, 51.82518 ], [ 5.20033, 51.82496 ], [ 5.20043, 51.82471 ], [ 5.20048, 51.82432 ], [ 5.20047, 51.82398 ], [ 5.20054, 51.82372 ], [ 5.20068, 51.82351 ], [ 5.20094, 51.82336 ], [ 5.20216, 51.82279 ], [ 5.20333, 51.8223 ], [ 5.20361, 51.82213 ], [ 5.20364, 51.82201 ], [ 5.20417, 51.82159 ], [ 5.20411, 51.82155 ], [ 5.20434, 51.82136 ], [ 5.20466, 51.82087 ], [ 5.20523, 51.81976 ], [ 5.20534, 51.81931 ], [ 5.20515, 51.81866 ], [ 5.20487, 51.81798 ], [ 5.20457, 51.81744 ], [ 5.20436, 51.817 ], [ 5.20423, 51.81691 ], [ 5.20375, 51.81675 ], [ 5.20356, 51.81666 ], [ 5.20372, 51.8164 ], [ 5.2038, 51.81595 ], [ 5.20366, 51.81585 ], [ 5.20354, 51.81567 ], [ 5.20352, 51.81543 ], [ 5.20355, 51.81522 ], [ 5.20341, 51.81492 ], [ 5.20283, 51.81422 ], [ 5.20244, 51.81396 ], [ 5.20205, 51.81384 ], [ 5.2018, 51.81367 ], [ 5.20147, 51.81337 ], [ 5.20145, 51.81315 ], [ 5.20194, 51.81286 ], [ 5.20208, 51.8127 ], [ 5.20235, 51.81256 ], [ 5.20363, 51.81239 ], [ 5.20448, 51.81221 ], [ 5.20524, 51.81213 ], [ 5.20667, 51.81209 ], [ 5.20755, 51.81204 ], [ 5.20936, 51.812 ], [ 5.20974, 51.81199 ], [ 5.21049, 51.81206 ], [ 5.2106, 51.8119 ], [ 5.21074, 51.81181 ], [ 5.21085, 51.81179 ], [ 5.21161, 51.81186 ], [ 5.2133, 51.81197 ], [ 5.21379, 51.81206 ], [ 5.21476, 51.81221 ], [ 5.2149, 51.81231 ], [ 5.21493, 51.81246 ], [ 5.21446, 51.81247 ], [ 5.21398, 51.81244 ], [ 5.21278, 51.81277 ], [ 5.21299, 51.81302 ], [ 5.21314, 51.8133 ], [ 5.21336, 51.81359 ], [ 5.21326, 51.81361 ], [ 5.21332, 51.81389 ], [ 5.2127, 51.81744 ], [ 5.21239, 51.81748 ], [ 5.21247, 51.81776 ], [ 5.2123, 51.81791 ], [ 5.2123, 51.81808 ], [ 5.21235, 51.81819 ], [ 5.21201, 51.81854 ], [ 5.21167, 51.81849 ], [ 5.21146, 51.81875 ], [ 5.21104, 51.81909 ], [ 5.21095, 51.8193 ], [ 5.21032, 51.81998 ], [ 5.21002, 51.82045 ], [ 5.20978, 51.8204 ], [ 5.20965, 51.82067 ], [ 5.20967, 51.82078 ], [ 5.20923, 51.8216 ], [ 5.20892, 51.82216 ], [ 5.20836, 51.82305 ], [ 5.20759, 51.82446 ], [ 5.20732, 51.82489 ], [ 5.20705, 51.82539 ], [ 5.20674, 51.8258 ], [ 5.20654, 51.82605 ], [ 5.20593, 51.82662 ], [ 5.20566, 51.82674 ], [ 5.20562, 51.82681 ], [ 5.20448, 51.82726 ], [ 5.20402, 51.82735 ], [ 5.20341, 51.82739 ], [ 5.20269, 51.82754 ], [ 5.20145, 51.82762 ], [ 5.20038, 51.82767 ], [ 5.19936, 51.82759 ], [ 5.19702, 51.82722 ], [ 5.19666, 51.82719 ], [ 5.19584, 51.82719 ], [ 5.20002, 51.82537 ], [ 5.20002, 51.82536 ], [ 5.20002, 51.82537 ], [ 5.20002, 51.82537 ], [ 5.20002, 51.82537 ], [ 5.20002, 51.82537 ], [ 5.19584, 51.82719 ], [ 5.19443, 51.82701 ], [ 5.19347, 51.82673 ], [ 5.19285, 51.82664 ], [ 5.19199, 51.82656 ], [ 5.19154, 51.82647 ], [ 5.19084, 51.82618 ], [ 5.18946, 51.82582 ], [ 5.18881, 51.82563 ], [ 5.18865, 51.82552 ], [ 5.18865, 51.82546 ], [ 5.18835, 51.82536 ], [ 5.18835, 51.82534 ], [ 5.19584, 51.82719 ], [ 5.19584, 51.82719 ] ] } },
{ "type": "Feature", "properties": { "klompenpad_naam": "Gooijschepad", "url": "https://klompenpaden.nl/klompenpaden/Gooijschepad/2bc96649-092b-4a19-ab32-6395ddccf64e", "date": null }, "geometry": { "type": "LineString", "coordinates": [ [ 6.29397, 52.03131 ], [ 6.29429, 52.03166 ], [ 6.29371, 52.03191 ], [ 6.29342, 52.03199 ], [ 6.29344, 52.03209 ], [ 6.29306, 52.03276 ], [ 6.29299, 52.03294 ], [ 6.29292, 52.03344 ], [ 6.2929, 52.03369 ], [ 6.29288, 52.03382 ], [ 6.29283, 52.03395 ], [ 6.29241, 52.03449 ], [ 6.29264, 52.03455 ], [ 6.29274, 52.0346 ], [ 6.29336, 52.03516 ], [ 6.29411, 52.03588 ], [ 6.29481, 52.03642 ], [ 6.29346, 52.03671 ], [ 6.29254, 52.037 ], [ 6.29113, 52.03739 ], [ 6.28953, 52.03752 ], [ 6.28873, 52.03836 ], [ 6.28845, 52.03831 ], [ 6.28804, 52.03818 ], [ 6.28794, 52.03819 ], [ 6.28788, 52.03823 ], [ 6.28773, 52.03841 ], [ 6.28752, 52.03859 ], [ 6.28723, 52.03873 ], [ 6.28678, 52.03882 ], [ 6.28662, 52.03893 ], [ 6.28662, 52.039 ], [ 6.28656, 52.03906 ], [ 6.28436, 52.0408 ], [ 6.28404, 52.04099 ], [ 6.28393, 52.041 ], [ 6.28019, 52.03918 ], [ 6.27947, 52.0392 ], [ 6.2764, 52.03926 ], [ 6.27626, 52.03857 ], [ 6.27617, 52.03835 ], [ 6.2759, 52.03786 ], [ 6.27607, 52.03764 ], [ 6.27733, 52.0381 ], [ 6.27823, 52.03764 ], [ 6.28005, 52.03716 ], [ 6.28023, 52.03707 ], [ 6.28039, 52.03694 ], [ 6.28225, 52.03471 ], [ 6.28276, 52.03428 ], [ 6.28356, 52.03364 ], [ 6.28449, 52.03296 ], [ 6.28495, 52.03266 ], [ 6.28544, 52.03227 ], [ 6.28578, 52.03204 ], [ 6.28581, 52.03193 ], [ 6.28584, 52.03141 ], [ 6.28591, 52.03126 ], [ 6.28538, 52.03076 ], [ 6.28528, 52.03071 ], [ 6.28541, 52.02969 ], [ 6.28549, 52.02953 ], [ 6.28559, 52.02944 ], [ 6.28608, 52.02921 ], [ 6.2862, 52.02906 ], [ 6.28654, 52.0284 ], [ 6.28665, 52.02806 ], [ 6.28674, 52.02778 ], [ 6.2868, 52.02725 ], [ 6.28684, 52.027 ], [ 6.28692, 52.02689 ], [ 6.28712, 52.02667 ], [ 6.28812, 52.02576 ], [ 6.28824, 52.02569 ], [ 6.28835, 52.02565 ], [ 6.28851, 52.02563 ], [ 6.28938, 52.02556 ], [ 6.2894, 52.02554 ], [ 6.2894, 52.02552 ], [ 6.28936, 52.02548 ], [ 6.28739, 52.02389 ], [ 6.28658, 52.02321 ], [ 6.28647, 52.02314 ], [ 6.28631, 52.02314 ], [ 6.28197, 52.02374 ], [ 6.28186, 52.02373 ], [ 6.2818, 52.02369 ], [ 6.2815, 52.023 ], [ 6.28109, 52.02211 ], [ 6.281, 52.02205 ], [ 6.28086, 52.02204 ], [ 6.28036, 52.02212 ], [ 6.28026, 52.02212 ], [ 6.28015, 52.02207 ], [ 6.27998, 52.02194 ], [ 6.27984, 52.02189 ], [ 6.27975, 52.02181 ], [ 6.27972, 52.02172 ], [ 6.27959, 52.02166 ], [ 6.27973, 52.02155 ], [ 6.28004, 52.02151 ], [ 6.28005, 52.02103 ], [ 6.28017, 52.01963 ], [ 6.28037, 52.01853 ], [ 6.28035, 52.01851 ], [ 6.27941, 52.01831 ], [ 6.27937, 52.01826 ], [ 6.27952, 52.01811 ], [ 6.27998, 52.0175 ], [ 6.28024, 52.01724 ], [ 6.28063, 52.01701 ], [ 6.28118, 52.01666 ], [ 6.28195, 52.0163 ], [ 6.28221, 52.01622 ], [ 6.28311, 52.01605 ], [ 6.28334, 52.01595 ], [ 6.28355, 52.01579 ], [ 6.28375, 52.01561 ], [ 6.28405, 52.01537 ], [ 6.28462, 52.01481 ], [ 6.28475, 52.01471 ], [ 6.28495, 52.01462 ], [ 6.28468, 52.01461 ], [ 6.28333, 52.01472 ], [ 6.28158, 52.01469 ], [ 6.28107, 52.01471 ], [ 6.27877, 52.01509 ], [ 6.27857, 52.01511 ], [ 6.26932, 52.01496 ], [ 6.26926, 52.01502 ], [ 6.26876, 52.015 ], [ 6.26869, 52.01508 ], [ 6.26857, 52.01517 ], [ 6.26853, 52.01516 ], [ 6.26837, 52.0151 ], [ 6.2697, 52.01388 ], [ 6.27056, 52.01303 ], [ 6.27112, 52.01243 ], [ 6.27153, 52.01206 ], [ 6.27172, 52.01189 ], [ 6.27236, 52.0114 ], [ 6.27389, 52.01018 ], [ 6.27404, 52.01 ], [ 6.27477, 52.00903 ], [ 6.27603, 52.00729 ], [ 6.27711, 52.00598 ], [ 6.27729, 52.00582 ], [ 6.27761, 52.00562 ], [ 6.27965, 52.00474 ], [ 6.27968, 52.00387 ], [ 6.27966, 52.00374 ], [ 6.28009, 52.0036 ], [ 6.28008, 52.00329 ], [ 6.28027, 52.00313 ], [ 6.28035, 52.00301 ], [ 6.28029, 52.00279 ], [ 6.28015, 52.00256 ], [ 6.28004, 52.00221 ], [ 6.28008, 52.00185 ], [ 6.28007, 52.00178 ], [ 6.28068, 52.00175 ], [ 6.28106, 52.00175 ], [ 6.2814, 52.00179 ], [ 6.28169, 52.00185 ], [ 6.28189, 52.00191 ], [ 6.28205, 52.00174 ], [ 6.28224, 52.00167 ], [ 6.28235, 52.00167 ], [ 6.2855, 52.00194 ], [ 6.28626, 52.00211 ], [ 6.28639, 52.00212 ], [ 6.2865, 52.00211 ], [ 6.28667, 52.00205 ], [ 6.28705, 52.00181 ], [ 6.28711, 52.00179 ], [ 6.28723, 52.00186 ], [ 6.28725, 52.00189 ], [ 6.28725, 52.00192 ], [ 6.2872, 52.00201 ], [ 6.28722, 52.00205 ], [ 6.28725, 52.00207 ], [ 6.28738, 52.00209 ], [ 6.2878, 52.00205 ], [ 6.28779, 52.0021 ], [ 6.28785, 52.0022 ], [ 6.28934, 52.00371 ], [ 6.28943, 52.00382 ], [ 6.29075, 52.00664 ], [ 6.29087, 52.00672 ], [ 6.29305, 52.0078 ], [ 6.29391, 52.00825 ], [ 6.29382, 52.0084 ], [ 6.29378, 52.0085 ], [ 6.29344, 52.00907 ], [ 6.2928, 52.01018 ], [ 6.29282, 52.01027 ], [ 6.29251, 52.01038 ], [ 6.29335, 52.01355 ], [ 6.2936, 52.01428 ], [ 6.29363, 52.01449 ], [ 6.29359, 52.01492 ], [ 6.29359, 52.01518 ], [ 6.29368, 52.01523 ], [ 6.29451, 52.01543 ], [ 6.2955, 52.01571 ], [ 6.29497, 52.01648 ], [ 6.2949, 52.01668 ], [ 6.29483, 52.017 ], [ 6.29479, 52.0175 ], [ 6.29474, 52.01766 ], [ 6.29466, 52.01779 ], [ 6.2946, 52.018 ], [ 6.29453, 52.01902 ], [ 6.29448, 52.0193 ], [ 6.29444, 52.01942 ], [ 6.29438, 52.01941 ], [ 6.29264, 52.01875 ], [ 6.29194, 52.01973 ], [ 6.29165, 52.0202 ], [ 6.29159, 52.02024 ], [ 6.29152, 52.02023 ], [ 6.29101, 52.02063 ], [ 6.29096, 52.02071 ], [ 6.29159, 52.02085 ], [ 6.29132, 52.02104 ], [ 6.29118, 52.02116 ], [ 6.29126, 52.02123 ], [ 6.29121, 52.02144 ], [ 6.29118, 52.02145 ], [ 6.29121, 52.02167 ], [ 6.29138, 52.02212 ], [ 6.29149, 52.02212 ], [ 6.29224, 52.02199 ], [ 6.29308, 52.02187 ], [ 6.29335, 52.02185 ], [ 6.29343, 52.02181 ], [ 6.29368, 52.02183 ], [ 6.29375, 52.02177 ], [ 6.29374, 52.02161 ], [ 6.29388, 52.02123 ], [ 6.29556, 52.02131 ], [ 6.29564, 52.02147 ], [ 6.29575, 52.02164 ], [ 6.29582, 52.02172 ], [ 6.29646, 52.02263 ], [ 6.29669, 52.0229 ], [ 6.29815, 52.02341 ], [ 6.29965, 52.02389 ], [ 6.29961, 52.02398 ], [ 6.29959, 52.02411 ], [ 6.29971, 52.02457 ], [ 6.29975, 52.02491 ], [ 6.2997, 52.0251 ], [ 6.29953, 52.02613 ], [ 6.29927, 52.02681 ], [ 6.29876, 52.02758 ], [ 6.29874, 52.02765 ], [ 6.29881, 52.0278 ], [ 6.29835, 52.02821 ], [ 6.29824, 52.02826 ], [ 6.29806, 52.02829 ], [ 6.29821, 52.02867 ], [ 6.29837, 52.02895 ], [ 6.29825, 52.02896 ], [ 6.29771, 52.02894 ], [ 6.29697, 52.02889 ], [ 6.29571, 52.02873 ], [ 6.29574, 52.02932 ], [ 6.29579, 52.02946 ], [ 6.29609, 52.02983 ], [ 6.29612, 52.0299 ], [ 6.29604, 52.02992 ], [ 6.29437, 52.03004 ], [ 6.29425, 52.03008 ], [ 6.29329, 52.03018 ], [ 6.29348, 52.0307 ], [ 6.29378, 52.03109 ], [ 6.29397, 52.03131 ] ] } },
{ "type": "Feature", "properties": { "klompenpad_naam": "Haarlose-Veldpad", "url": "https://klompenpaden.nl/klompenpaden/Haarlose-Veldpad/9f7c5ca5-cd2f-4e36-8ac0-783be22dfd24", "date": null }, "geometry": { "type": "LineString", "coordinates": [ [ 6.581, 52.11258 ], [ 6.58076, 52.1126 ], [ 6.58085, 52.10749 ], [ 6.58042, 52.10685 ], [ 6.57955, 52.10717 ], [ 6.57938, 52.10721 ], [ 6.57925, 52.10707 ], [ 6.57768, 52.10801 ], [ 6.57681, 52.1084 ], [ 6.57662, 52.10855 ], [ 6.57636, 52.10884 ], [ 6.57615, 52.10933 ], [ 6.57617, 52.10978 ], [ 6.57625, 52.10997 ], [ 6.57364, 52.10973 ], [ 6.57363, 52.10987 ], [ 6.57365, 52.11011 ], [ 6.57277, 52.11059 ], [ 6.5725, 52.11065 ], [ 6.57155, 52.11066 ], [ 6.57086, 52.1108 ], [ 6.5702, 52.10998 ], [ 6.56989, 52.10977 ], [ 6.56925, 52.10947 ], [ 6.56815, 52.10907 ], [ 6.56763, 52.10866 ], [ 6.56711, 52.10802 ], [ 6.56676, 52.10746 ], [ 6.56618, 52.10715 ], [ 6.56576, 52.1069 ], [ 6.56553, 52.10668 ], [ 6.56961, 52.10594 ], [ 6.56965, 52.10462 ], [ 6.56951, 52.10309 ], [ 6.56867, 52.10153 ], [ 6.56889, 52.10143 ], [ 6.5708, 52.10043 ], [ 6.57277, 52.0997 ], [ 6.57415, 52.09924 ], [ 6.57817, 52.09779 ], [ 6.57802, 52.09751 ], [ 6.57756, 52.09711 ], [ 6.57762, 52.09694 ], [ 6.57967, 52.09714 ], [ 6.5816, 52.09725 ], [ 6.58191, 52.09737 ], [ 6.58213, 52.0977 ], [ 6.58227, 52.09786 ], [ 6.58305, 52.09812 ], [ 6.5824, 52.09868 ], [ 6.58218, 52.09895 ], [ 6.58218, 52.09924 ], [ 6.58214, 52.09945 ], [ 6.582, 52.09967 ], [ 6.582, 52.0998 ], [ 6.58209, 52.10002 ], [ 6.5807, 52.10112 ], [ 6.58055, 52.10119 ], [ 6.58033, 52.10126 ], [ 6.57928, 52.10119 ], [ 6.57941, 52.10187 ], [ 6.57891, 52.10219 ], [ 6.57851, 52.10239 ], [ 6.57811, 52.10302 ], [ 6.57803, 52.10396 ], [ 6.57823, 52.10394 ], [ 6.57958, 52.10332 ], [ 6.5806, 52.10291 ], [ 6.58113, 52.10277 ], [ 6.58209, 52.10351 ], [ 6.58225, 52.10389 ], [ 6.58248, 52.10388 ], [ 6.58277, 52.10399 ], [ 6.58315, 52.10436 ], [ 6.58329, 52.10441 ], [ 6.58377, 52.10504 ], [ 6.58525, 52.10481 ], [ 6.58589, 52.10452 ], [ 6.58743, 52.10315 ], [ 6.58803, 52.10414 ], [ 6.58911, 52.10579 ], [ 6.58633, 52.10677 ], [ 6.58641, 52.10705 ], [ 6.58672, 52.10743 ], [ 6.58666, 52.1078 ], [ 6.5862, 52.1081 ], [ 6.58682, 52.10858 ], [ 6.58726, 52.10912 ], [ 6.58703, 52.1101 ], [ 6.58672, 52.11025 ], [ 6.58532, 52.11049 ], [ 6.58332, 52.11028 ], [ 6.58287, 52.11102 ], [ 6.58122, 52.11098 ], [ 6.58084, 52.11094 ] ] } },
{ "type": "Feature", "properties": { "klompenpad_naam": "Pleijenpad", "url": "https://klompenpaden.nl/klompenpaden/Pleijenpad/6ae379ca-5732-4213-8119-98dffef2c040", "date": null }, "geometry": { "type": "LineString", "coordinates": [ [ 5.96909, 51.96287 ], [ 5.96832, 51.96277 ], [ 5.96797, 51.96308 ], [ 5.96774, 51.96339 ], [ 5.96756, 51.96351 ], [ 5.96542, 51.96342 ], [ 5.96465, 51.96344 ], [ 5.96456, 51.96373 ], [ 5.96439, 51.96394 ], [ 5.96443, 51.96408 ], [ 5.96454, 51.96428 ], [ 5.96458, 51.96441 ], [ 5.965, 51.96432 ], [ 5.96511, 51.96453 ], [ 5.96521, 51.9646 ], [ 5.96528, 51.96475 ], [ 5.96535, 51.96479 ], [ 5.96527, 51.96497 ], [ 5.96382, 51.96587 ], [ 5.96288, 51.96653 ], [ 5.96252, 51.96675 ], [ 5.96227, 51.96697 ], [ 5.96229, 51.96703 ], [ 5.96214, 51.96712 ], [ 5.96131, 51.96658 ], [ 5.96067, 51.96609 ], [ 5.96024, 51.96564 ], [ 5.95991, 51.96525 ], [ 5.9589, 51.96412 ], [ 5.95862, 51.96402 ], [ 5.95838, 51.96396 ], [ 5.95814, 51.96381 ], [ 5.95791, 51.96362 ], [ 5.95621, 51.96418 ], [ 5.95543, 51.96464 ], [ 5.95515, 51.96465 ], [ 5.95484, 51.96454 ], [ 5.95466, 51.96433 ], [ 5.95437, 51.96439 ], [ 5.95462, 51.9646 ], [ 5.95412, 51.96508 ], [ 5.95397, 51.96509 ], [ 5.95353, 51.96456 ], [ 5.95228, 51.96312 ], [ 5.95137, 51.96166 ], [ 5.95109, 51.9612 ], [ 5.9507, 51.96026 ], [ 5.95044, 51.95944 ], [ 5.95018, 51.95828 ], [ 5.9502, 51.95724 ], [ 5.95028, 51.95625 ], [ 5.95043, 51.95555 ], [ 5.95081, 51.95474 ], [ 5.95085, 51.95414 ], [ 5.95125, 51.95342 ], [ 5.95146, 51.95301 ], [ 5.95218, 51.95224 ], [ 5.95259, 51.95233 ], [ 5.95281, 51.95208 ], [ 5.95311, 51.9519 ], [ 5.95337, 51.95177 ], [ 5.95372, 51.95166 ], [ 5.95428, 51.95164 ], [ 5.95491, 51.95158 ], [ 5.95541, 51.95149 ], [ 5.95485, 51.95072 ], [ 5.95511, 51.95039 ], [ 5.95596, 51.94996 ], [ 5.95611, 51.94965 ], [ 5.95685, 51.9492 ], [ 5.95709, 51.94876 ], [ 5.95755, 51.94836 ], [ 5.95801, 51.94849 ], [ 5.95823, 51.94843 ], [ 5.9593, 51.94787 ], [ 5.96017, 51.94729 ], [ 5.96094, 51.94654 ], [ 5.96102, 51.94639 ], [ 5.96066, 51.94615 ], [ 5.96151, 51.94553 ], [ 5.96155, 51.94536 ], [ 5.96217, 51.94473 ], [ 5.96219, 51.94455 ], [ 5.96195, 51.94434 ], [ 5.96238, 51.94394 ], [ 5.96279, 51.94312 ], [ 5.96284, 51.94291 ], [ 5.96329, 51.943 ], [ 5.96404, 51.94311 ], [ 5.96458, 51.94322 ], [ 5.96486, 51.94315 ], [ 5.96508, 51.94264 ], [ 5.96529, 51.94233 ], [ 5.96549, 51.94216 ], [ 5.96565, 51.94213 ], [ 5.96579, 51.94216 ], [ 5.96595, 51.94232 ], [ 5.96606, 51.94239 ], [ 5.96652, 51.9423 ], [ 5.96668, 51.9423 ], [ 5.96728, 51.94251 ], [ 5.96736, 51.94243 ], [ 5.96778, 51.94215 ], [ 5.96835, 51.9419 ], [ 5.96904, 51.94164 ], [ 5.96937, 51.94105 ], [ 5.96946, 51.94093 ], [ 5.96957, 51.94091 ], [ 5.97005, 51.94094 ], [ 5.97061, 51.9408 ], [ 5.97075, 51.94081 ], [ 5.97097, 51.94101 ], [ 5.97128, 51.94115 ], [ 5.97154, 51.94119 ], [ 5.97233, 51.94108 ], [ 5.97245, 51.94114 ], [ 5.97265, 51.94145 ], [ 5.97258, 51.9415 ], [ 5.9722, 51.94155 ], [ 5.97197, 51.94152 ], [ 5.9714, 51.94163 ], [ 5.97113, 51.9418 ], [ 5.97129, 51.94203 ], [ 5.97142, 51.94185 ], [ 5.9716, 51.94177 ], [ 5.97185, 51.9417 ], [ 5.97199, 51.94202 ], [ 5.97201, 51.94216 ], [ 5.97211, 51.94221 ], [ 5.97229, 51.94266 ], [ 5.97237, 51.94266 ], [ 5.9728, 51.94239 ], [ 5.9732, 51.94254 ], [ 5.97337, 51.94257 ], [ 5.97365, 51.94234 ], [ 5.97398, 51.94239 ], [ 5.97408, 51.94166 ], [ 5.97436, 51.94139 ], [ 5.97449, 51.94134 ], [ 5.9757, 51.9414 ], [ 5.97672, 51.94164 ], [ 5.97721, 51.94177 ], [ 5.97756, 51.94184 ], [ 5.97762, 51.94193 ], [ 5.97756, 51.94207 ], [ 5.97762, 51.94214 ], [ 5.97887, 51.94242 ], [ 5.98007, 51.94287 ], [ 5.98031, 51.94292 ], [ 5.98331, 51.94301 ], [ 5.98443, 51.94294 ], [ 5.98483, 51.94373 ], [ 5.98509, 51.94402 ], [ 5.98574, 51.94457 ], [ 5.98598, 51.94487 ], [ 5.98618, 51.94519 ], [ 5.98628, 51.94553 ], [ 5.98686, 51.94644 ], [ 5.98651, 51.9465 ], [ 5.98718, 51.94726 ], [ 5.988, 51.94814 ], [ 5.98968, 51.94975 ], [ 5.98957, 51.94983 ], [ 5.98917, 51.95005 ], [ 5.98929, 51.95021 ], [ 5.98918, 51.95064 ], [ 5.98924, 51.95082 ], [ 5.98942, 51.95108 ], [ 5.98946, 51.95118 ], [ 5.98942, 51.95127 ], [ 5.98886, 51.95151 ], [ 5.98854, 51.95175 ], [ 5.98847, 51.9519 ], [ 5.98853, 51.95201 ], [ 5.98895, 51.95237 ], [ 5.98934, 51.95246 ], [ 5.98949, 51.95242 ], [ 5.99088, 51.95186 ], [ 5.99146, 51.95165 ], [ 5.99169, 51.95189 ], [ 5.99192, 51.95216 ], [ 5.99206, 51.9521 ], [ 5.99221, 51.95208 ], [ 5.99232, 51.95214 ], [ 5.99265, 51.95244 ], [ 5.99314, 51.95227 ], [ 5.99349, 51.95229 ], [ 5.99385, 51.9527 ], [ 5.99399, 51.95298 ], [ 5.99395, 51.9531 ], [ 5.99406, 51.95332 ], [ 5.99432, 51.95364 ], [ 5.99474, 51.95404 ], [ 5.99518, 51.95451 ], [ 5.9951, 51.95456 ], [ 5.99456, 51.95475 ], [ 5.99409, 51.95426 ], [ 5.99391, 51.95432 ], [ 5.99467, 51.95516 ], [ 5.99307, 51.95564 ], [ 5.99186, 51.95603 ], [ 5.9865, 51.9576 ], [ 5.98595, 51.95603 ], [ 5.98566, 51.95532 ], [ 5.98479, 51.95575 ], [ 5.98215, 51.95681 ], [ 5.98174, 51.9562 ], [ 5.98166, 51.95601 ], [ 5.98143, 51.95607 ], [ 5.98153, 51.95626 ], [ 5.98164, 51.95629 ], [ 5.98195, 51.95677 ], [ 5.9814, 51.95698 ], [ 5.98152, 51.95707 ], [ 5.97941, 51.95799 ], [ 5.97866, 51.95836 ], [ 5.97824, 51.95855 ], [ 5.97764, 51.95888 ], [ 5.97754, 51.95907 ], [ 5.97731, 51.95921 ], [ 5.97704, 51.95929 ], [ 5.97617, 51.95973 ], [ 5.9753, 51.96007 ], [ 5.97465, 51.96042 ], [ 5.97395, 51.96087 ], [ 5.97388, 51.96082 ], [ 5.97143, 51.96215 ], [ 5.97028, 51.96266 ], [ 5.97017, 51.96284 ], [ 5.96983, 51.96301 ] ] } },
{ "type": "Feature", "properties": { "klompenpad_naam": "Aalderpad", "url": "https://klompenpaden.nl/klompenpaden/Aalderpad/0cf26088-5c63-44f6-82e2-41518271f89e", "date": null }, "geometry": { "type": "LineString", "coordinates": [ [ 5.21389, 51.77386 ], [ 5.21333, 51.774 ], [ 5.21283, 51.77407 ], [ 5.21172, 51.77443 ], [ 5.21152, 51.77455 ], [ 5.21142, 51.77468 ], [ 5.21137, 51.77484 ], [ 5.20912, 51.77475 ], [ 5.20775, 51.77473 ], [ 5.20713, 51.77474 ], [ 5.2065, 51.77472 ], [ 5.2076, 51.7719 ], [ 5.20595, 51.77177 ], [ 5.20488, 51.77181 ], [ 5.20447, 51.77179 ], [ 5.20401, 51.77169 ], [ 5.20266, 51.77119 ], [ 5.20051, 51.77051 ], [ 5.19859, 51.7733 ], [ 5.1985, 51.77338 ], [ 5.19584, 51.77253 ], [ 5.19214, 51.7768 ], [ 5.18108, 51.77581 ], [ 5.17802, 51.77929 ], [ 5.17956, 51.77963 ], [ 5.18107, 51.77959 ], [ 5.18164, 51.77965 ], [ 5.18336, 51.77977 ], [ 5.18737, 51.77992 ], [ 5.18761, 51.77997 ], [ 5.18801, 51.78022 ], [ 5.18827, 51.78028 ], [ 5.18836, 51.78036 ], [ 5.18828, 51.78045 ], [ 5.18827, 51.78056 ], [ 5.18841, 51.78062 ], [ 5.18856, 51.78063 ], [ 5.18859, 51.78071 ], [ 5.18862, 51.78113 ], [ 5.18851, 51.78151 ], [ 5.18858, 51.78205 ], [ 5.18891, 51.78209 ], [ 5.189, 51.78226 ], [ 5.18892, 51.78263 ], [ 5.18865, 51.78344 ], [ 5.18874, 51.78355 ], [ 5.19274, 51.78445 ], [ 5.19464, 51.78732 ], [ 5.19467, 51.78749 ], [ 5.19664, 51.78787 ], [ 5.19719, 51.78777 ], [ 5.19774, 51.78755 ], [ 5.19837, 51.78722 ], [ 5.19907, 51.78694 ], [ 5.19974, 51.78675 ], [ 5.2069, 51.78729 ], [ 5.20759, 51.7871 ], [ 5.20918, 51.78733 ], [ 5.20932, 51.78738 ], [ 5.20952, 51.78749 ], [ 5.2113, 51.7877 ], [ 5.21169, 51.78771 ], [ 5.21177, 51.78769 ], [ 5.22102, 51.78844 ], [ 5.22366, 51.78734 ], [ 5.22457, 51.78802 ], [ 5.22668, 51.78865 ], [ 5.22684, 51.78891 ], [ 5.23086, 51.78932 ], [ 5.23103, 51.78881 ], [ 5.22946, 51.78666 ], [ 5.22858, 51.78578 ], [ 5.22827, 51.78538 ], [ 5.22778, 51.78494 ], [ 5.2268, 51.78438 ], [ 5.22549, 51.78335 ], [ 5.22501, 51.78319 ], [ 5.22454, 51.78307 ], [ 5.22463, 51.78299 ], [ 5.22504, 51.78314 ], [ 5.22725, 51.78173 ], [ 5.22542, 51.78058 ], [ 5.2241, 51.77977 ], [ 5.22304, 51.78056 ], [ 5.22138, 51.78163 ], [ 5.22112, 51.78174 ], [ 5.21863, 51.77983 ], [ 5.21807, 51.77936 ], [ 5.21819, 51.77931 ], [ 5.21807, 51.77918 ], [ 5.21906, 51.77875 ], [ 5.22009, 51.77829 ], [ 5.22153, 51.77761 ], [ 5.22112, 51.77736 ], [ 5.22104, 51.77728 ], [ 5.22087, 51.77677 ], [ 5.22194, 51.77638 ], [ 5.22235, 51.77616 ], [ 5.22212, 51.77603 ], [ 5.22182, 51.77588 ], [ 5.22046, 51.77548 ], [ 5.22072, 51.77512 ], [ 5.22094, 51.77476 ], [ 5.221, 51.7745 ], [ 5.219, 51.77421 ], [ 5.21688, 51.77385 ], [ 5.21663, 51.77377 ], [ 5.21641, 51.77364 ], [ 5.21626, 51.77348 ], [ 5.2159, 51.77318 ], [ 5.21516, 51.773 ], [ 5.21465, 51.77295 ], [ 5.21414, 51.77293 ], [ 5.21411, 51.77334 ], [ 5.21406, 51.77354 ], [ 5.21404, 51.77384 ], [ 5.21387, 51.77386 ] ] } },
{ "type": "Feature", "properties": { "klompenpad_naam": "Wolferensepad", "url": "https://klompenpaden.nl/klompenpaden/Wolferensepad/5d029c6d-671f-4caf-af6a-6888c1eb5737", "date": null }, "geometry": { "type": "LineString", "coordinates": [ [ 5.73773, 51.90948 ], [ 5.73723, 51.91 ], [ 5.73688, 51.90985 ], [ 5.73505, 51.90945 ], [ 5.73467, 51.9093 ], [ 5.73418, 51.9089 ], [ 5.73369, 51.90867 ], [ 5.73295, 51.9084 ], [ 5.73212, 51.90815 ], [ 5.731, 51.90785 ], [ 5.73018, 51.90764 ], [ 5.72884, 51.90738 ], [ 5.72888, 51.90729 ], [ 5.72888, 51.90696 ], [ 5.72884, 51.90683 ], [ 5.72868, 51.90659 ], [ 5.7286, 51.90654 ], [ 5.72773, 51.90616 ], [ 5.72749, 51.906 ], [ 5.72738, 51.90583 ], [ 5.72743, 51.90573 ], [ 5.72745, 51.90564 ], [ 5.7274, 51.90557 ], [ 5.727, 51.90517 ], [ 5.72686, 51.90507 ], [ 5.72676, 51.90501 ], [ 5.72592, 51.90476 ], [ 5.72587, 51.90472 ], [ 5.72587, 51.90469 ], [ 5.72591, 51.90462 ], [ 5.72616, 51.90434 ], [ 5.72627, 51.90426 ], [ 5.7267, 51.90404 ], [ 5.72662, 51.90393 ], [ 5.72669, 51.90377 ], [ 5.72725, 51.90312 ], [ 5.72658, 51.90281 ], [ 5.72531, 51.90227 ], [ 5.72416, 51.90173 ], [ 5.72274, 51.9013 ], [ 5.72268, 51.90123 ], [ 5.72266, 51.90116 ], [ 5.72271, 51.90071 ], [ 5.72281, 51.89998 ], [ 5.72282, 51.89941 ], [ 5.72286, 51.89914 ], [ 5.72293, 51.89885 ], [ 5.72294, 51.89817 ], [ 5.72278, 51.89559 ], [ 5.72275, 51.89552 ], [ 5.7227, 51.89547 ], [ 5.72264, 51.89545 ], [ 5.72252, 51.89543 ], [ 5.72185, 51.89543 ], [ 5.72169, 51.89542 ], [ 5.72149, 51.89535 ], [ 5.72114, 51.89516 ], [ 5.72109, 51.89508 ], [ 5.72108, 51.89503 ], [ 5.72112, 51.89497 ], [ 5.71909, 51.89394 ], [ 5.71884, 51.89407 ], [ 5.71823, 51.89374 ], [ 5.71827, 51.8934 ], [ 5.71557, 51.89318 ], [ 5.7155, 51.893 ], [ 5.7156, 51.89288 ], [ 5.71576, 51.89278 ], [ 5.71663, 51.89245 ], [ 5.7173, 51.89206 ], [ 5.71791, 51.89177 ], [ 5.71887, 51.89155 ], [ 5.71956, 51.89117 ], [ 5.72087, 51.89084 ], [ 5.72159, 51.89057 ], [ 5.72235, 51.89024 ], [ 5.72377, 51.88994 ], [ 5.72483, 51.88956 ], [ 5.72695, 51.88896 ], [ 5.72903, 51.88855 ], [ 5.73192, 51.88803 ], [ 5.73395, 51.8878 ], [ 5.73488, 51.88758 ], [ 5.73732, 51.88744 ], [ 5.73842, 51.88722 ], [ 5.73927, 51.88722 ], [ 5.73963, 51.88734 ], [ 5.74017, 51.88727 ], [ 5.74048, 51.88709 ], [ 5.74117, 51.88707 ], [ 5.74165, 51.887 ], [ 5.74191, 51.88709 ], [ 5.74222, 51.88715 ], [ 5.74337, 51.88691 ], [ 5.74379, 51.88681 ], [ 5.74415, 51.88675 ], [ 5.7446, 51.88666 ], [ 5.74632, 51.88639 ], [ 5.74766, 51.8862 ], [ 5.74966, 51.88577 ], [ 5.75008, 51.8857 ], [ 5.75062, 51.88553 ], [ 5.75217, 51.88517 ], [ 5.75307, 51.88502 ], [ 5.75348, 51.88498 ], [ 5.75398, 51.88486 ], [ 5.75441, 51.88477 ], [ 5.75489, 51.8847 ], [ 5.75515, 51.88457 ], [ 5.75568, 51.88444 ], [ 5.75629, 51.88423 ], [ 5.75762, 51.88393 ], [ 5.7585, 51.88361 ], [ 5.75928, 51.88349 ], [ 5.76009, 51.88315 ], [ 5.76081, 51.88291 ], [ 5.76345, 51.88245 ], [ 5.76486, 51.88222 ], [ 5.76539, 51.88212 ], [ 5.76635, 51.88231 ], [ 5.76669, 51.88248 ], [ 5.76737, 51.88322 ], [ 5.76775, 51.8837 ], [ 5.76813, 51.88431 ], [ 5.76813, 51.88451 ], [ 5.76804, 51.88462 ], [ 5.768, 51.8847 ], [ 5.76783, 51.88477 ], [ 5.76727, 51.8849 ], [ 5.76647, 51.88505 ], [ 5.76617, 51.88505 ], [ 5.7657, 51.88498 ], [ 5.76523, 51.88499 ], [ 5.76461, 51.88514 ], [ 5.7633, 51.8854 ], [ 5.76293, 51.88545 ], [ 5.76274, 51.88527 ], [ 5.76207, 51.88543 ], [ 5.76161, 51.88548 ], [ 5.76056, 51.88556 ], [ 5.76037, 51.88562 ], [ 5.7603, 51.88587 ], [ 5.76026, 51.88592 ], [ 5.75966, 51.88589 ], [ 5.75907, 51.88591 ], [ 5.75851, 51.88587 ], [ 5.75831, 51.8859 ], [ 5.75817, 51.886 ], [ 5.75815, 51.88609 ], [ 5.75808, 51.88618 ], [ 5.75844, 51.8864 ], [ 5.75889, 51.88679 ], [ 5.75889, 51.8869 ], [ 5.75886, 51.88699 ], [ 5.75885, 51.88704 ], [ 5.75888, 51.88716 ], [ 5.75898, 51.888 ], [ 5.75911, 51.88874 ], [ 5.75358, 51.88912 ], [ 5.75341, 51.89068 ], [ 5.75332, 51.89177 ], [ 5.75432, 51.89177 ], [ 5.75433, 51.89169 ], [ 5.75583, 51.89169 ], [ 5.75785, 51.89173 ], [ 5.75992, 51.89189 ], [ 5.76312, 51.8922 ], [ 5.76614, 51.89284 ], [ 5.76609, 51.89296 ], [ 5.76594, 51.89295 ], [ 5.76589, 51.89302 ], [ 5.7663, 51.89314 ], [ 5.76675, 51.89323 ], [ 5.76652, 51.89365 ], [ 5.76585, 51.89514 ], [ 5.76581, 51.89531 ], [ 5.76574, 51.8955 ], [ 5.76529, 51.89655 ], [ 5.76532, 51.89669 ], [ 5.76536, 51.89676 ], [ 5.76572, 51.89716 ], [ 5.7659, 51.89727 ], [ 5.76497, 51.89735 ], [ 5.76446, 51.89727 ], [ 5.76446, 51.89721 ], [ 5.76452, 51.89704 ], [ 5.7651, 51.89567 ], [ 5.76524, 51.89536 ], [ 5.7615, 51.89469 ], [ 5.75461, 51.89432 ], [ 5.75459, 51.8943 ], [ 5.75454, 51.89416 ], [ 5.7544, 51.89363 ], [ 5.75364, 51.89375 ], [ 5.75337, 51.89382 ], [ 5.75302, 51.89404 ], [ 5.75204, 51.89481 ], [ 5.75123, 51.89547 ], [ 5.75096, 51.89566 ], [ 5.75033, 51.896 ], [ 5.74983, 51.89622 ], [ 5.7494, 51.89638 ], [ 5.74926, 51.89638 ], [ 5.74891, 51.89628 ], [ 5.74875, 51.89616 ], [ 5.74867, 51.89588 ], [ 5.74858, 51.89583 ], [ 5.7485, 51.89582 ], [ 5.74839, 51.89583 ], [ 5.74829, 51.89588 ], [ 5.74823, 51.89594 ], [ 5.74805, 51.89617 ], [ 5.74734, 51.89698 ], [ 5.74714, 51.89718 ], [ 5.7467, 51.8974 ], [ 5.74678, 51.89747 ], [ 5.74763, 51.89808 ], [ 5.74811, 51.89848 ], [ 5.74854, 51.89888 ], [ 5.74851, 51.89892 ], [ 5.74762, 51.89931 ], [ 5.74709, 51.8995 ], [ 5.74582, 51.89988 ], [ 5.74504, 51.90028 ], [ 5.74349, 51.9012 ], [ 5.74337, 51.90121 ], [ 5.74152, 51.90118 ], [ 5.74108, 51.90116 ], [ 5.7392, 51.90099 ], [ 5.73895, 51.90168 ], [ 5.73757, 51.90501 ], [ 5.73757, 51.90508 ], [ 5.73869, 51.9053 ], [ 5.7404, 51.90568 ], [ 5.74028, 51.90602 ], [ 5.73964, 51.90584 ], [ 5.73905, 51.90575 ], [ 5.73897, 51.90583 ], [ 5.73868, 51.90621 ], [ 5.73857, 51.90623 ], [ 5.73824, 51.90676 ], [ 5.7382, 51.90685 ], [ 5.7381, 51.90741 ], [ 5.73799, 51.9075 ], [ 5.73792, 51.90789 ], [ 5.73788, 51.90804 ], [ 5.73801, 51.90815 ], [ 5.73795, 51.90864 ], [ 5.73807, 51.90873 ], [ 5.73801, 51.90903 ], [ 5.7381, 51.90909 ], [ 5.7386, 51.90928 ], [ 5.73822, 51.90966 ], [ 5.73773, 51.90948 ] ] } },
{ "type": "Feature", "properties": { "klompenpad_naam": "Ocannipad", "url": "https://klompenpaden.nl/klompenpaden/Ocannipad/b88d2e7e-bfbd-4b4c-802f-d8374f2addaa", "date": null }, "geometry": { "type": "LineString", "coordinates": [ [ 6.13581, 52.12207 ], [ 6.13584, 52.12282 ], [ 6.13589, 52.12301 ], [ 6.13653, 52.12297 ], [ 6.13668, 52.12319 ], [ 6.13685, 52.12348 ], [ 6.13692, 52.12373 ], [ 6.13681, 52.12486 ], [ 6.13682, 52.12501 ], [ 6.13641, 52.12512 ], [ 6.13593, 52.12531 ], [ 6.13588, 52.12571 ], [ 6.13545, 52.1269 ], [ 6.13527, 52.12732 ], [ 6.13505, 52.12752 ], [ 6.13505, 52.12758 ], [ 6.13454, 52.12788 ], [ 6.13441, 52.12801 ], [ 6.13442, 52.1282 ], [ 6.13453, 52.12833 ], [ 6.1351, 52.12875 ], [ 6.13577, 52.12872 ], [ 6.13604, 52.12863 ], [ 6.13634, 52.12847 ], [ 6.13654, 52.12847 ], [ 6.13665, 52.12849 ], [ 6.13675, 52.12853 ], [ 6.13699, 52.12871 ], [ 6.13686, 52.12877 ], [ 6.13651, 52.12886 ], [ 6.13642, 52.12912 ], [ 6.1365, 52.12932 ], [ 6.13679, 52.12948 ], [ 6.13716, 52.12959 ], [ 6.1374, 52.12961 ], [ 6.13758, 52.12955 ], [ 6.13814, 52.12908 ], [ 6.13849, 52.12887 ], [ 6.13889, 52.12874 ], [ 6.13928, 52.1288 ], [ 6.13886, 52.12952 ], [ 6.13862, 52.12998 ], [ 6.13869, 52.13005 ], [ 6.14357, 52.13146 ], [ 6.14508, 52.13202 ], [ 6.14755, 52.13245 ], [ 6.14793, 52.13254 ], [ 6.15146, 52.13309 ], [ 6.15252, 52.1331 ], [ 6.15247, 52.13304 ], [ 6.15268, 52.13215 ], [ 6.15303, 52.13199 ], [ 6.15381, 52.13172 ], [ 6.15429, 52.13161 ], [ 6.15486, 52.13152 ], [ 6.15522, 52.13141 ], [ 6.15501, 52.13045 ], [ 6.15482, 52.12994 ], [ 6.15458, 52.1296 ], [ 6.15437, 52.12924 ], [ 6.1543, 52.12893 ], [ 6.15322, 52.12886 ], [ 6.15294, 52.12881 ], [ 6.15286, 52.12874 ], [ 6.15285, 52.1284 ], [ 6.15288, 52.12829 ], [ 6.15286, 52.12825 ], [ 6.15256, 52.12827 ], [ 6.15219, 52.12818 ], [ 6.1515, 52.12795 ], [ 6.15111, 52.12785 ], [ 6.15067, 52.12782 ], [ 6.15008, 52.12784 ], [ 6.15004, 52.12778 ], [ 6.15228, 52.12514 ], [ 6.15285, 52.12467 ], [ 6.15379, 52.12418 ], [ 6.15411, 52.12397 ], [ 6.15287, 52.1235 ], [ 6.15205, 52.12312 ], [ 6.1517, 52.12279 ], [ 6.15143, 52.12226 ], [ 6.15137, 52.12164 ], [ 6.14533, 52.12236 ], [ 6.1427, 52.12199 ], [ 6.14159, 52.12127 ], [ 6.14137, 52.1211 ], [ 6.14125, 52.12091 ], [ 6.14148, 52.12042 ], [ 6.14197, 52.12015 ], [ 6.14237, 52.11979 ], [ 6.14242, 52.11914 ], [ 6.14262, 52.11857 ], [ 6.14201, 52.11841 ], [ 6.1422, 52.11785 ], [ 6.1422, 52.11771 ], [ 6.1418, 52.1171 ], [ 6.14177, 52.11686 ], [ 6.14182, 52.11661 ], [ 6.1422, 52.11662 ], [ 6.14252, 52.11661 ], [ 6.14264, 52.11657 ], [ 6.14267, 52.11652 ], [ 6.14294, 52.11632 ], [ 6.14314, 52.11626 ], [ 6.1439, 52.11619 ], [ 6.14424, 52.11612 ], [ 6.145, 52.11591 ], [ 6.14512, 52.11605 ], [ 6.14681, 52.11554 ], [ 6.14664, 52.11522 ], [ 6.14764, 52.11531 ], [ 6.14849, 52.11534 ], [ 6.14895, 52.1153 ], [ 6.14912, 52.11525 ], [ 6.14936, 52.11462 ], [ 6.14972, 52.1148 ], [ 6.15065, 52.11515 ], [ 6.1512, 52.1153 ], [ 6.15365, 52.11541 ], [ 6.15458, 52.11542 ], [ 6.1555, 52.11535 ], [ 6.15644, 52.11525 ], [ 6.15678, 52.1143 ], [ 6.15657, 52.11426 ], [ 6.15664, 52.11406 ], [ 6.15664, 52.11379 ], [ 6.15668, 52.11337 ], [ 6.15661, 52.11295 ], [ 6.15654, 52.11269 ], [ 6.15612, 52.11192 ], [ 6.15502, 52.11184 ], [ 6.15444, 52.11176 ], [ 6.15366, 52.11149 ], [ 6.15336, 52.11134 ], [ 6.15296, 52.11103 ], [ 6.15234, 52.11097 ], [ 6.15142, 52.11101 ], [ 6.14992, 52.11119 ], [ 6.14915, 52.11135 ], [ 6.14861, 52.11135 ], [ 6.1475, 52.11129 ], [ 6.14783, 52.11072 ], [ 6.14727, 52.11059 ], [ 6.14628, 52.1101 ], [ 6.14592, 52.11008 ], [ 6.14474, 52.11009 ], [ 6.14227, 52.10953 ], [ 6.14142, 52.10898 ], [ 6.14085, 52.10871 ], [ 6.14015, 52.10832 ], [ 6.13975, 52.10815 ], [ 6.13603, 52.10799 ], [ 6.13544, 52.1092 ], [ 6.13535, 52.10918 ], [ 6.1347, 52.11049 ], [ 6.13453, 52.11058 ], [ 6.13431, 52.11095 ], [ 6.13433, 52.11115 ], [ 6.13469, 52.11228 ], [ 6.13464, 52.1124 ], [ 6.13443, 52.11249 ], [ 6.13389, 52.11256 ], [ 6.13355, 52.11265 ], [ 6.13286, 52.113 ], [ 6.13282, 52.11307 ], [ 6.13153, 52.11602 ], [ 6.13136, 52.11607 ], [ 6.13054, 52.11791 ], [ 6.13046, 52.11814 ], [ 6.13068, 52.1183 ], [ 6.13114, 52.11839 ], [ 6.13144, 52.11831 ], [ 6.13279, 52.11854 ], [ 6.13206, 52.12039 ], [ 6.12913, 52.11997 ], [ 6.12857, 52.1209 ], [ 6.129, 52.12168 ], [ 6.12958, 52.12191 ], [ 6.13149, 52.12211 ], [ 6.13213, 52.12216 ], [ 6.1323, 52.12208 ], [ 6.1335, 52.12227 ], [ 6.13453, 52.12212 ], [ 6.13517, 52.12208 ], [ 6.13581, 52.12207 ] ] } },
{ "type": "Feature", "properties": { "klompenpad_naam": "Burensepad", "url": "https://klompenpaden.nl/klompenpaden/Burensepad/3704587c-7e79-4627-9b5c-7ca4f6156007", "date": null }, "geometry": { "type": "LineString", "coordinates": [ [ 5.32061, 51.90908 ], [ 5.32093, 51.90909 ], [ 5.32097, 51.90943 ], [ 5.32116, 51.90953 ], [ 5.3217, 51.90964 ], [ 5.32185, 51.90961 ], [ 5.32206, 51.90916 ], [ 5.32531, 51.91058 ], [ 5.32584, 51.9106 ], [ 5.32584, 51.91129 ], [ 5.32546, 51.91179 ], [ 5.32614, 51.91205 ], [ 5.32637, 51.91212 ], [ 5.32646, 51.91208 ], [ 5.3267, 51.91218 ], [ 5.32688, 51.91262 ], [ 5.32728, 51.91307 ], [ 5.32739, 51.91314 ], [ 5.32758, 51.91321 ], [ 5.32806, 51.91322 ], [ 5.32827, 51.91301 ], [ 5.32866, 51.91301 ], [ 5.32889, 51.91297 ], [ 5.32904, 51.91281 ], [ 5.32917, 51.91278 ], [ 5.32937, 51.91278 ], [ 5.32956, 51.91266 ], [ 5.3298, 51.91254 ], [ 5.32971, 51.91231 ], [ 5.32976, 51.91218 ], [ 5.33002, 51.91214 ], [ 5.33008, 51.91192 ], [ 5.33072, 51.91182 ], [ 5.33086, 51.91191 ], [ 5.33091, 51.912 ], [ 5.3206, 51.90909 ], [ 5.32005, 51.90919 ], [ 5.31956, 51.90922 ], [ 5.31895, 51.90914 ], [ 5.31801, 51.90887 ], [ 5.31706, 51.90928 ], [ 5.31618, 51.90976 ], [ 5.31491, 51.90901 ], [ 5.31419, 51.90847 ], [ 5.3121, 51.90945 ], [ 5.31416, 51.9108 ], [ 5.31409, 51.91094 ], [ 5.31461, 51.91135 ], [ 5.31468, 51.91149 ], [ 5.31495, 51.91152 ], [ 5.31599, 51.9122 ], [ 5.31662, 51.91202 ], [ 5.32046, 51.91376 ], [ 5.32029, 51.91434 ], [ 5.32034, 51.9145 ], [ 5.32077, 51.91472 ], [ 5.3235, 51.91576 ], [ 5.32372, 51.91592 ], [ 5.32804, 51.91759 ], [ 5.32831, 51.91755 ], [ 5.3285, 51.91736 ], [ 5.33091, 51.91199 ], [ 5.33117, 51.91191 ], [ 5.33108, 51.91178 ], [ 5.333, 51.91158 ], [ 5.3333, 51.91146 ], [ 5.33515, 51.9134 ], [ 5.33536, 51.91344 ], [ 5.33634, 51.91329 ], [ 5.33699, 51.91315 ], [ 5.33717, 51.9131 ], [ 5.33762, 51.91272 ], [ 5.33782, 51.91258 ], [ 5.33809, 51.91271 ], [ 5.3389, 51.91284 ], [ 5.33929, 51.91288 ], [ 5.33993, 51.91289 ], [ 5.34018, 51.91295 ], [ 5.34032, 51.91307 ], [ 5.34059, 51.91529 ], [ 5.34008, 51.91568 ], [ 5.33982, 51.91623 ], [ 5.34095, 51.91679 ], [ 5.34121, 51.91777 ], [ 5.3363, 51.9185 ], [ 5.33572, 51.91768 ], [ 5.33546, 51.91735 ], [ 5.33473, 51.91659 ], [ 5.33397, 51.91591 ], [ 5.33246, 51.91473 ], [ 5.33227, 51.91458 ], [ 5.33207, 51.91451 ], [ 5.33196, 51.9145 ], [ 5.33178, 51.91445 ], [ 5.33171, 51.91437 ], [ 5.33169, 51.91429 ], [ 5.33165, 51.91427 ], [ 5.33161, 51.91432 ], [ 5.3316, 51.9144 ], [ 5.329, 51.91681 ], [ 5.32895, 51.91693 ], [ 5.32849, 51.91736 ] ] } },
{ "type": "Feature", "properties": { "klompenpad_naam": "Mauderick-en-Wielepad", "url": "https://klompenpaden.nl/klompenpaden/Mauderick-en-Wielepad/fecf8b7a-2250-4e10-be58-d9c536e38d72", "date": null }, "geometry": { "type": "LineString", "coordinates": [ [ 5.43412, 51.9726 ], [ 5.43357, 51.97241 ], [ 5.43282, 51.972 ], [ 5.43203, 51.97151 ], [ 5.43033, 51.97037 ], [ 5.43004, 51.97023 ], [ 5.42967, 51.97016 ], [ 5.42955, 51.96997 ], [ 5.42928, 51.96976 ], [ 5.429, 51.96959 ], [ 5.42762, 51.96904 ], [ 5.42687, 51.9686 ], [ 5.4261, 51.96804 ], [ 5.42553, 51.96757 ], [ 5.42519, 51.96736 ], [ 5.42485, 51.96721 ], [ 5.42498, 51.96701 ], [ 5.42527, 51.96709 ], [ 5.42563, 51.96729 ], [ 5.42592, 51.96729 ], [ 5.42601, 51.96614 ], [ 5.42622, 51.96471 ], [ 5.42663, 51.96419 ], [ 5.42681, 51.96414 ], [ 5.42782, 51.96446 ], [ 5.4291, 51.96518 ], [ 5.43049, 51.96581 ], [ 5.43086, 51.96623 ], [ 5.43147, 51.96639 ], [ 5.43148, 51.96587 ], [ 5.43144, 51.96537 ], [ 5.43119, 51.96467 ], [ 5.43104, 51.96438 ], [ 5.43052, 51.96389 ], [ 5.43018, 51.96334 ], [ 5.42969, 51.96184 ], [ 5.43062, 51.96123 ], [ 5.43108, 51.96106 ], [ 5.43174, 51.96106 ], [ 5.4333, 51.96117 ], [ 5.43541, 51.96145 ], [ 5.43539, 51.96067 ], [ 5.43523, 51.95963 ], [ 5.43544, 51.9595 ], [ 5.43563, 51.95935 ], [ 5.43636, 51.95926 ], [ 5.43625, 51.95889 ], [ 5.43642, 51.9591 ], [ 5.43953, 51.95867 ], [ 5.43849, 51.95595 ], [ 5.43826, 51.95549 ], [ 5.43875, 51.95514 ], [ 5.4391, 51.95495 ], [ 5.44042, 51.95444 ], [ 5.44147, 51.95386 ], [ 5.44201, 51.95364 ], [ 5.44298, 51.95354 ], [ 5.44339, 51.95351 ], [ 5.44365, 51.9536 ], [ 5.44485, 51.95348 ], [ 5.44605, 51.95319 ], [ 5.44637, 51.95405 ], [ 5.44674, 51.95489 ], [ 5.44762, 51.95721 ], [ 5.44803, 51.95735 ], [ 5.44865, 51.95896 ], [ 5.45051, 51.95872 ], [ 5.45178, 51.95865 ], [ 5.45193, 51.95933 ], [ 5.45282, 51.96154 ], [ 5.45347, 51.96181 ], [ 5.45365, 51.962 ], [ 5.4541, 51.96306 ], [ 5.4553, 51.9627 ], [ 5.45654, 51.96223 ], [ 5.45762, 51.96192 ], [ 5.45749, 51.96148 ], [ 5.45727, 51.96105 ], [ 5.45643, 51.959 ], [ 5.45605, 51.95826 ], [ 5.45578, 51.95748 ], [ 5.45539, 51.95658 ], [ 5.45462, 51.95462 ], [ 5.4544, 51.95414 ], [ 5.45557, 51.95444 ], [ 5.45651, 51.95453 ], [ 5.4575, 51.95459 ], [ 5.45818, 51.95459 ], [ 5.45914, 51.95454 ], [ 5.46014, 51.95465 ], [ 5.46162, 51.95478 ], [ 5.46193, 51.95546 ], [ 5.46232, 51.95622 ], [ 5.46271, 51.95693 ], [ 5.46293, 51.95741 ], [ 5.46338, 51.95826 ], [ 5.46322, 51.95833 ], [ 5.46438, 51.9607 ], [ 5.4657, 51.96313 ], [ 5.46446, 51.9636 ], [ 5.46362, 51.96382 ], [ 5.46283, 51.96396 ], [ 5.46118, 51.96309 ], [ 5.46066, 51.96162 ], [ 5.46006, 51.96142 ], [ 5.45766, 51.96197 ], [ 5.45674, 51.96222 ], [ 5.45616, 51.96242 ], [ 5.45568, 51.96262 ], [ 5.45486, 51.9629 ], [ 5.45379, 51.9632 ], [ 5.45353, 51.96332 ], [ 5.45267, 51.96455 ], [ 5.45277, 51.96535 ], [ 5.45555, 51.96868 ], [ 5.45604, 51.96982 ], [ 5.45681, 51.97034 ], [ 5.45686, 51.97048 ], [ 5.45713, 51.97153 ], [ 5.45697, 51.97154 ], [ 5.45685, 51.97169 ], [ 5.4548, 51.97197 ], [ 5.4561, 51.97541 ], [ 5.45677, 51.97711 ], [ 5.4578, 51.97699 ], [ 5.46035, 51.97618 ], [ 5.46139, 51.97728 ], [ 5.45948, 51.97781 ], [ 5.45928, 51.97767 ], [ 5.45911, 51.97771 ], [ 5.46002, 51.97938 ], [ 5.45769, 51.97965 ], [ 5.45796, 51.98043 ], [ 5.45819, 51.98059 ], [ 5.45813, 51.98068 ], [ 5.45751, 51.98078 ], [ 5.45648, 51.98076 ], [ 5.45601, 51.98078 ], [ 5.45538, 51.9809 ], [ 5.45442, 51.98147 ], [ 5.45401, 51.98165 ], [ 5.45336, 51.98169 ], [ 5.45293, 51.98166 ], [ 5.45264, 51.98152 ], [ 5.45218, 51.98106 ], [ 5.45103, 51.98062 ], [ 5.45063, 51.98045 ], [ 5.45021, 51.98044 ], [ 5.44924, 51.98001 ], [ 5.44814, 51.97948 ], [ 5.44762, 51.97933 ], [ 5.44605, 51.9792 ], [ 5.44536, 51.97919 ], [ 5.44394, 51.97937 ], [ 5.44354, 51.97944 ], [ 5.44296, 51.97901 ], [ 5.44222, 51.97837 ], [ 5.44148, 51.97763 ], [ 5.44042, 51.97682 ], [ 5.44036, 51.97659 ], [ 5.43988, 51.97654 ], [ 5.4395, 51.97646 ], [ 5.43896, 51.97613 ], [ 5.43844, 51.97577 ], [ 5.43766, 51.9752 ], [ 5.43773, 51.97512 ], [ 5.43702, 51.97445 ], [ 5.43637, 51.974 ], [ 5.43507, 51.9733 ], [ 5.43412, 51.9726 ] ] } },
{ "type": "Feature", "properties": { "klompenpad_naam": "Giesepad-KIDS", "url": "https://klompenpaden.nl/klompenpaden/Giesepad-KIDS/7e77170e-6323-456f-b77b-074bf2dbe15d", "date": null }, "geometry": { "type": "LineString", "coordinates": [ [ 6.07046, 51.99576 ], [ 6.07042, 51.99588 ], [ 6.0704, 51.99641 ], [ 6.07027, 51.99646 ], [ 6.07014, 51.99672 ], [ 6.07011, 51.99689 ], [ 6.07018, 51.997 ], [ 6.07054, 51.99799 ], [ 6.07032, 51.99805 ], [ 6.07023, 51.99821 ], [ 6.07023, 51.99843 ], [ 6.07031, 51.99954 ], [ 6.07255, 51.9996 ], [ 6.07258, 52.00012 ], [ 6.07328, 52.00017 ], [ 6.07441, 52.00003 ], [ 6.07455, 51.9999 ], [ 6.07465, 52.00007 ], [ 6.07501, 52.00035 ], [ 6.07515, 52.00052 ], [ 6.07519, 52.00054 ], [ 6.07537, 52.00055 ], [ 6.0756, 52.00068 ], [ 6.07584, 52.00092 ], [ 6.07613, 52.00149 ], [ 6.07626, 52.00191 ], [ 6.07653, 52.00194 ], [ 6.07644, 52.0022 ], [ 6.07648, 52.00229 ], [ 6.07639, 52.00233 ], [ 6.0756, 52.0023 ], [ 6.07539, 52.00216 ], [ 6.07535, 52.0021 ], [ 6.0752, 52.00151 ], [ 6.07497, 52.00135 ], [ 6.07471, 52.0012 ], [ 6.07449, 52.00102 ], [ 6.07433, 52.00071 ], [ 6.07391, 52.00045 ], [ 6.07343, 52.00027 ], [ 6.07328, 52.00017 ], [ 6.07255, 52.00011 ], [ 6.07122, 52.00004 ], [ 6.07031, 52.00001 ], [ 6.07028, 52.00022 ], [ 6.07027, 52.00041 ], [ 6.07031, 52.00197 ], [ 6.07025, 52.00205 ], [ 6.07013, 52.00212 ], [ 6.0699, 52.00215 ], [ 6.06967, 52.00216 ], [ 6.06918, 52.00214 ], [ 6.06835, 52.00219 ], [ 6.06805, 52.00203 ], [ 6.06815, 52.00196 ], [ 6.0678, 52.00176 ], [ 6.06795, 52.00174 ], [ 6.06804, 52.00178 ], [ 6.0681, 52.00172 ], [ 6.06796, 52.00168 ], [ 6.06808, 52.00165 ], [ 6.06799, 52.0016 ], [ 6.068, 52.00149 ], [ 6.06825, 52.00124 ], [ 6.06847, 52.00106 ], [ 6.06891, 52.0006 ], [ 6.06955, 51.9995 ], [ 6.07023, 51.9992 ], [ 6.07022, 51.9991 ], [ 6.06998, 51.9989 ], [ 6.06917, 51.99883 ], [ 6.06847, 51.99865 ], [ 6.06793, 51.99839 ], [ 6.06754, 51.99815 ], [ 6.06726, 51.99786 ], [ 6.06721, 51.99762 ], [ 6.06775, 51.99749 ], [ 6.0678, 51.99735 ], [ 6.06789, 51.9969 ], [ 6.06797, 51.99675 ], [ 6.06857, 51.99691 ], [ 6.06977, 51.99695 ], [ 6.07013, 51.99692 ] ] } },
{ "type": "Feature", "properties": { "klompenpad_naam": "Merckenburgsepad", "url": "https://klompenpaden.nl/klompenpaden/Merckenburgsepad/4558b667-fb17-4022-bc2e-7acfd82ab101", "date": null }, "geometry": { "type": "LineString", "coordinates": [ [ 5.06385, 51.85692 ], [ 5.06376, 51.85695 ], [ 5.06369, 51.85704 ], [ 5.0635, 51.85719 ], [ 5.06349, 51.85724 ], [ 5.06355, 51.85727 ], [ 5.06356, 51.85731 ], [ 5.06347, 51.85747 ], [ 5.06342, 51.85777 ], [ 5.06296, 51.85838 ], [ 5.06297, 51.85848 ], [ 5.063, 51.85858 ], [ 5.06367, 51.8589 ], [ 5.06427, 51.85923 ], [ 5.06442, 51.85935 ], [ 5.06501, 51.86001 ], [ 5.06581, 51.86044 ], [ 5.06561, 51.86081 ], [ 5.06562, 51.86086 ], [ 5.06565, 51.8609 ], [ 5.06595, 51.861 ], [ 5.06591, 51.86103 ], [ 5.06568, 51.86102 ], [ 5.06552, 51.86104 ], [ 5.06541, 51.86102 ], [ 5.0646, 51.86078 ], [ 5.06439, 51.86062 ], [ 5.06424, 51.86082 ], [ 5.0642, 51.86139 ], [ 5.06401, 51.86169 ], [ 5.0626, 51.86303 ], [ 5.06258, 51.86327 ], [ 5.06253, 51.86332 ], [ 5.06216, 51.86324 ], [ 5.06169, 51.86312 ], [ 5.06142, 51.86313 ], [ 5.06128, 51.86318 ], [ 5.06057, 51.86339 ], [ 5.06042, 51.86344 ], [ 5.06023, 51.86346 ], [ 5.0594, 51.86374 ], [ 5.05856, 51.86401 ], [ 5.05831, 51.86408 ], [ 5.05789, 51.86425 ], [ 5.05772, 51.86428 ], [ 5.05734, 51.86443 ], [ 5.05712, 51.86447 ], [ 5.0561, 51.86488 ], [ 5.056, 51.8649 ], [ 5.05544, 51.86512 ], [ 5.05522, 51.86516 ], [ 5.05473, 51.86549 ], [ 5.0546, 51.86552 ], [ 5.05417, 51.86579 ], [ 5.05405, 51.86576 ], [ 5.05386, 51.86575 ], [ 5.05379, 51.86576 ], [ 5.05354, 51.8659 ], [ 5.05333, 51.866 ], [ 5.05318, 51.86622 ], [ 5.05315, 51.86627 ], [ 5.05318, 51.86636 ], [ 5.05316, 51.8664 ], [ 5.0531, 51.86643 ], [ 5.05305, 51.86643 ], [ 5.05279, 51.86653 ], [ 5.05265, 51.86666 ], [ 5.05248, 51.86713 ], [ 5.05234, 51.86743 ], [ 5.05228, 51.86788 ], [ 5.05228, 51.86838 ], [ 5.05233, 51.86899 ], [ 5.05245, 51.86934 ], [ 5.05275, 51.86987 ], [ 5.05278, 51.87 ], [ 5.05295, 51.87031 ], [ 5.05323, 51.87079 ], [ 5.05357, 51.87121 ], [ 5.05376, 51.87124 ], [ 5.05412, 51.87123 ], [ 5.05417, 51.87121 ], [ 5.05412, 51.87102 ], [ 5.05423, 51.87094 ], [ 5.05428, 51.87037 ], [ 5.05428, 51.87023 ], [ 5.05434, 51.87026 ], [ 5.05439, 51.87022 ], [ 5.05452, 51.8702 ], [ 5.05463, 51.87025 ], [ 5.05469, 51.87017 ], [ 5.05498, 51.87005 ], [ 5.05524, 51.87004 ], [ 5.05538, 51.86999 ], [ 5.05542, 51.87004 ], [ 5.05531, 51.87022 ], [ 5.05535, 51.87025 ], [ 5.05547, 51.87026 ], [ 5.05557, 51.8703 ], [ 5.05564, 51.87028 ], [ 5.05577, 51.87011 ], [ 5.05599, 51.86991 ], [ 5.05613, 51.86987 ], [ 5.05639, 51.8699 ], [ 5.05645, 51.86988 ], [ 5.05698, 51.86983 ], [ 5.05762, 51.8698 ], [ 5.0579, 51.86981 ], [ 5.0582, 51.86971 ], [ 5.05881, 51.86971 ], [ 5.05895, 51.86967 ], [ 5.06032, 51.86966 ], [ 5.06065, 51.86969 ], [ 5.06066, 51.86987 ], [ 5.06063, 51.87001 ], [ 5.06055, 51.87022 ], [ 5.06043, 51.87042 ], [ 5.06, 51.87096 ], [ 5.06088, 51.87125 ], [ 5.06193, 51.87169 ], [ 5.06193, 51.87174 ], [ 5.06197, 51.87179 ], [ 5.06285, 51.87217 ], [ 5.06298, 51.87221 ], [ 5.06317, 51.87221 ], [ 5.06337, 51.87217 ], [ 5.0635, 51.87213 ], [ 5.06412, 51.8719 ], [ 5.0642, 51.87201 ], [ 5.06425, 51.87206 ], [ 5.06473, 51.8724 ], [ 5.06504, 51.87267 ], [ 5.06522, 51.87277 ], [ 5.06564, 51.87313 ], [ 5.0661, 51.8734 ], [ 5.06611, 51.87372 ], [ 5.06679, 51.87376 ], [ 5.06752, 51.87376 ], [ 5.06905, 51.87362 ], [ 5.06957, 51.8735 ], [ 5.07163, 51.87313 ], [ 5.07196, 51.8731 ], [ 5.07314, 51.87318 ], [ 5.07353, 51.87317 ], [ 5.07375, 51.87308 ], [ 5.07389, 51.87298 ], [ 5.0742, 51.87271 ], [ 5.07445, 51.87256 ], [ 5.07468, 51.87251 ], [ 5.07489, 51.87251 ], [ 5.07502, 51.87254 ], [ 5.07513, 51.87259 ], [ 5.07527, 51.87279 ], [ 5.0749, 51.87308 ], [ 5.07479, 51.87313 ], [ 5.07458, 51.87315 ], [ 5.07451, 51.87318 ], [ 5.07431, 51.87332 ], [ 5.07383, 51.87376 ], [ 5.07397, 51.87381 ], [ 5.07469, 51.874 ], [ 5.07516, 51.87409 ], [ 5.07533, 51.87409 ], [ 5.07643, 51.87442 ], [ 5.07709, 51.87457 ], [ 5.07888, 51.87487 ], [ 5.07955, 51.87499 ], [ 5.0801, 51.87512 ], [ 5.08015, 51.87511 ], [ 5.08029, 51.87495 ], [ 5.08049, 51.87501 ], [ 5.08062, 51.87501 ], [ 5.08083, 51.87508 ], [ 5.08102, 51.87519 ], [ 5.08165, 51.87541 ], [ 5.0827, 51.87574 ], [ 5.0837, 51.87594 ], [ 5.08416, 51.876 ], [ 5.0847, 51.87612 ], [ 5.0852, 51.87627 ], [ 5.0865, 51.87688 ], [ 5.08718, 51.87713 ], [ 5.0874, 51.87725 ], [ 5.08793, 51.87758 ], [ 5.08821, 51.87781 ], [ 5.08833, 51.87793 ], [ 5.08856, 51.87869 ], [ 5.08853, 51.87915 ], [ 5.08936, 51.87934 ], [ 5.08941, 51.87939 ], [ 5.08953, 51.87966 ], [ 5.08922, 51.88011 ], [ 5.08893, 51.88048 ], [ 5.08895, 51.88114 ], [ 5.08883, 51.88297 ], [ 5.08886, 51.88433 ], [ 5.08898, 51.88537 ], [ 5.08916, 51.88602 ], [ 5.08942, 51.88641 ], [ 5.08982, 51.88677 ], [ 5.09012, 51.88698 ], [ 5.09045, 51.88718 ], [ 5.09065, 51.88725 ], [ 5.09069, 51.88716 ], [ 5.09089, 51.88719 ], [ 5.091, 51.88721 ], [ 5.09119, 51.88731 ], [ 5.09145, 51.88737 ], [ 5.092, 51.88755 ], [ 5.09333, 51.88784 ], [ 5.09356, 51.88783 ], [ 5.0937, 51.88776 ], [ 5.09399, 51.8877 ], [ 5.09474, 51.88759 ], [ 5.0969, 51.88716 ], [ 5.09755, 51.88706 ], [ 5.09784, 51.88705 ], [ 5.09833, 51.887 ], [ 5.09855, 51.8871 ], [ 5.09872, 51.88713 ], [ 5.09902, 51.8871 ], [ 5.09965, 51.88699 ], [ 5.09998, 51.88698 ], [ 5.10013, 51.88699 ], [ 5.10043, 51.88721 ], [ 5.10057, 51.88722 ], [ 5.10115, 51.8872 ], [ 5.10127, 51.88726 ], [ 5.10189, 51.88768 ], [ 5.1021, 51.88784 ], [ 5.10227, 51.88792 ], [ 5.1025, 51.88797 ], [ 5.10332, 51.88811 ], [ 5.10386, 51.88811 ], [ 5.10422, 51.8881 ], [ 5.10497, 51.88791 ], [ 5.1052, 51.88783 ], [ 5.10532, 51.88772 ], [ 5.10547, 51.88753 ], [ 5.10566, 51.88711 ], [ 5.10579, 51.8867 ], [ 5.10586, 51.88657 ], [ 5.10654, 51.88608 ], [ 5.10712, 51.88568 ], [ 5.10729, 51.8855 ], [ 5.1075, 51.88517 ], [ 5.10764, 51.885 ], [ 5.10843, 51.88447 ], [ 5.10843, 51.8844 ], [ 5.10838, 51.88428 ], [ 5.10829, 51.88414 ], [ 5.10821, 51.88406 ], [ 5.1083, 51.88404 ], [ 5.10839, 51.88405 ], [ 5.1087, 51.88397 ], [ 5.10881, 51.88382 ], [ 5.10915, 51.88355 ], [ 5.10947, 51.88312 ], [ 5.10957, 51.883 ], [ 5.10972, 51.88286 ], [ 5.10998, 51.88271 ], [ 5.11025, 51.88269 ], [ 5.11031, 51.88267 ], [ 5.11038, 51.88261 ], [ 5.11095, 51.88236 ], [ 5.11104, 51.88228 ], [ 5.11108, 51.88229 ], [ 5.11115, 51.88227 ], [ 5.11127, 51.88211 ], [ 5.11124, 51.8821 ], [ 5.11129, 51.88201 ], [ 5.11128, 51.88193 ], [ 5.11172, 51.88149 ], [ 5.11196, 51.88131 ], [ 5.11235, 51.88147 ], [ 5.11388, 51.88024 ], [ 5.11428, 51.87987 ], [ 5.11464, 51.8795 ], [ 5.11528, 51.87904 ], [ 5.11541, 51.87889 ], [ 5.11593, 51.87846 ], [ 5.116, 51.87836 ], [ 5.11748, 51.87839 ], [ 5.11751, 51.87806 ], [ 5.11748, 51.878 ], [ 5.11734, 51.87797 ], [ 5.11707, 51.87796 ], [ 5.11676, 51.87798 ], [ 5.11621, 51.87782 ], [ 5.11679, 51.87741 ], [ 5.11608, 51.87708 ], [ 5.11588, 51.87694 ], [ 5.11545, 51.87668 ], [ 5.11487, 51.87649 ], [ 5.11291, 51.87575 ], [ 5.10947, 51.87442 ], [ 5.10974, 51.87423 ], [ 5.1105, 51.8738 ], [ 5.11042, 51.87357 ], [ 5.11027, 51.87336 ], [ 5.11089, 51.87298 ], [ 5.11086, 51.87292 ], [ 5.1103, 51.87255 ], [ 5.10928, 51.87198 ], [ 5.10853, 51.87153 ], [ 5.10845, 51.87138 ], [ 5.10859, 51.87124 ], [ 5.10883, 51.87109 ], [ 5.10954, 51.87072 ], [ 5.10948, 51.8706 ], [ 5.10745, 51.8694 ], [ 5.10727, 51.86938 ], [ 5.10692, 51.86948 ], [ 5.10621, 51.86974 ], [ 5.10589, 51.86981 ], [ 5.10575, 51.8698 ], [ 5.10539, 51.86969 ], [ 5.10523, 51.86958 ], [ 5.10342, 51.87019 ], [ 5.10134, 51.87115 ], [ 5.10121, 51.87123 ], [ 5.10106, 51.87138 ], [ 5.10144, 51.87153 ], [ 5.10101, 51.87148 ], [ 5.10083, 51.87141 ], [ 5.10075, 51.87143 ], [ 5.09782, 51.87271 ], [ 5.09772, 51.87264 ], [ 5.09792, 51.87254 ], [ 5.09785, 51.87248 ], [ 5.09755, 51.87128 ], [ 5.09752, 51.87127 ], [ 5.09741, 51.87128 ], [ 5.09739, 51.8712 ], [ 5.09742, 51.87108 ], [ 5.09806, 51.87038 ], [ 5.096, 51.86954 ], [ 5.0961, 51.86945 ], [ 5.09556, 51.86902 ], [ 5.09246, 51.86788 ], [ 5.09161, 51.86775 ], [ 5.09002, 51.86724 ], [ 5.08973, 51.86722 ], [ 5.08994, 51.86585 ], [ 5.09002, 51.86518 ], [ 5.08941, 51.8651 ], [ 5.07794, 51.86233 ], [ 5.07478, 51.86153 ], [ 5.07048, 51.85977 ], [ 5.06606, 51.85794 ], [ 5.0649, 51.85743 ], [ 5.06401, 51.85698 ], [ 5.06385, 51.85692 ] ] } },
{ "type": "Feature", "properties": { "klompenpad_naam": "Eper-Enkenpad", "url": "https://klompenpaden.nl/klompenpaden/Eper-Enkenpad/27c2e7ac-4500-4f5b-9db3-4535d56eb806", "date": null }, "geometry": { "type": "LineString", "coordinates": [ [ 5.99424, 52.3348 ], [ 5.99399, 52.33481 ], [ 5.99299, 52.33493 ], [ 5.99171, 52.33524 ], [ 5.99052, 52.3354 ], [ 5.99016, 52.33538 ], [ 5.98943, 52.33518 ], [ 5.98824, 52.33393 ], [ 5.98813, 52.33373 ], [ 5.98815, 52.33345 ], [ 5.98823, 52.33326 ], [ 5.98836, 52.33307 ], [ 5.98865, 52.33276 ], [ 5.98878, 52.33265 ], [ 5.9887, 52.33233 ], [ 5.98871, 52.33219 ], [ 5.98879, 52.33215 ], [ 5.98984, 52.33196 ], [ 5.98992, 52.33274 ], [ 5.99407, 52.33222 ], [ 5.99427, 52.33228 ], [ 5.99776, 52.33032 ], [ 5.99806, 52.33002 ], [ 5.99809, 52.32994 ], [ 5.99852, 52.33013 ], [ 5.99995, 52.33122 ], [ 6.00141, 52.33151 ], [ 6.00176, 52.33172 ], [ 6.00202, 52.33182 ], [ 6.00189, 52.33213 ], [ 6.00188, 52.33271 ], [ 6.00196, 52.33377 ], [ 6.00203, 52.33448 ], [ 6.00221, 52.33582 ], [ 6.00255, 52.33578 ], [ 6.00273, 52.33567 ], [ 6.00289, 52.3355 ], [ 6.00307, 52.33538 ], [ 6.00328, 52.33529 ], [ 6.00346, 52.33525 ], [ 6.00364, 52.33523 ], [ 6.0047, 52.3352 ], [ 6.00641, 52.33518 ], [ 6.00644, 52.33521 ], [ 6.00643, 52.33525 ], [ 6.00584, 52.33607 ], [ 6.00571, 52.33699 ], [ 6.00562, 52.33715 ], [ 6.0052, 52.33754 ], [ 6.00489, 52.33815 ], [ 6.00468, 52.33878 ], [ 6.00459, 52.339 ], [ 6.00454, 52.3391 ], [ 6.00465, 52.33911 ], [ 6.00506, 52.3391 ], [ 6.00565, 52.33912 ], [ 6.00641, 52.33922 ], [ 6.00475, 52.3413 ], [ 6.00434, 52.34184 ], [ 6.0058, 52.34235 ], [ 6.00694, 52.34264 ], [ 6.00796, 52.34286 ], [ 6.00883, 52.34299 ], [ 6.01103, 52.34321 ], [ 6.01191, 52.34336 ], [ 6.01275, 52.34358 ], [ 6.01369, 52.34395 ], [ 6.01389, 52.34407 ], [ 6.01417, 52.34456 ], [ 6.01441, 52.34504 ], [ 6.01418, 52.34581 ], [ 6.01404, 52.34604 ], [ 6.01262, 52.34587 ], [ 6.0124, 52.34638 ], [ 6.0122, 52.34664 ], [ 6.01214, 52.34678 ], [ 6.01214, 52.3469 ], [ 6.01222, 52.34716 ], [ 6.01359, 52.34703 ], [ 6.01427, 52.34694 ], [ 6.01486, 52.34685 ], [ 6.01492, 52.34688 ], [ 6.01485, 52.34765 ], [ 6.01594, 52.34778 ], [ 6.01617, 52.34784 ], [ 6.0166, 52.34803 ], [ 6.01777, 52.34972 ], [ 6.0177, 52.3498 ], [ 6.01822, 52.35058 ], [ 6.01728, 52.35246 ], [ 6.01718, 52.35261 ], [ 6.01711, 52.35265 ], [ 6.01683, 52.35268 ], [ 6.01544, 52.3527 ], [ 6.01488, 52.35276 ], [ 6.01454, 52.35289 ], [ 6.01442, 52.35298 ], [ 6.01434, 52.35308 ], [ 6.01421, 52.35355 ], [ 6.01422, 52.35369 ], [ 6.01449, 52.35399 ], [ 6.01445, 52.35418 ], [ 6.01438, 52.35431 ], [ 6.0139, 52.35473 ], [ 6.01386, 52.35487 ], [ 6.01408, 52.3553 ], [ 6.013, 52.35615 ], [ 6.01256, 52.35637 ], [ 6.01169, 52.35658 ], [ 6.01103, 52.3566 ], [ 6.01029, 52.35648 ], [ 6.00874, 52.35629 ], [ 6.00729, 52.35585 ], [ 6.00502, 52.35544 ], [ 6.00428, 52.35518 ], [ 6.00302, 52.35629 ], [ 6.00193, 52.35729 ], [ 6.00138, 52.35736 ], [ 5.99927, 52.35749 ], [ 5.99485, 52.35575 ], [ 5.9965, 52.35375 ], [ 5.99817, 52.35175 ], [ 5.99815, 52.3516 ], [ 5.99792, 52.35115 ], [ 5.99758, 52.35055 ], [ 5.99814, 52.35009 ], [ 5.99911, 52.34968 ], [ 5.99898, 52.34936 ], [ 5.99849, 52.34852 ], [ 5.99798, 52.34756 ], [ 5.99773, 52.34745 ], [ 5.99747, 52.3474 ], [ 5.99722, 52.34732 ], [ 5.99697, 52.34707 ], [ 5.99809, 52.34654 ], [ 5.99988, 52.34604 ], [ 6.00023, 52.34597 ], [ 6.00101, 52.34569 ], [ 6.00103, 52.34558 ], [ 6.00132, 52.34549 ], [ 6.00156, 52.34557 ], [ 6.00171, 52.34567 ], [ 6.00257, 52.34581 ], [ 6.00349, 52.34589 ], [ 6.00355, 52.34569 ], [ 6.00375, 52.34548 ], [ 6.00412, 52.34515 ], [ 6.00437, 52.34491 ], [ 6.00484, 52.34478 ], [ 6.00456, 52.34457 ], [ 6.00393, 52.34442 ], [ 6.00353, 52.34423 ], [ 6.00297, 52.34385 ], [ 6.00277, 52.34368 ], [ 6.00272, 52.34354 ], [ 6.00279, 52.34338 ], [ 6.00292, 52.34315 ], [ 6.00325, 52.34261 ], [ 6.00355, 52.34253 ], [ 6.00368, 52.34235 ], [ 6.004, 52.34175 ], [ 6.003, 52.34141 ], [ 6.00166, 52.34098 ], [ 6.00059, 52.33956 ], [ 6.00055, 52.33854 ], [ 6.00055, 52.33753 ], [ 6.00039, 52.33763 ], [ 5.99929, 52.33784 ], [ 5.99734, 52.33815 ], [ 5.99743, 52.33742 ], [ 5.99694, 52.33599 ], [ 5.99528, 52.33616 ], [ 5.99525, 52.33607 ], [ 5.991, 52.33655 ], [ 5.99053, 52.33541 ], [ 5.99171, 52.33524 ], [ 5.99299, 52.33493 ], [ 5.99399, 52.33481 ], [ 5.99424, 52.3348 ] ] } },
{ "type": "Feature", "properties": { "klompenpad_naam": "Doesburgermolenpad-KIDS", "url": "https://klompenpaden.nl/klompenpaden/Doesburgermolenpad-KIDS/16f17312-b370-4811-a3ca-5b7424e39526", "date": null }, "geometry": { "type": "LineString", "coordinates": [ [ 5.64758, 52.06312 ], [ 5.64838, 52.06198 ], [ 5.64793, 52.06195 ], [ 5.64715, 52.06199 ], [ 5.64663, 52.06224 ], [ 5.64528, 52.06314 ], [ 5.64708, 52.06373 ], [ 5.6471, 52.06376 ], [ 5.64704, 52.06389 ], [ 5.6475, 52.06412 ], [ 5.64863, 52.06448 ], [ 5.64885, 52.06464 ], [ 5.64848, 52.06521 ], [ 5.64665, 52.06651 ], [ 5.64716, 52.0667 ], [ 5.64551, 52.06787 ], [ 5.64528, 52.06829 ], [ 5.64505, 52.06911 ], [ 5.64433, 52.07021 ], [ 5.6467, 52.07086 ], [ 5.64814, 52.07133 ], [ 5.65463, 52.07356 ], [ 5.65505, 52.07316 ], [ 5.65516, 52.07281 ], [ 5.65525, 52.07272 ], [ 5.65584, 52.0726 ], [ 5.65609, 52.07249 ], [ 5.65625, 52.07233 ], [ 5.6558, 52.07203 ], [ 5.65356, 52.07131 ], [ 5.65389, 52.07089 ], [ 5.65461, 52.0701 ], [ 5.65525, 52.07033 ], [ 5.65589, 52.06965 ], [ 5.65619, 52.06945 ], [ 5.65642, 52.06921 ], [ 5.65673, 52.06866 ], [ 5.65667, 52.06834 ], [ 5.65734, 52.06765 ], [ 5.65744, 52.06736 ], [ 5.65753, 52.06724 ], [ 5.65771, 52.06704 ], [ 5.65365, 52.06584 ], [ 5.65391, 52.06541 ], [ 5.65337, 52.06526 ], [ 5.65276, 52.06534 ], [ 5.65186, 52.06505 ], [ 5.64909, 52.06411 ], [ 5.64781, 52.06391 ], [ 5.64715, 52.06371 ], [ 5.64758, 52.06312 ] ] } },
{ "type": "Feature", "properties": { "klompenpad_naam": "Spanjaardspad-XL", "url": "https://klompenpaden.nl/klompenpaden/Spanjaardspad-XL/4ca4f453-ecff-403e-974a-89de74f8a9d3", "date": null }, "geometry": { "type": "LineString", "coordinates": [ [ 5.68517, 51.92171 ], [ 5.6844, 51.9226 ], [ 5.69122, 51.92433 ], [ 5.69191, 51.92366 ], [ 5.69484, 51.92489 ], [ 5.69205, 51.92783 ], [ 5.6914, 51.92941 ], [ 5.69145, 51.93062 ], [ 5.69193, 51.93203 ], [ 5.69453, 51.93133 ], [ 5.69543, 51.93126 ], [ 5.69691, 51.93129 ], [ 5.69724, 51.93143 ], [ 5.69762, 51.93145 ], [ 5.69838, 51.93124 ], [ 5.6986, 51.93128 ], [ 5.69883, 51.93157 ], [ 5.69876, 51.93181 ], [ 5.69893, 51.93211 ], [ 5.69875, 51.93248 ], [ 5.69837, 51.93299 ], [ 5.6988, 51.93305 ], [ 5.6989, 51.93319 ], [ 5.69966, 51.93305 ], [ 5.7008, 51.93314 ], [ 5.70114, 51.93331 ], [ 5.70086, 51.93406 ], [ 5.7003, 51.93398 ], [ 5.70011, 51.93407 ], [ 5.7001, 51.9344 ], [ 5.70061, 51.93438 ], [ 5.70376, 51.9344 ], [ 5.70418, 51.93591 ], [ 5.70404, 51.93604 ], [ 5.70426, 51.93613 ], [ 5.7043, 51.93633 ], [ 5.70302, 51.93637 ], [ 5.70149, 51.93671 ], [ 5.6997, 51.93654 ], [ 5.69931, 51.93647 ], [ 5.69783, 51.93641 ], [ 5.69652, 51.93608 ], [ 5.69653, 51.93581 ], [ 5.69679, 51.93564 ], [ 5.69687, 51.93544 ], [ 5.69726, 51.93513 ], [ 5.69732, 51.93456 ], [ 5.69679, 51.9348 ], [ 5.69635, 51.93464 ], [ 5.69604, 51.93456 ], [ 5.69587, 51.93458 ], [ 5.69527, 51.93444 ], [ 5.69589, 51.93379 ], [ 5.69723, 51.93332 ], [ 5.6967, 51.93312 ], [ 5.6964, 51.93306 ], [ 5.69514, 51.93317 ], [ 5.69454, 51.93313 ], [ 5.69435, 51.9332 ], [ 5.69212, 51.93213 ], [ 5.69034, 51.93259 ], [ 5.68991, 51.93379 ], [ 5.68989, 51.93454 ], [ 5.69034, 51.93484 ], [ 5.68915, 51.93501 ], [ 5.68765, 51.93463 ], [ 5.6875, 51.93491 ], [ 5.68731, 51.93502 ], [ 5.68594, 51.93512 ], [ 5.68521, 51.93527 ], [ 5.68451, 51.93545 ], [ 5.68421, 51.93557 ], [ 5.684, 51.9357 ], [ 5.68382, 51.93594 ], [ 5.68099, 51.94132 ], [ 5.68024, 51.94195 ], [ 5.67987, 51.9421 ], [ 5.67867, 51.94294 ], [ 5.67817, 51.94336 ], [ 5.67626, 51.94547 ], [ 5.67481, 51.94709 ], [ 5.67416, 51.94812 ], [ 5.67393, 51.94834 ], [ 5.67209, 51.94937 ], [ 5.67177, 51.94927 ], [ 5.67182, 51.94947 ], [ 5.66851, 51.94784 ], [ 5.66778, 51.94719 ], [ 5.66718, 51.94671 ], [ 5.66541, 51.94591 ], [ 5.6641, 51.94564 ], [ 5.66306, 51.94538 ], [ 5.66238, 51.94484 ], [ 5.66188, 51.94422 ], [ 5.65689, 51.94439 ], [ 5.65602, 51.94425 ], [ 5.65334, 51.94335 ], [ 5.65303, 51.943 ], [ 5.65269, 51.94271 ], [ 5.6522, 51.94267 ], [ 5.65146, 51.94251 ], [ 5.65067, 51.94219 ], [ 5.64874, 51.94127 ], [ 5.64676, 51.94037 ], [ 5.64621, 51.93969 ], [ 5.64522, 51.93926 ], [ 5.64398, 51.93879 ], [ 5.64184, 51.93792 ], [ 5.63963, 51.93743 ], [ 5.63725, 51.93702 ], [ 5.63565, 51.93665 ], [ 5.6356, 51.93642 ], [ 5.63278, 51.93613 ], [ 5.63025, 51.93591 ], [ 5.63037, 51.93675 ], [ 5.62821, 51.93717 ], [ 5.62752, 51.93704 ], [ 5.62638, 51.93652 ], [ 5.6254, 51.93629 ], [ 5.62538, 51.9364 ], [ 5.62497, 51.93651 ], [ 5.62455, 51.93686 ], [ 5.624, 51.93889 ], [ 5.62385, 51.93924 ], [ 5.62287, 51.93975 ], [ 5.62205, 51.93986 ], [ 5.6203, 51.93994 ], [ 5.61967, 51.94004 ], [ 5.61942, 51.94013 ], [ 5.61924, 51.94017 ], [ 5.61909, 51.94018 ], [ 5.61895, 51.94027 ], [ 5.61854, 51.94035 ], [ 5.61813, 51.94028 ], [ 5.61617, 51.94024 ], [ 5.61594, 51.94027 ], [ 5.61563, 51.94029 ], [ 5.61626, 51.93849 ], [ 5.61648, 51.93789 ], [ 5.6165, 51.9377 ], [ 5.61491, 51.93834 ], [ 5.61384, 51.93875 ], [ 5.61292, 51.93912 ], [ 5.61243, 51.93935 ], [ 5.61137, 51.93967 ], [ 5.6107, 51.93982 ], [ 5.61039, 51.93976 ], [ 5.60953, 51.93981 ], [ 5.60889, 51.93988 ], [ 5.60682, 51.93967 ], [ 5.60553, 51.9398 ], [ 5.60402, 51.94001 ], [ 5.60365, 51.94014 ], [ 5.60347, 51.94007 ], [ 5.60217, 51.94076 ], [ 5.60195, 51.94062 ], [ 5.60284, 51.94023 ], [ 5.60195, 51.93948 ], [ 5.60215, 51.93888 ], [ 5.59956, 51.93854 ], [ 5.59936, 51.93876 ], [ 5.5994, 51.93852 ], [ 5.60007, 51.93656 ], [ 5.59943, 51.93648 ], [ 5.59849, 51.9363 ], [ 5.59723, 51.93598 ], [ 5.59706, 51.93588 ], [ 5.5987, 51.93103 ], [ 5.60016, 51.92628 ], [ 5.60027, 51.92547 ], [ 5.60018, 51.92478 ], [ 5.59916, 51.92374 ], [ 5.5986, 51.92309 ], [ 5.59853, 51.92252 ], [ 5.59894, 51.92131 ], [ 5.60148, 51.92023 ], [ 5.60168, 51.92008 ], [ 5.60194, 51.91975 ], [ 5.60207, 51.9195 ], [ 5.60209, 51.91929 ], [ 5.60178, 51.91918 ], [ 5.6018, 51.91907 ], [ 5.60172, 51.91639 ], [ 5.60322, 51.9164 ], [ 5.60315, 51.91422 ], [ 5.60307, 51.9128 ], [ 5.60287, 51.91265 ], [ 5.60169, 51.9129 ], [ 5.60126, 51.91295 ], [ 5.60079, 51.91295 ], [ 5.6005, 51.91291 ], [ 5.59996, 51.91275 ], [ 5.59961, 51.91271 ], [ 5.5981, 51.91279 ], [ 5.59771, 51.91271 ], [ 5.59704, 51.91279 ], [ 5.59653, 51.91305 ], [ 5.59626, 51.91349 ], [ 5.59571, 51.9136 ], [ 5.59515, 51.91359 ], [ 5.59255, 51.91311 ], [ 5.59334, 51.91267 ], [ 5.59364, 51.91244 ], [ 5.59355, 51.91227 ], [ 5.59264, 51.91179 ], [ 5.59259, 51.91141 ], [ 5.59314, 51.91126 ], [ 5.59554, 51.91108 ], [ 5.59657, 51.91084 ], [ 5.59733, 51.91078 ], [ 5.60367, 51.91035 ], [ 5.6059, 51.91009 ], [ 5.60629, 51.91014 ], [ 5.60777, 51.91058 ], [ 5.60805, 51.91061 ], [ 5.60832, 51.91063 ], [ 5.60868, 51.91059 ], [ 5.60922, 51.9105 ], [ 5.60954, 51.91038 ], [ 5.60998, 51.91017 ], [ 5.61031, 51.90988 ], [ 5.6107, 51.90965 ], [ 5.61165, 51.90932 ], [ 5.61189, 51.90919 ], [ 5.6124, 51.90882 ], [ 5.61294, 51.90864 ], [ 5.61324, 51.90849 ], [ 5.61334, 51.9084 ], [ 5.61358, 51.90831 ], [ 5.61424, 51.90768 ], [ 5.61686, 51.90606 ], [ 5.6185, 51.90559 ], [ 5.61952, 51.90548 ], [ 5.62001, 51.90525 ], [ 5.62055, 51.90479 ], [ 5.62078, 51.90403 ], [ 5.62117, 51.90361 ], [ 5.62189, 51.90341 ], [ 5.62347, 51.90342 ], [ 5.62518, 51.90316 ], [ 5.62684, 51.90264 ], [ 5.62781, 51.90253 ], [ 5.62944, 51.90173 ], [ 5.62988, 51.90156 ], [ 5.62999, 51.90149 ], [ 5.63011, 51.90145 ], [ 5.63063, 51.90134 ], [ 5.63097, 51.90129 ], [ 5.63141, 51.90128 ], [ 5.63223, 51.90133 ], [ 5.63273, 51.90165 ], [ 5.63401, 51.90238 ], [ 5.63498, 51.90308 ], [ 5.63641, 51.90359 ], [ 5.6375, 51.90362 ], [ 5.63798, 51.90347 ], [ 5.63848, 51.9035 ], [ 5.63872, 51.90324 ], [ 5.64259, 51.90456 ], [ 5.6442, 51.90482 ], [ 5.64542, 51.90492 ], [ 5.64602, 51.90493 ], [ 5.64749, 51.90505 ], [ 5.64931, 51.9051 ], [ 5.64953, 51.90508 ], [ 5.65192, 51.90557 ], [ 5.65193, 51.90569 ], [ 5.65206, 51.90577 ], [ 5.65194, 51.90597 ], [ 5.65139, 51.90605 ], [ 5.65166, 51.90655 ], [ 5.65201, 51.90685 ], [ 5.65228, 51.90693 ], [ 5.65252, 51.90695 ], [ 5.65279, 51.90701 ], [ 5.65296, 51.90699 ], [ 5.65304, 51.90701 ], [ 5.65376, 51.90759 ], [ 5.6542, 51.90833 ], [ 5.65517, 51.90912 ], [ 5.65613, 51.90874 ], [ 5.65648, 51.91 ], [ 5.65693, 51.90985 ], [ 5.65727, 51.90953 ], [ 5.6577, 51.90933 ], [ 5.65905, 51.90903 ], [ 5.6597, 51.9088 ], [ 5.66095, 51.90798 ], [ 5.66142, 51.9078 ], [ 5.66148, 51.90749 ], [ 5.66155, 51.9073 ], [ 5.66353, 51.90735 ], [ 5.66436, 51.90746 ], [ 5.66493, 51.90758 ], [ 5.66551, 51.90763 ], [ 5.66744, 51.90772 ], [ 5.66891, 51.90812 ], [ 5.66988, 51.90825 ], [ 5.67055, 51.90815 ], [ 5.67146, 51.90799 ], [ 5.67194, 51.90773 ], [ 5.67261, 51.90741 ], [ 5.67278, 51.90737 ], [ 5.67242, 51.90775 ], [ 5.67254, 51.90931 ], [ 5.67231, 51.91188 ], [ 5.67182, 51.91217 ], [ 5.67137, 51.91197 ], [ 5.66956, 51.91198 ], [ 5.66597, 51.91254 ], [ 5.66609, 51.91323 ], [ 5.66592, 51.91386 ], [ 5.66635, 51.91466 ], [ 5.66677, 51.91491 ], [ 5.66749, 51.91657 ], [ 5.66859, 51.91735 ], [ 5.67089, 51.91764 ], [ 5.67131, 51.91787 ], [ 5.67169, 51.91966 ], [ 5.67058, 51.92061 ], [ 5.67043, 51.92092 ], [ 5.67049, 51.92136 ], [ 5.67087, 51.92221 ], [ 5.67148, 51.92216 ], [ 5.67205, 51.92219 ], [ 5.67337, 51.9221 ], [ 5.67348, 51.92252 ], [ 5.67363, 51.92254 ], [ 5.67367, 51.92277 ], [ 5.67415, 51.92279 ], [ 5.67411, 51.92251 ], [ 5.67436, 51.9224 ], [ 5.68513, 51.92173 ], [ 5.68517, 51.92171 ], [ 5.6844, 51.9226 ], [ 5.69122, 51.92433 ], [ 5.69191, 51.92366 ], [ 5.69484, 51.92489 ], [ 5.69205, 51.92783 ], [ 5.6914, 51.92941 ], [ 5.69145, 51.93062 ], [ 5.69193, 51.93203 ], [ 5.69453, 51.93133 ], [ 5.69543, 51.93126 ], [ 5.69691, 51.93129 ], [ 5.69724, 51.93143 ], [ 5.69762, 51.93145 ], [ 5.69838, 51.93124 ], [ 5.6986, 51.93128 ], [ 5.69883, 51.93157 ], [ 5.69876, 51.93181 ], [ 5.69893, 51.93211 ], [ 5.69875, 51.93248 ], [ 5.69837, 51.93299 ], [ 5.6988, 51.93305 ], [ 5.6989, 51.93319 ], [ 5.69966, 51.93305 ], [ 5.7008, 51.93314 ], [ 5.70114, 51.93331 ], [ 5.70086, 51.93406 ], [ 5.7003, 51.93398 ], [ 5.70011, 51.93407 ], [ 5.7001, 51.9344 ], [ 5.70061, 51.93438 ], [ 5.70376, 51.9344 ], [ 5.70418, 51.93591 ], [ 5.70404, 51.93604 ], [ 5.70426, 51.93613 ], [ 5.7043, 51.93633 ], [ 5.70302, 51.93637 ], [ 5.70149, 51.93671 ], [ 5.6997, 51.93654 ], [ 5.69931, 51.93647 ], [ 5.69783, 51.93641 ], [ 5.69652, 51.93608 ], [ 5.69653, 51.93581 ], [ 5.69679, 51.93564 ], [ 5.69687, 51.93544 ], [ 5.69726, 51.93513 ], [ 5.69732, 51.93456 ], [ 5.69679, 51.9348 ], [ 5.69635, 51.93464 ], [ 5.69604, 51.93456 ], [ 5.69587, 51.93458 ], [ 5.69527, 51.93444 ], [ 5.69589, 51.93379 ], [ 5.69723, 51.93332 ], [ 5.6967, 51.93312 ], [ 5.6964, 51.93306 ], [ 5.69514, 51.93317 ], [ 5.69454, 51.93313 ], [ 5.69435, 51.9332 ], [ 5.69212, 51.93213 ], [ 5.69034, 51.93259 ], [ 5.68991, 51.93379 ], [ 5.68989, 51.93454 ], [ 5.69034, 51.93484 ], [ 5.68915, 51.93501 ], [ 5.68765, 51.93463 ], [ 5.6875, 51.93491 ], [ 5.68731, 51.93502 ], [ 5.68594, 51.93512 ], [ 5.68521, 51.93527 ], [ 5.68451, 51.93545 ], [ 5.68421, 51.93557 ], [ 5.684, 51.9357 ], [ 5.68382, 51.93594 ], [ 5.68099, 51.94132 ], [ 5.68024, 51.94195 ], [ 5.67987, 51.9421 ], [ 5.67867, 51.94294 ], [ 5.67817, 51.94336 ], [ 5.67626, 51.94547 ], [ 5.67481, 51.94709 ], [ 5.67416, 51.94812 ], [ 5.67393, 51.94834 ], [ 5.67209, 51.94937 ], [ 5.67177, 51.94927 ], [ 5.67182, 51.94947 ], [ 5.66851, 51.94784 ], [ 5.66778, 51.94719 ], [ 5.66718, 51.94671 ], [ 5.66541, 51.94591 ], [ 5.6641, 51.94564 ], [ 5.66306, 51.94538 ], [ 5.66238, 51.94484 ], [ 5.66188, 51.94422 ], [ 5.65689, 51.94439 ], [ 5.65602, 51.94425 ], [ 5.65334, 51.94335 ], [ 5.65303, 51.943 ], [ 5.65269, 51.94271 ], [ 5.6522, 51.94267 ], [ 5.65146, 51.94251 ], [ 5.65067, 51.94219 ], [ 5.64874, 51.94127 ], [ 5.64676, 51.94037 ], [ 5.64621, 51.93969 ], [ 5.64522, 51.93926 ], [ 5.64398, 51.93879 ], [ 5.64184, 51.93792 ], [ 5.63963, 51.93743 ], [ 5.63725, 51.93702 ], [ 5.63565, 51.93665 ], [ 5.6356, 51.93642 ], [ 5.63278, 51.93613 ], [ 5.63025, 51.93591 ], [ 5.63037, 51.93675 ], [ 5.62821, 51.93717 ], [ 5.62752, 51.93704 ], [ 5.62638, 51.93652 ], [ 5.6254, 51.93629 ], [ 5.62538, 51.9364 ], [ 5.62497, 51.93651 ], [ 5.62455, 51.93686 ], [ 5.624, 51.93889 ], [ 5.62385, 51.93924 ], [ 5.62287, 51.93975 ], [ 5.62205, 51.93986 ], [ 5.6203, 51.93994 ], [ 5.61967, 51.94004 ], [ 5.61942, 51.94013 ], [ 5.61924, 51.94017 ], [ 5.61909, 51.94018 ], [ 5.61895, 51.94027 ], [ 5.61854, 51.94035 ], [ 5.61813, 51.94028 ], [ 5.61617, 51.94024 ], [ 5.61594, 51.94027 ], [ 5.61563, 51.94029 ], [ 5.61626, 51.93849 ], [ 5.61648, 51.93789 ], [ 5.6165, 51.9377 ], [ 5.61491, 51.93834 ], [ 5.61384, 51.93875 ], [ 5.61292, 51.93912 ], [ 5.61243, 51.93935 ], [ 5.61137, 51.93967 ], [ 5.6107, 51.93982 ], [ 5.61039, 51.93976 ], [ 5.60953, 51.93981 ], [ 5.60889, 51.93988 ], [ 5.60682, 51.93967 ], [ 5.60553, 51.9398 ], [ 5.60402, 51.94001 ], [ 5.60365, 51.94014 ], [ 5.60347, 51.94007 ], [ 5.60217, 51.94076 ], [ 5.60195, 51.94062 ], [ 5.60284, 51.94023 ], [ 5.60195, 51.93948 ], [ 5.60215, 51.93888 ], [ 5.59956, 51.93854 ], [ 5.59936, 51.93876 ], [ 5.5994, 51.93852 ], [ 5.60007, 51.93656 ], [ 5.59943, 51.93648 ], [ 5.59849, 51.9363 ], [ 5.59723, 51.93598 ], [ 5.59706, 51.93588 ], [ 5.5987, 51.93103 ], [ 5.60016, 51.92628 ], [ 5.60027, 51.92547 ], [ 5.60018, 51.92478 ], [ 5.59916, 51.92374 ], [ 5.5986, 51.92309 ], [ 5.59853, 51.92252 ], [ 5.59894, 51.92131 ], [ 5.60148, 51.92023 ], [ 5.60168, 51.92008 ], [ 5.60194, 51.91975 ], [ 5.60207, 51.9195 ], [ 5.60209, 51.91929 ], [ 5.60178, 51.91918 ], [ 5.6018, 51.91907 ], [ 5.60172, 51.91639 ], [ 5.60322, 51.9164 ], [ 5.60315, 51.91422 ], [ 5.60307, 51.9128 ], [ 5.60287, 51.91265 ], [ 5.60169, 51.9129 ], [ 5.60126, 51.91295 ], [ 5.60079, 51.91295 ], [ 5.6005, 51.91291 ], [ 5.59996, 51.91275 ], [ 5.59961, 51.91271 ], [ 5.5981, 51.91279 ], [ 5.59771, 51.91271 ], [ 5.59704, 51.91279 ], [ 5.59653, 51.91305 ], [ 5.59626, 51.91349 ], [ 5.59571, 51.9136 ], [ 5.59515, 51.91359 ], [ 5.59255, 51.91311 ], [ 5.59334, 51.91267 ], [ 5.59364, 51.91244 ], [ 5.59355, 51.91227 ], [ 5.59264, 51.91179 ], [ 5.59259, 51.91141 ], [ 5.59314, 51.91126 ], [ 5.59554, 51.91108 ], [ 5.59657, 51.91084 ], [ 5.59733, 51.91078 ], [ 5.60367, 51.91035 ], [ 5.6059, 51.91009 ], [ 5.60629, 51.91014 ], [ 5.60777, 51.91058 ], [ 5.60805, 51.91061 ], [ 5.60832, 51.91063 ], [ 5.60868, 51.91059 ], [ 5.60922, 51.9105 ], [ 5.60954, 51.91038 ], [ 5.60998, 51.91017 ], [ 5.61031, 51.90988 ], [ 5.6107, 51.90965 ], [ 5.61165, 51.90932 ], [ 5.61189, 51.90919 ], [ 5.6124, 51.90882 ], [ 5.61294, 51.90864 ], [ 5.61324, 51.90849 ], [ 5.61334, 51.9084 ], [ 5.61358, 51.90831 ], [ 5.61424, 51.90768 ], [ 5.61686, 51.90606 ], [ 5.6185, 51.90559 ], [ 5.61952, 51.90548 ], [ 5.62001, 51.90525 ], [ 5.62055, 51.90479 ], [ 5.62078, 51.90403 ], [ 5.62117, 51.90361 ], [ 5.62189, 51.90341 ], [ 5.62347, 51.90342 ], [ 5.62518, 51.90316 ], [ 5.62684, 51.90264 ], [ 5.62781, 51.90253 ], [ 5.62944, 51.90173 ], [ 5.62988, 51.90156 ], [ 5.62999, 51.90149 ], [ 5.63011, 51.90145 ], [ 5.63063, 51.90134 ], [ 5.63097, 51.90129 ], [ 5.63141, 51.90128 ], [ 5.63223, 51.90133 ], [ 5.63273, 51.90165 ], [ 5.63401, 51.90238 ], [ 5.63498, 51.90308 ], [ 5.63641, 51.90359 ], [ 5.6375, 51.90362 ], [ 5.63798, 51.90347 ], [ 5.63848, 51.9035 ], [ 5.63872, 51.90324 ], [ 5.64259, 51.90456 ], [ 5.6442, 51.90482 ], [ 5.64542, 51.90492 ], [ 5.64602, 51.90493 ], [ 5.64749, 51.90505 ], [ 5.64931, 51.9051 ], [ 5.64953, 51.90508 ], [ 5.65192, 51.90557 ], [ 5.65193, 51.90569 ], [ 5.65206, 51.90577 ], [ 5.65194, 51.90597 ], [ 5.65139, 51.90605 ], [ 5.65166, 51.90655 ], [ 5.65201, 51.90685 ], [ 5.65228, 51.90693 ], [ 5.65252, 51.90695 ], [ 5.65279, 51.90701 ], [ 5.65296, 51.90699 ], [ 5.65304, 51.90701 ], [ 5.65376, 51.90759 ], [ 5.6542, 51.90833 ], [ 5.65517, 51.90912 ], [ 5.65613, 51.90874 ], [ 5.65648, 51.91 ], [ 5.65693, 51.90985 ], [ 5.65727, 51.90953 ], [ 5.6577, 51.90933 ], [ 5.65905, 51.90903 ], [ 5.6597, 51.9088 ], [ 5.66095, 51.90798 ], [ 5.66142, 51.9078 ], [ 5.66148, 51.90749 ], [ 5.66155, 51.9073 ], [ 5.66353, 51.90735 ], [ 5.66436, 51.90746 ], [ 5.66493, 51.90758 ], [ 5.66551, 51.90763 ], [ 5.66744, 51.90772 ], [ 5.66891, 51.90812 ], [ 5.66988, 51.90825 ], [ 5.67055, 51.90815 ], [ 5.67146, 51.90799 ], [ 5.67194, 51.90773 ], [ 5.67261, 51.90741 ], [ 5.67278, 51.90737 ], [ 5.67242, 51.90775 ], [ 5.67254, 51.90931 ], [ 5.67231, 51.91188 ], [ 5.67182, 51.91217 ], [ 5.67137, 51.91197 ], [ 5.66956, 51.91198 ], [ 5.66597, 51.91254 ], [ 5.66609, 51.91323 ], [ 5.66592, 51.91386 ], [ 5.66635, 51.91466 ], [ 5.66677, 51.91491 ], [ 5.66749, 51.91657 ], [ 5.66859, 51.91735 ], [ 5.67089, 51.91764 ], [ 5.67131, 51.91787 ], [ 5.67169, 51.91966 ], [ 5.67058, 51.92061 ], [ 5.67043, 51.92092 ], [ 5.67049, 51.92136 ], [ 5.67087, 51.92221 ], [ 5.67148, 51.92216 ], [ 5.67205, 51.92219 ], [ 5.67337, 51.9221 ], [ 5.67348, 51.92252 ], [ 5.67363, 51.92254 ], [ 5.67367, 51.92277 ], [ 5.67415, 51.92279 ], [ 5.67411, 51.92251 ], [ 5.67436, 51.9224 ], [ 5.68513, 51.92173 ] ] } },
{ "type": "Feature", "properties": { "klompenpad_naam": "Holthuyserpad", "url": "https://klompenpaden.nl/klompenpaden/Holthuyserpad/6d42c688-0c3a-459f-b98f-a803919688b9", "date": null }, "geometry": { "type": "LineString", "coordinates": [ [ 5.89352, 51.94214 ], [ 5.89308, 51.94206 ], [ 5.89306, 51.94192 ], [ 5.89314, 51.94163 ], [ 5.8931, 51.94156 ], [ 5.89314, 51.94149 ], [ 5.89349, 51.94155 ], [ 5.89345, 51.94148 ], [ 5.8933, 51.94136 ], [ 5.89288, 51.94095 ], [ 5.89283, 51.94087 ], [ 5.89259, 51.94071 ], [ 5.89224, 51.94036 ], [ 5.89203, 51.94005 ], [ 5.89189, 51.93995 ], [ 5.89138, 51.93967 ], [ 5.89109, 51.93953 ], [ 5.89082, 51.93954 ], [ 5.89052, 51.93953 ], [ 5.89043, 51.93958 ], [ 5.8904, 51.93966 ], [ 5.89041, 51.93975 ], [ 5.89056, 51.93991 ], [ 5.8906, 51.94003 ], [ 5.8905, 51.94027 ], [ 5.89005, 51.94022 ], [ 5.88933, 51.9405 ], [ 5.88847, 51.94078 ], [ 5.88835, 51.94075 ], [ 5.88822, 51.94077 ], [ 5.88715, 51.94109 ], [ 5.88711, 51.94108 ], [ 5.88682, 51.94078 ], [ 5.88672, 51.94076 ], [ 5.88652, 51.94081 ], [ 5.88638, 51.9408 ], [ 5.88425, 51.93844 ], [ 5.88369, 51.93764 ], [ 5.88347, 51.93746 ], [ 5.88172, 51.93586 ], [ 5.88182, 51.93581 ], [ 5.88214, 51.93569 ], [ 5.88353, 51.93521 ], [ 5.88354, 51.93513 ], [ 5.88367, 51.93507 ], [ 5.88497, 51.93453 ], [ 5.88537, 51.93435 ], [ 5.88629, 51.93495 ], [ 5.88678, 51.93465 ], [ 5.88954, 51.93321 ], [ 5.88927, 51.93299 ], [ 5.88904, 51.9331 ], [ 5.88854, 51.93279 ], [ 5.88788, 51.93218 ], [ 5.88852, 51.93181 ], [ 5.88862, 51.9318 ], [ 5.88925, 51.93226 ], [ 5.88923, 51.93238 ], [ 5.88964, 51.9328 ], [ 5.88961, 51.93284 ], [ 5.88931, 51.93298 ], [ 5.88956, 51.93318 ], [ 5.89004, 51.93292 ], [ 5.88953, 51.93236 ], [ 5.89116, 51.93177 ], [ 5.89151, 51.93212 ], [ 5.89163, 51.93218 ], [ 5.89194, 51.93251 ], [ 5.8932, 51.93207 ], [ 5.89439, 51.93332 ], [ 5.89511, 51.93306 ], [ 5.89597, 51.93396 ], [ 5.89735, 51.93352 ], [ 5.8978, 51.93398 ], [ 5.89801, 51.93414 ], [ 5.89815, 51.93417 ], [ 5.89838, 51.93445 ], [ 5.89838, 51.93454 ], [ 5.89841, 51.93457 ], [ 5.90074, 51.93385 ], [ 5.90186, 51.93345 ], [ 5.90226, 51.93379 ], [ 5.90267, 51.9342 ], [ 5.90377, 51.93541 ], [ 5.90492, 51.93671 ], [ 5.90705, 51.93901 ], [ 5.90869, 51.94084 ], [ 5.90887, 51.9408 ], [ 5.90921, 51.94097 ], [ 5.90979, 51.94118 ], [ 5.91009, 51.94138 ], [ 5.91008, 51.94158 ], [ 5.91005, 51.94172 ], [ 5.90995, 51.94184 ], [ 5.90987, 51.94198 ], [ 5.90988, 51.94205 ], [ 5.90995, 51.94214 ], [ 5.91242, 51.94167 ], [ 5.91262, 51.94183 ], [ 5.91435, 51.94289 ], [ 5.91446, 51.94298 ], [ 5.9145, 51.94307 ], [ 5.91448, 51.9433 ], [ 5.91559, 51.944 ], [ 5.91565, 51.94407 ], [ 5.91589, 51.94403 ], [ 5.91643, 51.94536 ], [ 5.91722, 51.94718 ], [ 5.9172, 51.94791 ], [ 5.91717, 51.94813 ], [ 5.91732, 51.94822 ], [ 5.91771, 51.94829 ], [ 5.91816, 51.94831 ], [ 5.91836, 51.94842 ], [ 5.91887, 51.94863 ], [ 5.9192, 51.94869 ], [ 5.91948, 51.9487 ], [ 5.91978, 51.94876 ], [ 5.91979, 51.94893 ], [ 5.91985, 51.9492 ], [ 5.92002, 51.94945 ], [ 5.92, 51.94961 ], [ 5.92006, 51.94975 ], [ 5.92052, 51.94999 ], [ 5.92127, 51.95042 ], [ 5.92143, 51.95045 ], [ 5.92161, 51.94983 ], [ 5.92182, 51.94921 ], [ 5.92188, 51.94911 ], [ 5.92301, 51.94934 ], [ 5.92327, 51.94938 ], [ 5.92365, 51.94938 ], [ 5.92494, 51.94929 ], [ 5.92529, 51.94929 ], [ 5.92559, 51.94932 ], [ 5.92596, 51.94942 ], [ 5.92619, 51.94953 ], [ 5.92634, 51.94959 ], [ 5.9267, 51.94964 ], [ 5.92691, 51.94962 ], [ 5.92679, 51.94977 ], [ 5.92674, 51.94993 ], [ 5.92673, 51.95003 ], [ 5.92676, 51.95013 ], [ 5.92693, 51.95027 ], [ 5.92709, 51.95036 ], [ 5.92725, 51.95042 ], [ 5.9276, 51.95049 ], [ 5.92782, 51.95049 ], [ 5.92801, 51.95042 ], [ 5.92814, 51.95025 ], [ 5.92823, 51.95017 ], [ 5.9307, 51.94978 ], [ 5.93091, 51.94979 ], [ 5.93097, 51.94982 ], [ 5.93107, 51.94991 ], [ 5.93109, 51.94995 ], [ 5.93112, 51.95011 ], [ 5.93109, 51.95015 ], [ 5.93105, 51.95018 ], [ 5.93087, 51.95025 ], [ 5.92844, 51.95077 ], [ 5.92833, 51.9507 ], [ 5.92833, 51.9506 ], [ 5.92839, 51.95037 ], [ 5.92823, 51.95031 ], [ 5.92807, 51.95047 ], [ 5.92804, 51.95058 ], [ 5.92781, 51.95074 ], [ 5.92683, 51.95088 ], [ 5.9264, 51.95101 ], [ 5.92604, 51.95106 ], [ 5.92387, 51.95091 ], [ 5.92025, 51.95071 ], [ 5.91785, 51.95052 ], [ 5.91677, 51.95041 ], [ 5.91581, 51.95015 ], [ 5.91536, 51.95 ], [ 5.91502, 51.94984 ], [ 5.91482, 51.94954 ], [ 5.91446, 51.94891 ], [ 5.91447, 51.94871 ], [ 5.9148, 51.94833 ], [ 5.9144, 51.9486 ], [ 5.91425, 51.94872 ], [ 5.91417, 51.94875 ], [ 5.91387, 51.94867 ], [ 5.91362, 51.94876 ], [ 5.91314, 51.94876 ], [ 5.91289, 51.94879 ], [ 5.91266, 51.94885 ], [ 5.91219, 51.94864 ], [ 5.91194, 51.94827 ], [ 5.91176, 51.94821 ], [ 5.91132, 51.94796 ], [ 5.91092, 51.9478 ], [ 5.91095, 51.94761 ], [ 5.91093, 51.94753 ], [ 5.91087, 51.94746 ], [ 5.91047, 51.94723 ], [ 5.90997, 51.94706 ], [ 5.90946, 51.94691 ], [ 5.90919, 51.9469 ], [ 5.90835, 51.94695 ], [ 5.90809, 51.94692 ], [ 5.90783, 51.94692 ], [ 5.9073, 51.94694 ], [ 5.90736, 51.94718 ], [ 5.90649, 51.94727 ], [ 5.90636, 51.94717 ], [ 5.90618, 51.94711 ], [ 5.90588, 51.94708 ], [ 5.90018, 51.94692 ], [ 5.89904, 51.94732 ], [ 5.90588, 51.94708 ], [ 5.90587, 51.94708 ], [ 5.89904, 51.94732 ], [ 5.89696, 51.94517 ], [ 5.89648, 51.94461 ], [ 5.89644, 51.94452 ], [ 5.89641, 51.94443 ], [ 5.89597, 51.94398 ], [ 5.89584, 51.94381 ], [ 5.89583, 51.94377 ], [ 5.89578, 51.94375 ], [ 5.89558, 51.94373 ], [ 5.89543, 51.94366 ], [ 5.89532, 51.94357 ], [ 5.8953, 51.94342 ], [ 5.89538, 51.94332 ], [ 5.89553, 51.94325 ], [ 5.89482, 51.94244 ], [ 5.89455, 51.9422 ], [ 5.89416, 51.94223 ], [ 5.89355, 51.94214 ], [ 5.89904, 51.94732 ], [ 5.89904, 51.94732 ], [ 5.89823, 51.94861 ], [ 5.89816, 51.94835 ], [ 5.89799, 51.94805 ], [ 5.8978, 51.94776 ], [ 5.89904, 51.94732 ], [ 5.89823, 51.94861 ], [ 5.89853, 51.94867 ], [ 5.89989, 51.94817 ], [ 5.90014, 51.9482 ], [ 5.90074, 51.94801 ], [ 5.90164, 51.94779 ], [ 5.90331, 51.94745 ], [ 5.90493, 51.94713 ], [ 5.90514, 51.9471 ], [ 5.90541, 51.94711 ], [ 5.90588, 51.94708 ], [ 5.89823, 51.94861 ], [ 5.89823, 51.94861 ] ] } },
{ "type": "Feature", "properties": { "klompenpad_naam": "Woudhuizerpad-KIDS", "url": "https://klompenpaden.nl/klompenpaden/Woudhuizerpad-KIDS/214628f3-222c-4ac6-bac9-07af9782e14a", "date": null }, "geometry": { "type": "LineString", "coordinates": [ [ 6.03207, 52.20417 ], [ 6.03195, 52.20424 ], [ 6.03209, 52.20438 ], [ 6.03175, 52.20457 ], [ 6.03174, 52.20468 ], [ 6.03189, 52.20471 ], [ 6.03211, 52.20469 ], [ 6.03192, 52.20482 ], [ 6.03184, 52.20491 ], [ 6.03173, 52.20518 ], [ 6.03174, 52.20543 ], [ 6.03144, 52.20565 ], [ 6.0313, 52.20568 ], [ 6.03123, 52.20581 ], [ 6.03121, 52.20595 ], [ 6.03125, 52.20607 ], [ 6.03148, 52.20631 ], [ 6.03171, 52.20631 ], [ 6.03186, 52.20634 ], [ 6.03157, 52.20712 ], [ 6.03126, 52.20695 ], [ 6.03096, 52.20692 ], [ 6.03059, 52.20697 ], [ 6.02988, 52.20741 ], [ 6.02903, 52.20799 ], [ 6.02965, 52.20807 ], [ 6.02814, 52.20851 ], [ 6.02793, 52.20865 ], [ 6.02718, 52.21035 ], [ 6.02678, 52.21164 ], [ 6.02658, 52.21183 ], [ 6.02645, 52.21185 ], [ 6.02648, 52.2119 ], [ 6.02656, 52.21194 ], [ 6.02653, 52.21203 ], [ 6.02681, 52.21224 ], [ 6.02802, 52.21226 ], [ 6.03199, 52.21282 ], [ 6.0314, 52.21164 ], [ 6.03212, 52.20964 ], [ 6.03252, 52.2086 ], [ 6.03274, 52.20847 ], [ 6.03282, 52.20834 ], [ 6.03296, 52.20821 ], [ 6.03308, 52.20817 ], [ 6.03159, 52.20713 ], [ 6.0319, 52.2064 ], [ 6.03202, 52.20627 ], [ 6.03222, 52.20617 ], [ 6.03279, 52.20599 ], [ 6.03365, 52.20579 ], [ 6.03379, 52.20565 ], [ 6.03393, 52.20505 ], [ 6.03394, 52.20484 ], [ 6.03403, 52.20477 ], [ 6.03401, 52.20472 ], [ 6.03404, 52.20456 ], [ 6.03383, 52.20405 ], [ 6.03356, 52.20392 ], [ 6.03342, 52.20378 ], [ 6.03303, 52.20393 ], [ 6.0327, 52.20377 ], [ 6.03208, 52.20412 ] ] } },
{ "type": "Feature", "properties": { "klompenpad_naam": "Nijmolensebeekpad", "url": "https://klompenpaden.nl/klompenpaden/Nijmolensebeekpad/0d232f42-b4cb-4032-8a1e-f0db1206fef1", "date": "2025-07-11" }, "geometry": { "type": "LineString", "coordinates": [ [ 5.96519, 52.29042 ], [ 5.96555, 52.29043 ], [ 5.96624, 52.29039 ], [ 5.96676, 52.29276 ], [ 5.96657, 52.29339 ], [ 5.9664, 52.29571 ], [ 5.96696, 52.29589 ], [ 5.96778, 52.29652 ], [ 5.96833, 52.29687 ], [ 5.9687, 52.29693 ], [ 5.96993, 52.29728 ], [ 5.9703, 52.29744 ], [ 5.9702, 52.29803 ], [ 5.97, 52.29836 ], [ 5.9694, 52.29876 ], [ 5.96892, 52.29916 ], [ 5.96866, 52.29976 ], [ 5.97054, 52.29894 ], [ 5.97228, 52.30011 ], [ 5.97368, 52.30132 ], [ 5.97286, 52.30124 ], [ 5.97153, 52.30118 ], [ 5.96615, 52.30043 ], [ 5.96554, 52.30032 ], [ 5.96289, 52.30216 ], [ 5.96188, 52.30308 ], [ 5.961, 52.30316 ], [ 5.959, 52.30326 ], [ 5.95836, 52.30325 ], [ 5.95665, 52.30306 ], [ 5.95708, 52.30173 ], [ 5.95541, 52.30149 ], [ 5.95451, 52.30133 ], [ 5.95374, 52.30112 ], [ 5.95202, 52.30046 ], [ 5.95075, 52.30012 ], [ 5.94942, 52.29999 ], [ 5.94761, 52.29937 ], [ 5.94592, 52.30073 ], [ 5.94856, 52.30118 ], [ 5.95016, 52.302 ], [ 5.95167, 52.30233 ], [ 5.95283, 52.30255 ], [ 5.95413, 52.30273 ], [ 5.95386, 52.30346 ], [ 5.95355, 52.30344 ], [ 5.95316, 52.3034 ], [ 5.95222, 52.30325 ], [ 5.95129, 52.30315 ], [ 5.94399, 52.30266 ], [ 5.93566, 52.30207 ], [ 5.93396, 52.30194 ], [ 5.93169, 52.30194 ], [ 5.92607, 52.30188 ], [ 5.92918, 52.29803 ], [ 5.93086, 52.29831 ], [ 5.93071, 52.29799 ], [ 5.93058, 52.29728 ], [ 5.93041, 52.29682 ], [ 5.93034, 52.29669 ], [ 5.93184, 52.29705 ], [ 5.93226, 52.29717 ], [ 5.93185, 52.29749 ], [ 5.93167, 52.29795 ], [ 5.93198, 52.29795 ], [ 5.93209, 52.298 ], [ 5.93255, 52.2981 ], [ 5.93273, 52.29817 ], [ 5.93259, 52.29844 ], [ 5.93261, 52.29853 ], [ 5.93492, 52.29895 ], [ 5.93719, 52.29933 ], [ 5.93866, 52.29954 ], [ 5.9385, 52.29801 ], [ 5.93872, 52.29735 ], [ 5.9391, 52.2967 ], [ 5.94066, 52.29376 ], [ 5.94416, 52.29407 ], [ 5.94437, 52.294 ], [ 5.94456, 52.29388 ], [ 5.94457, 52.29369 ], [ 5.94427, 52.293 ], [ 5.94416, 52.29291 ], [ 5.94307, 52.293 ], [ 5.94288, 52.29272 ], [ 5.94247, 52.2925 ], [ 5.94241, 52.2923 ], [ 5.9422, 52.29212 ], [ 5.94221, 52.29208 ], [ 5.94252, 52.29213 ], [ 5.94274, 52.2921 ], [ 5.94284, 52.29195 ], [ 5.94291, 52.29165 ], [ 5.94309, 52.29164 ], [ 5.94327, 52.29161 ], [ 5.94327, 52.29141 ], [ 5.94317, 52.29132 ], [ 5.943, 52.29131 ], [ 5.94287, 52.29115 ], [ 5.94283, 52.29092 ], [ 5.94245, 52.29089 ], [ 5.94226, 52.29083 ], [ 5.942, 52.29041 ], [ 5.9406, 52.29006 ], [ 5.93801, 52.28937 ], [ 5.9341, 52.28842 ], [ 5.9309, 52.28766 ], [ 5.93034, 52.28754 ], [ 5.93007, 52.28753 ], [ 5.92975, 52.28755 ], [ 5.92795, 52.28766 ], [ 5.92763, 52.2866 ], [ 5.92768, 52.28655 ], [ 5.92777, 52.28652 ], [ 5.92878, 52.2864 ], [ 5.93058, 52.28624 ], [ 5.93123, 52.28619 ], [ 5.93212, 52.28619 ], [ 5.93277, 52.28633 ], [ 5.93319, 52.2865 ], [ 5.93593, 52.28698 ], [ 5.9387, 52.28743 ], [ 5.95762, 52.29064 ], [ 5.95647, 52.29224 ], [ 5.96651, 52.29328 ], [ 5.96659, 52.29332 ] ] } },
{ "type": "Feature", "properties": { "klompenpad_naam": "Zeegsepad", "url": "https://klompenpaden.nl/klompenpaden/Zeegsepad/dd77fc78-e6c1-499d-97df-54a4ce96e1e6", "date": null }, "geometry": { "type": "LineString", "coordinates": [ [ 5.87173, 51.88933 ], [ 5.87199, 51.88887 ], [ 5.8729, 51.88737 ], [ 5.87564, 51.88774 ], [ 5.87611, 51.88678 ], [ 5.87616, 51.88678 ], [ 5.87663, 51.88572 ], [ 5.87597, 51.88562 ], [ 5.87633, 51.88422 ], [ 5.87623, 51.88414 ], [ 5.87667, 51.88308 ], [ 5.87659, 51.88306 ], [ 5.87661, 51.88301 ], [ 5.87495, 51.88267 ], [ 5.87583, 51.88105 ], [ 5.87595, 51.88032 ], [ 5.87955, 51.88069 ], [ 5.87945, 51.88129 ], [ 5.87962, 51.88154 ], [ 5.8799, 51.88167 ], [ 5.88083, 51.88188 ], [ 5.88087, 51.88182 ], [ 5.88155, 51.88196 ], [ 5.88166, 51.88173 ], [ 5.88244, 51.88022 ], [ 5.8838, 51.88057 ], [ 5.88437, 51.87941 ], [ 5.88509, 51.87855 ], [ 5.8832, 51.87788 ], [ 5.88276, 51.87765 ], [ 5.88052, 51.87691 ], [ 5.87938, 51.87661 ], [ 5.8797, 51.87606 ], [ 5.87887, 51.87589 ], [ 5.87971, 51.87605 ], [ 5.88076, 51.87414 ], [ 5.88112, 51.87355 ], [ 5.87954, 51.87318 ], [ 5.87948, 51.87289 ], [ 5.87953, 51.87284 ], [ 5.87965, 51.87267 ], [ 5.87977, 51.87244 ], [ 5.88148, 51.87288 ], [ 5.88193, 51.87205 ], [ 5.88225, 51.87193 ], [ 5.88222, 51.87183 ], [ 5.88232, 51.87182 ], [ 5.88237, 51.87198 ], [ 5.88252, 51.87193 ], [ 5.8825, 51.87189 ], [ 5.8825, 51.87178 ], [ 5.88237, 51.87174 ], [ 5.88231, 51.87159 ], [ 5.88224, 51.87156 ], [ 5.88225, 51.87151 ], [ 5.88232, 51.87135 ], [ 5.88163, 51.87115 ], [ 5.88139, 51.87091 ], [ 5.88165, 51.8699 ], [ 5.88015, 51.86968 ], [ 5.88043, 51.86932 ], [ 5.8809, 51.86868 ], [ 5.8811, 51.86871 ], [ 5.88161, 51.86809 ], [ 5.88213, 51.86777 ], [ 5.88266, 51.8678 ], [ 5.88274, 51.86775 ], [ 5.88408, 51.86813 ], [ 5.88404, 51.86837 ], [ 5.88378, 51.86918 ], [ 5.88217, 51.86877 ], [ 5.8818, 51.86991 ], [ 5.88345, 51.87018 ], [ 5.88368, 51.87062 ], [ 5.88406, 51.87116 ], [ 5.88418, 51.87126 ], [ 5.88421, 51.87132 ], [ 5.88483, 51.87169 ], [ 5.88514, 51.87201 ], [ 5.88498, 51.8725 ], [ 5.88467, 51.8733 ], [ 5.88438, 51.87353 ], [ 5.88392, 51.87345 ], [ 5.88369, 51.87346 ], [ 5.88256, 51.87553 ], [ 5.88428, 51.87597 ], [ 5.88436, 51.87604 ], [ 5.88483, 51.87628 ], [ 5.88498, 51.87639 ], [ 5.88661, 51.87685 ], [ 5.88833, 51.87815 ], [ 5.88766, 51.87928 ], [ 5.88726, 51.87991 ], [ 5.88488, 51.87957 ], [ 5.88431, 51.8808 ], [ 5.88349, 51.88247 ], [ 5.88437, 51.88261 ], [ 5.88429, 51.88275 ], [ 5.8847, 51.88282 ], [ 5.88325, 51.88478 ], [ 5.88213, 51.88456 ], [ 5.881, 51.88647 ], [ 5.88069, 51.88702 ], [ 5.87979, 51.88683 ], [ 5.87969, 51.88709 ], [ 5.87935, 51.88699 ], [ 5.8788, 51.88834 ], [ 5.87559, 51.88795 ], [ 5.87538, 51.8891 ], [ 5.87534, 51.88937 ], [ 5.8752, 51.8894 ], [ 5.87513, 51.89039 ], [ 5.87519, 51.89096 ], [ 5.8748, 51.89097 ], [ 5.87449, 51.891 ], [ 5.87404, 51.89097 ], [ 5.87312, 51.89108 ], [ 5.87181, 51.89106 ], [ 5.87199, 51.89231 ], [ 5.87186, 51.89346 ], [ 5.87175, 51.89419 ], [ 5.87177, 51.8944 ], [ 5.86827, 51.89422 ], [ 5.86755, 51.89387 ], [ 5.86785, 51.893 ], [ 5.86799, 51.8925 ], [ 5.86765, 51.89248 ], [ 5.86749, 51.89232 ], [ 5.86633, 51.89229 ], [ 5.8658, 51.89268 ], [ 5.8652, 51.89239 ], [ 5.86496, 51.89195 ], [ 5.86552, 51.89064 ], [ 5.86592, 51.88949 ], [ 5.86598, 51.88945 ], [ 5.86598, 51.88943 ], [ 5.86753, 51.8895 ], [ 5.86768, 51.88938 ], [ 5.86773, 51.88929 ], [ 5.86901, 51.88906 ], [ 5.86932, 51.88898 ], [ 5.86962, 51.88894 ], [ 5.86995, 51.88895 ], [ 5.87024, 51.88899 ], [ 5.87064, 51.88911 ], [ 5.87098, 51.88925 ], [ 5.87155, 51.88939 ], [ 5.87174, 51.88933 ] ] } },
{ "type": "Feature", "properties": { "klompenpad_naam": "Sprabanenpad", "url": "https://klompenpaden.nl/klompenpaden/Sprabanenpad/8d3bad15-ff82-46c9-9dc1-a45808854ca5", "date": null }, "geometry": { "type": "LineString", "coordinates": [ [ 6.17112, 52.13811 ], [ 6.17126, 52.13799 ], [ 6.1714, 52.13789 ], [ 6.17183, 52.13773 ], [ 6.17285, 52.13725 ], [ 6.17293, 52.1371 ], [ 6.17358, 52.13653 ], [ 6.17386, 52.13625 ], [ 6.17477, 52.13554 ], [ 6.17485, 52.13541 ], [ 6.17465, 52.13498 ], [ 6.1747, 52.13494 ], [ 6.17593, 52.13601 ], [ 6.17614, 52.13615 ], [ 6.17687, 52.13656 ], [ 6.17728, 52.13676 ], [ 6.17829, 52.13608 ], [ 6.17941, 52.13557 ], [ 6.1802, 52.13609 ], [ 6.18149, 52.13687 ], [ 6.18173, 52.13655 ], [ 6.18216, 52.13623 ], [ 6.18261, 52.13584 ], [ 6.18237, 52.13556 ], [ 6.18269, 52.13545 ], [ 6.18291, 52.13543 ], [ 6.18301, 52.1354 ], [ 6.18348, 52.13511 ], [ 6.18393, 52.13578 ], [ 6.18402, 52.13613 ], [ 6.18401, 52.13628 ], [ 6.18364, 52.13626 ], [ 6.18313, 52.13614 ], [ 6.18265, 52.13686 ], [ 6.18129, 52.13905 ], [ 6.18122, 52.13909 ], [ 6.18243, 52.13972 ], [ 6.17896, 52.13858 ], [ 6.18143, 52.14 ], [ 6.18173, 52.14008 ], [ 6.18243, 52.13972 ], [ 6.1828, 52.13985 ], [ 6.18291, 52.14002 ], [ 6.18305, 52.14018 ], [ 6.18329, 52.14042 ], [ 6.18344, 52.1406 ], [ 6.18364, 52.14079 ], [ 6.1839, 52.14074 ], [ 6.1845, 52.14054 ], [ 6.18467, 52.14056 ], [ 6.18474, 52.14061 ], [ 6.18482, 52.14074 ], [ 6.18498, 52.14077 ], [ 6.18505, 52.14084 ], [ 6.18513, 52.14099 ], [ 6.18516, 52.14137 ], [ 6.18543, 52.14145 ], [ 6.18584, 52.14148 ], [ 6.18627, 52.14137 ], [ 6.18851, 52.1406 ], [ 6.18886, 52.14072 ], [ 6.18812, 52.14193 ], [ 6.1876, 52.14292 ], [ 6.18751, 52.1429 ], [ 6.18729, 52.14331 ], [ 6.18744, 52.14333 ], [ 6.18733, 52.14353 ], [ 6.18714, 52.14366 ], [ 6.18692, 52.14411 ], [ 6.18637, 52.14506 ], [ 6.18611, 52.14497 ], [ 6.18586, 52.14484 ], [ 6.18564, 52.14461 ], [ 6.18402, 52.14445 ], [ 6.18375, 52.14439 ], [ 6.18368, 52.14454 ], [ 6.18336, 52.14501 ], [ 6.18316, 52.1457 ], [ 6.18314, 52.14601 ], [ 6.18284, 52.14632 ], [ 6.18263, 52.14668 ], [ 6.18225, 52.14731 ], [ 6.18164, 52.14889 ], [ 6.18118, 52.14883 ], [ 6.17904, 52.14901 ], [ 6.17817, 52.14916 ], [ 6.17347, 52.15032 ], [ 6.1725, 52.14887 ], [ 6.17215, 52.14844 ], [ 6.17173, 52.14798 ], [ 6.17167, 52.14784 ], [ 6.17166, 52.14735 ], [ 6.17075, 52.1475 ], [ 6.16695, 52.14807 ], [ 6.16639, 52.14813 ], [ 6.16599, 52.14813 ], [ 6.16531, 52.14954 ], [ 6.16491, 52.14959 ], [ 6.1645, 52.14957 ], [ 6.1644, 52.14965 ], [ 6.16434, 52.14989 ], [ 6.16427, 52.15164 ], [ 6.16424, 52.15354 ], [ 6.16422, 52.15357 ], [ 6.16335, 52.15378 ], [ 6.15929, 52.15469 ], [ 6.15486, 52.1554 ], [ 6.15452, 52.15537 ], [ 6.15035, 52.15412 ], [ 6.15014, 52.15407 ], [ 6.14473, 52.15712 ], [ 6.14435, 52.15737 ], [ 6.14438, 52.15746 ], [ 6.14425, 52.15753 ], [ 6.14433, 52.15759 ], [ 6.14367, 52.15785 ], [ 6.14348, 52.15799 ], [ 6.1435, 52.15814 ], [ 6.1433, 52.15822 ], [ 6.14304, 52.15797 ], [ 6.14292, 52.15784 ], [ 6.14235, 52.15807 ], [ 6.14086, 52.15863 ], [ 6.13783, 52.15828 ], [ 6.13772, 52.15821 ], [ 6.13823, 52.15783 ], [ 6.13857, 52.15748 ], [ 6.13876, 52.15723 ], [ 6.13894, 52.15695 ], [ 6.13902, 52.1566 ], [ 6.13913, 52.15641 ], [ 6.14029, 52.15524 ], [ 6.1406, 52.1553 ], [ 6.1408, 52.15526 ], [ 6.14119, 52.15494 ], [ 6.14131, 52.15487 ], [ 6.1422, 52.15465 ], [ 6.14261, 52.1545 ], [ 6.14328, 52.15435 ], [ 6.14296, 52.15404 ], [ 6.14185, 52.15193 ], [ 6.14178, 52.1515 ], [ 6.14177, 52.151 ], [ 6.14184, 52.15009 ], [ 6.1419, 52.14799 ], [ 6.14213, 52.14764 ], [ 6.14392, 52.14599 ], [ 6.14429, 52.1458 ], [ 6.14491, 52.14556 ], [ 6.14761, 52.14481 ], [ 6.1477, 52.14492 ], [ 6.15009, 52.14425 ], [ 6.15058, 52.14417 ], [ 6.1511, 52.14419 ], [ 6.15171, 52.14427 ], [ 6.15189, 52.14419 ], [ 6.15195, 52.14414 ], [ 6.15261, 52.14424 ], [ 6.154, 52.14459 ], [ 6.1544, 52.14466 ], [ 6.15532, 52.14472 ], [ 6.15575, 52.14477 ], [ 6.15743, 52.14504 ], [ 6.15763, 52.14503 ], [ 6.15756, 52.14455 ], [ 6.15774, 52.14336 ], [ 6.15771, 52.14297 ], [ 6.15803, 52.14135 ], [ 6.1585, 52.13929 ], [ 6.15853, 52.13909 ], [ 6.15842, 52.13898 ], [ 6.15746, 52.13867 ], [ 6.15663, 52.13847 ], [ 6.15632, 52.13841 ], [ 6.15594, 52.13838 ], [ 6.1558, 52.1384 ], [ 6.15567, 52.13844 ], [ 6.15518, 52.13881 ], [ 6.15498, 52.13889 ], [ 6.15481, 52.13893 ], [ 6.15455, 52.13891 ], [ 6.15393, 52.13883 ], [ 6.15412, 52.13841 ], [ 6.15425, 52.13818 ], [ 6.15432, 52.13809 ], [ 6.155, 52.13764 ], [ 6.15681, 52.13686 ], [ 6.15885, 52.13575 ], [ 6.15916, 52.1356 ], [ 6.15949, 52.13551 ], [ 6.16035, 52.13544 ], [ 6.16071, 52.13539 ], [ 6.16092, 52.13531 ], [ 6.16103, 52.13523 ], [ 6.16106, 52.13519 ], [ 6.16107, 52.13516 ], [ 6.16111, 52.13411 ], [ 6.16117, 52.13374 ], [ 6.16135, 52.13295 ], [ 6.16253, 52.13288 ], [ 6.16397, 52.13283 ], [ 6.16462, 52.13285 ], [ 6.1643, 52.13466 ], [ 6.16392, 52.13462 ], [ 6.16341, 52.13807 ], [ 6.16413, 52.13804 ], [ 6.16437, 52.13803 ], [ 6.16443, 52.138 ], [ 6.16504, 52.13805 ], [ 6.16584, 52.13805 ], [ 6.16584, 52.13851 ], [ 6.1708, 52.13894 ], [ 6.17112, 52.13811 ] ] } },
{ "type": "Feature", "properties": { "klompenpad_naam": "Greffelkampsepad", "url": "https://klompenpaden.nl/klompenpaden/Greffelkampsepad/918ae391-88c7-4ecd-9f1d-879a7cc84ce1", "date": null }, "geometry": { "type": "LineString", "coordinates": [ [ 6.11867, 51.94142 ], [ 6.11757, 51.94132 ], [ 6.11717, 51.94115 ], [ 6.11745, 51.94041 ], [ 6.11731, 51.9403 ], [ 6.11549, 51.94021 ], [ 6.11414, 51.94019 ], [ 6.1134, 51.93968 ], [ 6.10985, 51.93963 ], [ 6.10908, 51.9401 ], [ 6.1087, 51.94011 ], [ 6.10823, 51.94054 ], [ 6.10776, 51.94088 ], [ 6.10738, 51.9411 ], [ 6.10659, 51.94149 ], [ 6.1061, 51.94181 ], [ 6.1058, 51.94195 ], [ 6.10553, 51.94203 ], [ 6.10454, 51.94239 ], [ 6.1044, 51.94243 ], [ 6.1042, 51.94247 ], [ 6.10375, 51.9425 ], [ 6.10215, 51.94253 ], [ 6.10174, 51.94258 ], [ 6.1014, 51.94266 ], [ 6.10108, 51.94279 ], [ 6.10092, 51.94289 ], [ 6.10084, 51.94299 ], [ 6.10104, 51.94403 ], [ 6.09906, 51.94417 ], [ 6.0991, 51.94424 ], [ 6.09936, 51.94447 ], [ 6.09734, 51.94473 ], [ 6.09737, 51.94478 ], [ 6.09642, 51.94507 ], [ 6.09649, 51.94517 ], [ 6.09662, 51.94526 ], [ 6.09667, 51.94532 ], [ 6.09678, 51.94548 ], [ 6.09687, 51.94577 ], [ 6.09694, 51.94581 ], [ 6.097, 51.94594 ], [ 6.09685, 51.94597 ], [ 6.09688, 51.94882 ], [ 6.09679, 51.949 ], [ 6.09722, 51.94906 ], [ 6.10014, 51.949 ], [ 6.10021, 51.94905 ], [ 6.10014, 51.94913 ], [ 6.10013, 51.94932 ], [ 6.10015, 51.95506 ], [ 6.09818, 51.95498 ], [ 6.09499, 51.95482 ], [ 6.09419, 51.95482 ], [ 6.0931, 51.95479 ], [ 6.09139, 51.95479 ], [ 6.09144, 51.95584 ], [ 6.09148, 51.95694 ], [ 6.09153, 51.96254 ], [ 6.09168, 51.96266 ], [ 6.09229, 51.96284 ], [ 6.09417, 51.96258 ], [ 6.09681, 51.96214 ], [ 6.0975, 51.9621 ], [ 6.09909, 51.96208 ], [ 6.10024, 51.96196 ], [ 6.10196, 51.96182 ], [ 6.10306, 51.9618 ], [ 6.10427, 51.96184 ], [ 6.10498, 51.9606 ], [ 6.10582, 51.95936 ], [ 6.10615, 51.95889 ], [ 6.10677, 51.95783 ], [ 6.10769, 51.95617 ], [ 6.1081, 51.95551 ], [ 6.1082, 51.95538 ], [ 6.10833, 51.9553 ], [ 6.10835, 51.95518 ], [ 6.10867, 51.95478 ], [ 6.1091, 51.95418 ], [ 6.10928, 51.9539 ], [ 6.10966, 51.95356 ], [ 6.10987, 51.95334 ], [ 6.10997, 51.9531 ], [ 6.10995, 51.95232 ], [ 6.11012, 51.95179 ], [ 6.1102, 51.95163 ], [ 6.11031, 51.95111 ], [ 6.11035, 51.95101 ], [ 6.11045, 51.95093 ], [ 6.11061, 51.95095 ], [ 6.11078, 51.951 ], [ 6.11149, 51.9503 ], [ 6.1107, 51.95011 ], [ 6.1099, 51.95009 ], [ 6.1092, 51.95019 ], [ 6.10855, 51.95036 ], [ 6.10796, 51.9506 ], [ 6.10777, 51.95042 ], [ 6.10763, 51.95033 ], [ 6.10745, 51.95023 ], [ 6.10642, 51.94993 ], [ 6.10439, 51.94918 ], [ 6.1044, 51.94915 ], [ 6.10447, 51.94912 ], [ 6.10534, 51.9488 ], [ 6.10626, 51.94854 ], [ 6.10607, 51.94837 ], [ 6.10597, 51.94824 ], [ 6.10597, 51.94813 ], [ 6.10591, 51.94804 ], [ 6.10571, 51.94791 ], [ 6.10568, 51.94778 ], [ 6.10554, 51.94759 ], [ 6.10536, 51.94746 ], [ 6.10532, 51.94737 ], [ 6.10508, 51.9472 ], [ 6.10496, 51.9471 ], [ 6.10484, 51.94709 ], [ 6.10435, 51.94603 ], [ 6.10443, 51.94604 ], [ 6.10508, 51.94623 ], [ 6.10637, 51.94658 ], [ 6.1078, 51.94621 ], [ 6.10757, 51.94614 ], [ 6.10666, 51.94595 ], [ 6.10573, 51.94583 ], [ 6.10509, 51.9458 ], [ 6.10444, 51.94578 ], [ 6.10357, 51.94578 ], [ 6.10137, 51.94588 ], [ 6.1012, 51.94496 ], [ 6.10115, 51.94449 ], [ 6.10244, 51.94435 ], [ 6.10267, 51.94437 ], [ 6.10309, 51.94431 ], [ 6.10308, 51.94385 ], [ 6.1031, 51.94364 ], [ 6.10318, 51.94353 ], [ 6.10316, 51.94346 ], [ 6.10285, 51.94296 ], [ 6.10285, 51.94291 ], [ 6.10312, 51.94298 ], [ 6.10444, 51.94346 ], [ 6.10465, 51.94352 ], [ 6.1056, 51.9437 ], [ 6.10652, 51.94393 ], [ 6.10679, 51.94398 ], [ 6.10666, 51.94419 ], [ 6.10786, 51.94454 ], [ 6.10826, 51.94483 ], [ 6.10889, 51.94502 ], [ 6.10891, 51.94499 ], [ 6.10904, 51.94495 ], [ 6.10918, 51.94494 ], [ 6.10937, 51.94497 ], [ 6.10947, 51.94502 ], [ 6.10954, 51.9451 ], [ 6.11009, 51.94528 ], [ 6.11009, 51.94533 ], [ 6.11021, 51.94536 ], [ 6.11186, 51.94473 ], [ 6.11216, 51.94454 ], [ 6.11234, 51.9444 ], [ 6.11247, 51.94426 ], [ 6.11254, 51.94411 ], [ 6.11269, 51.94394 ], [ 6.11436, 51.94276 ], [ 6.11467, 51.94251 ], [ 6.11503, 51.9423 ], [ 6.1152, 51.94215 ], [ 6.11552, 51.94223 ], [ 6.11573, 51.94226 ], [ 6.1161, 51.94226 ], [ 6.11625, 51.94224 ], [ 6.11646, 51.94202 ], [ 6.11656, 51.94182 ], [ 6.11663, 51.94149 ], [ 6.11681, 51.94137 ], [ 6.11757, 51.94132 ], [ 6.11867, 51.94142 ] ] } },
{ "type": "Feature", "properties": { "klompenpad_naam": "Hallsekerkepad", "url": "https://klompenpaden.nl/klompenpaden/Hallsekerkepad/ce2ad5b8-40b8-4e5a-96b6-bd824be6daba", "date": null }, "geometry": { "type": "LineString", "coordinates": [ [ 6.13028, 52.0973 ], [ 6.12882, 52.09714 ], [ 6.12878, 52.09752 ], [ 6.12873, 52.09754 ], [ 6.12312, 52.09663 ], [ 6.12292, 52.09671 ], [ 6.12236, 52.09663 ], [ 6.12174, 52.09758 ], [ 6.12155, 52.09766 ], [ 6.11949, 52.09783 ], [ 6.11939, 52.09824 ], [ 6.11931, 52.0983 ], [ 6.11888, 52.09825 ], [ 6.11873, 52.09831 ], [ 6.11867, 52.09876 ], [ 6.11839, 52.09919 ], [ 6.11806, 52.09955 ], [ 6.11797, 52.09973 ], [ 6.11786, 52.10008 ], [ 6.11722, 52.10196 ], [ 6.11711, 52.102 ], [ 6.11696, 52.10198 ], [ 6.11645, 52.10181 ], [ 6.1163, 52.10181 ], [ 6.11613, 52.10173 ], [ 6.11605, 52.10172 ], [ 6.11594, 52.10168 ], [ 6.11547, 52.10161 ], [ 6.11532, 52.10175 ], [ 6.11512, 52.10171 ], [ 6.11477, 52.10177 ], [ 6.11441, 52.10191 ], [ 6.11419, 52.10213 ], [ 6.11409, 52.10238 ], [ 6.11398, 52.10249 ], [ 6.11376, 52.10255 ], [ 6.11357, 52.10271 ], [ 6.11327, 52.10327 ], [ 6.1134, 52.10342 ], [ 6.11368, 52.10359 ], [ 6.11356, 52.10387 ], [ 6.1136, 52.10404 ], [ 6.11378, 52.10419 ], [ 6.11494, 52.10456 ], [ 6.1149, 52.10427 ], [ 6.11498, 52.10415 ], [ 6.11511, 52.10401 ], [ 6.11524, 52.10414 ], [ 6.11549, 52.10422 ], [ 6.11571, 52.10423 ], [ 6.11626, 52.1041 ], [ 6.11669, 52.10405 ], [ 6.11775, 52.10419 ], [ 6.1181, 52.10437 ], [ 6.11836, 52.10452 ], [ 6.11891, 52.1053 ], [ 6.11893, 52.10559 ], [ 6.11878, 52.10588 ], [ 6.11891, 52.10597 ], [ 6.11908, 52.10602 ], [ 6.12079, 52.10592 ], [ 6.12273, 52.10561 ], [ 6.12457, 52.10571 ], [ 6.12462, 52.10706 ], [ 6.12461, 52.10747 ], [ 6.13105, 52.09752 ], [ 6.13028, 52.0973 ], [ 6.12463, 52.10741 ], [ 6.1256, 52.10748 ], [ 6.12663, 52.10793 ], [ 6.12742, 52.10803 ], [ 6.12834, 52.10895 ], [ 6.1291, 52.10905 ], [ 6.1302, 52.10932 ], [ 6.1295, 52.10975 ], [ 6.12902, 52.1104 ], [ 6.12894, 52.11061 ], [ 6.12763, 52.1105 ], [ 6.12721, 52.11159 ], [ 6.12693, 52.11184 ], [ 6.12662, 52.11188 ], [ 6.12518, 52.11178 ], [ 6.12501, 52.11224 ], [ 6.12445, 52.11265 ], [ 6.12399, 52.11279 ], [ 6.12373, 52.11319 ], [ 6.12347, 52.11333 ], [ 6.12288, 52.11485 ], [ 6.12681, 52.11541 ], [ 6.1253, 52.11949 ], [ 6.10887, 52.11716 ], [ 6.10867, 52.11709 ], [ 6.10685, 52.11607 ], [ 6.10671, 52.11604 ], [ 6.1063, 52.11601 ], [ 6.10468, 52.11593 ], [ 6.0987, 52.11432 ], [ 6.09796, 52.11413 ], [ 6.0978, 52.11415 ], [ 6.09586, 52.11364 ], [ 6.09345, 52.1146 ], [ 6.09221, 52.11392 ], [ 6.09146, 52.11325 ], [ 6.09036, 52.11221 ], [ 6.08992, 52.11176 ], [ 6.09214, 52.11092 ], [ 6.09188, 52.11076 ], [ 6.09142, 52.11052 ], [ 6.09128, 52.11038 ], [ 6.09127, 52.11032 ], [ 6.09128, 52.11024 ], [ 6.09273, 52.10961 ], [ 6.09416, 52.10902 ], [ 6.0944, 52.10931 ], [ 6.09475, 52.1096 ], [ 6.09515, 52.10986 ], [ 6.09627, 52.11051 ], [ 6.09679, 52.1107 ], [ 6.09803, 52.11108 ], [ 6.09872, 52.11141 ], [ 6.09909, 52.11162 ], [ 6.09944, 52.11211 ], [ 6.09982, 52.11262 ], [ 6.10026, 52.11296 ], [ 6.10069, 52.11324 ], [ 6.10093, 52.11317 ], [ 6.10161, 52.11254 ], [ 6.10264, 52.11197 ], [ 6.1032, 52.11158 ], [ 6.10371, 52.11111 ], [ 6.10389, 52.11085 ], [ 6.10383, 52.11071 ], [ 6.10413, 52.11067 ], [ 6.10446, 52.11072 ], [ 6.10523, 52.11098 ], [ 6.10534, 52.11093 ], [ 6.10576, 52.11016 ], [ 6.10615, 52.10993 ], [ 6.10658, 52.10909 ], [ 6.1067, 52.10905 ], [ 6.10716, 52.10919 ], [ 6.10724, 52.10915 ], [ 6.10758, 52.10839 ], [ 6.10783, 52.10772 ], [ 6.10935, 52.10691 ], [ 6.10957, 52.10626 ], [ 6.1094, 52.10619 ], [ 6.1094, 52.10611 ], [ 6.10871, 52.10545 ], [ 6.10852, 52.10479 ], [ 6.10856, 52.10357 ], [ 6.10879, 52.1035 ], [ 6.10866, 52.10231 ], [ 6.10551, 52.10207 ], [ 6.10431, 52.1021 ], [ 6.1042, 52.10202 ], [ 6.10538, 52.10164 ], [ 6.10572, 52.09901 ], [ 6.10581, 52.09893 ], [ 6.11086, 52.1004 ], [ 6.11133, 52.09783 ], [ 6.11229, 52.09789 ], [ 6.1127, 52.09539 ], [ 6.11542, 52.09556 ], [ 6.11755, 52.09576 ], [ 6.1185, 52.09592 ], [ 6.11893, 52.09597 ], [ 6.11892, 52.09565 ], [ 6.11897, 52.09534 ], [ 6.11907, 52.09522 ], [ 6.11949, 52.09518 ], [ 6.11953, 52.09512 ], [ 6.11953, 52.0948 ], [ 6.11967, 52.09399 ], [ 6.11954, 52.09351 ], [ 6.11945, 52.09292 ], [ 6.11913, 52.09247 ], [ 6.11913, 52.09238 ], [ 6.12317, 52.09275 ], [ 6.12324, 52.09257 ], [ 6.12389, 52.09265 ], [ 6.12422, 52.09266 ], [ 6.12473, 52.09265 ], [ 6.12505, 52.09268 ], [ 6.12562, 52.09278 ], [ 6.12619, 52.0928 ], [ 6.12667, 52.09285 ], [ 6.12717, 52.09278 ], [ 6.12762, 52.09289 ], [ 6.12794, 52.09289 ], [ 6.12832, 52.09283 ], [ 6.12874, 52.09288 ], [ 6.12899, 52.09288 ], [ 6.12921, 52.09284 ], [ 6.12943, 52.09272 ], [ 6.12937, 52.09314 ], [ 6.13054, 52.0932 ], [ 6.13007, 52.09654 ], [ 6.13045, 52.09661 ], [ 6.13028, 52.0973 ] ] } },
{ "type": "Feature", "properties": { "klompenpad_naam": "Giesepad", "url": "https://klompenpaden.nl/klompenpaden/Giesepad/2f515044-08f2-497e-a2c1-721273c3329c", "date": null }, "geometry": { "type": "LineString", "coordinates": [ [ 6.05994, 51.98642 ], [ 6.05999, 51.98642 ], [ 6.06009, 51.98615 ], [ 6.06031, 51.9854 ], [ 6.06082, 51.98382 ], [ 6.06139, 51.98216 ], [ 6.06143, 51.98197 ], [ 6.0615, 51.98184 ], [ 6.06486, 51.98221 ], [ 6.06621, 51.98238 ], [ 6.06779, 51.98256 ], [ 6.06889, 51.9827 ], [ 6.07004, 51.98283 ], [ 6.07039, 51.98284 ], [ 6.07098, 51.98298 ], [ 6.07181, 51.98342 ], [ 6.07193, 51.98362 ], [ 6.07204, 51.98441 ], [ 6.07225, 51.98527 ], [ 6.07209, 51.98687 ], [ 6.07206, 51.98707 ], [ 6.07193, 51.98843 ], [ 6.07272, 51.98799 ], [ 6.07412, 51.98831 ], [ 6.07513, 51.98851 ], [ 6.07516, 51.98861 ], [ 6.07729, 51.98847 ], [ 6.07912, 51.98838 ], [ 6.07921, 51.98907 ], [ 6.07926, 51.98975 ], [ 6.07939, 51.98993 ], [ 6.08056, 51.99024 ], [ 6.08172, 51.9899 ], [ 6.08218, 51.99077 ], [ 6.0827, 51.99165 ], [ 6.08292, 51.99209 ], [ 6.08366, 51.9919 ], [ 6.08402, 51.99185 ], [ 6.08415, 51.99191 ], [ 6.08449, 51.99246 ], [ 6.08464, 51.99277 ], [ 6.08466, 51.99296 ], [ 6.08444, 51.9932 ], [ 6.08379, 51.99384 ], [ 6.08301, 51.99465 ], [ 6.08187, 51.9956 ], [ 6.08114, 51.99617 ], [ 6.08028, 51.99672 ], [ 6.07976, 51.99704 ], [ 6.07949, 51.99715 ], [ 6.07929, 51.99727 ], [ 6.07866, 51.99774 ], [ 6.07788, 51.99814 ], [ 6.07775, 51.99815 ], [ 6.07762, 51.99811 ], [ 6.07775, 51.99815 ], [ 6.07788, 51.99814 ], [ 6.07866, 51.99774 ], [ 6.0788, 51.99783 ], [ 6.07799, 51.99834 ], [ 6.07766, 51.99851 ], [ 6.07653, 51.9992 ], [ 6.07605, 51.9994 ], [ 6.07616, 51.99951 ], [ 6.07555, 51.99965 ], [ 6.07481, 51.99969 ], [ 6.0746, 51.9999 ], [ 6.07459, 51.99998 ], [ 6.07465, 52.00007 ], [ 6.07501, 52.00035 ], [ 6.07515, 52.00052 ], [ 6.07519, 52.00054 ], [ 6.07537, 52.00055 ], [ 6.0755, 52.00051 ], [ 6.0757, 52.00034 ], [ 6.07587, 52.00028 ], [ 6.07683, 52.00047 ], [ 6.07721, 52.00064 ], [ 6.07681, 52.00113 ], [ 6.07644, 52.0022 ], [ 6.07648, 52.00229 ], [ 6.07639, 52.00233 ], [ 6.0756, 52.0023 ], [ 6.07539, 52.00216 ], [ 6.07534, 52.00207 ], [ 6.0752, 52.00151 ], [ 6.07497, 52.00135 ], [ 6.07471, 52.0012 ], [ 6.07449, 52.00102 ], [ 6.07433, 52.00071 ], [ 6.07391, 52.00045 ], [ 6.07343, 52.00027 ], [ 6.07328, 52.00017 ], [ 6.07258, 52.00012 ], [ 6.07122, 52.00004 ], [ 6.07031, 52.00001 ], [ 6.07027, 52.00039 ], [ 6.07031, 52.00197 ], [ 6.07025, 52.00205 ], [ 6.07013, 52.00212 ], [ 6.0699, 52.00215 ], [ 6.06967, 52.00216 ], [ 6.06918, 52.00214 ], [ 6.0686, 52.0022 ], [ 6.06827, 52.00226 ], [ 6.06793, 52.00242 ], [ 6.06774, 52.00254 ], [ 6.06713, 52.00234 ], [ 6.06699, 52.00244 ], [ 6.06679, 52.0025 ], [ 6.06652, 52.00247 ], [ 6.06644, 52.00244 ], [ 6.06663, 52.0019 ], [ 6.0667, 52.00142 ], [ 6.06657, 52.00064 ], [ 6.06628, 51.99987 ], [ 6.06585, 51.99919 ], [ 6.06541, 51.99877 ], [ 6.06533, 51.99863 ], [ 6.06525, 51.9983 ], [ 6.06523, 51.99801 ], [ 6.06527, 51.99768 ], [ 6.06533, 51.99757 ], [ 6.06548, 51.99741 ], [ 6.0657, 51.99723 ], [ 6.06578, 51.99709 ], [ 6.06575, 51.99694 ], [ 6.06555, 51.99668 ], [ 6.06539, 51.99642 ], [ 6.06488, 51.99632 ], [ 6.06465, 51.99601 ], [ 6.06367, 51.99487 ], [ 6.06276, 51.99371 ], [ 6.06247, 51.99344 ], [ 6.06171, 51.99316 ], [ 6.06124, 51.99313 ], [ 6.06059, 51.99305 ], [ 6.06007, 51.99285 ], [ 6.05868, 51.99191 ], [ 6.05474, 51.99077 ], [ 6.0538, 51.98986 ], [ 6.05368, 51.98979 ], [ 6.05379, 51.98967 ], [ 6.05149, 51.98915 ], [ 6.05093, 51.98897 ], [ 6.05036, 51.98874 ], [ 6.0499, 51.98844 ], [ 6.04939, 51.98804 ], [ 6.04909, 51.98764 ], [ 6.04851, 51.98715 ], [ 6.04777, 51.98659 ], [ 6.04749, 51.98635 ], [ 6.04711, 51.98613 ], [ 6.04659, 51.98598 ], [ 6.04629, 51.98593 ], [ 6.04598, 51.98591 ], [ 6.04515, 51.9859 ], [ 6.04471, 51.98584 ], [ 6.04476, 51.98571 ], [ 6.04493, 51.98547 ], [ 6.04494, 51.98523 ], [ 6.04498, 51.98509 ], [ 6.04536, 51.98452 ], [ 6.04558, 51.98455 ], [ 6.04631, 51.98353 ], [ 6.05256, 51.98485 ], [ 6.05265, 51.98479 ], [ 6.05294, 51.98486 ], [ 6.05317, 51.98498 ], [ 6.05994, 51.98642 ] ] } },
{ "type": "Feature", "properties": { "klompenpad_naam": "Oranjeveldpad", "url": "https://klompenpaden.nl/klompenpaden/Oranjeveldpad/7ed3c94b-5e1e-407f-8e1c-2827d80d15e7", "date": "2024-01-26" }, "geometry": { "type": "LineString", "coordinates": [ [ 5.98163, 52.25522 ], [ 5.98202, 52.2561 ], [ 5.98246, 52.25779 ], [ 5.98393, 52.26113 ], [ 5.98482, 52.26294 ], [ 5.9848, 52.26335 ], [ 5.98523, 52.26452 ], [ 5.98492, 52.2646 ], [ 5.98495, 52.26473 ], [ 5.98509, 52.26514 ], [ 5.98562, 52.2665 ], [ 5.98586, 52.26703 ], [ 5.98598, 52.26715 ], [ 5.98631, 52.26788 ], [ 5.98688, 52.2692 ], [ 5.98681, 52.26934 ], [ 5.98523, 52.26951 ], [ 5.98525, 52.27041 ], [ 5.97294, 52.2701 ], [ 5.97273, 52.27101 ], [ 5.97262, 52.27102 ], [ 5.97255, 52.27166 ], [ 5.97255, 52.27182 ], [ 5.97109, 52.27176 ], [ 5.96949, 52.27173 ], [ 5.96944, 52.27136 ], [ 5.9691, 52.27003 ], [ 5.96203, 52.26974 ], [ 5.96177, 52.27144 ], [ 5.95909, 52.2714 ], [ 5.95882, 52.27088 ], [ 5.95873, 52.27086 ], [ 5.95617, 52.27075 ], [ 5.95132, 52.27047 ], [ 5.94357, 52.27012 ], [ 5.94353, 52.27223 ], [ 5.94142, 52.27173 ], [ 5.94204, 52.26433 ], [ 5.94214, 52.26357 ], [ 5.94241, 52.26039 ], [ 5.94118, 52.2588 ], [ 5.94301, 52.25862 ], [ 5.9433, 52.25586 ], [ 5.94315, 52.25585 ], [ 5.94393, 52.25091 ], [ 5.94431, 52.24933 ], [ 5.94578, 52.2493 ], [ 5.94583, 52.24728 ], [ 5.94571, 52.24722 ], [ 5.94593, 52.24686 ], [ 5.94683, 52.24599 ], [ 5.94697, 52.24591 ], [ 5.94688, 52.24586 ], [ 5.94796, 52.24518 ], [ 5.94976, 52.24418 ], [ 5.9504, 52.24391 ], [ 5.95652, 52.24053 ], [ 5.95682, 52.24061 ], [ 5.95704, 52.24036 ], [ 5.95726, 52.24007 ], [ 5.9574, 52.23985 ], [ 5.95748, 52.23934 ], [ 5.9574, 52.23894 ], [ 5.95704, 52.23827 ], [ 5.95721, 52.23827 ], [ 5.95847, 52.23837 ], [ 5.96016, 52.23851 ], [ 5.96101, 52.23865 ], [ 5.96183, 52.23863 ], [ 5.96195, 52.23858 ], [ 5.96175, 52.23801 ], [ 5.96332, 52.23801 ], [ 5.96349, 52.23809 ], [ 5.96354, 52.23817 ], [ 5.96357, 52.23837 ], [ 5.96384, 52.2384 ], [ 5.9647, 52.23828 ], [ 5.96646, 52.23795 ], [ 5.96657, 52.23786 ], [ 5.96659, 52.23781 ], [ 5.96657, 52.23755 ], [ 5.96649, 52.23705 ], [ 5.96654, 52.23695 ], [ 5.96663, 52.23688 ], [ 5.96693, 52.23684 ], [ 5.96733, 52.23685 ], [ 5.96756, 52.23684 ], [ 5.96798, 52.23677 ], [ 5.96853, 52.23678 ], [ 5.96941, 52.2367 ], [ 5.96958, 52.23671 ], [ 5.97038, 52.23657 ], [ 5.97097, 52.23664 ], [ 5.97143, 52.23654 ], [ 5.97183, 52.23655 ], [ 5.97254, 52.23639 ], [ 5.97404, 52.23616 ], [ 5.97413, 52.2365 ], [ 5.97429, 52.23654 ], [ 5.97466, 52.23653 ], [ 5.97502, 52.23664 ], [ 5.97504, 52.23673 ], [ 5.97512, 52.23684 ], [ 5.97499, 52.2384 ], [ 5.97497, 52.23901 ], [ 5.97499, 52.23912 ], [ 5.97508, 52.23917 ], [ 5.97503, 52.23927 ], [ 5.9751, 52.23944 ], [ 5.97512, 52.23961 ], [ 5.97526, 52.24004 ], [ 5.97534, 52.24051 ], [ 5.97565, 52.24104 ], [ 5.97589, 52.24179 ], [ 5.97633, 52.24301 ], [ 5.97666, 52.243 ], [ 5.97633, 52.24302 ], [ 5.97683, 52.24433 ], [ 5.97697, 52.24433 ], [ 5.97717, 52.24468 ], [ 5.97685, 52.24458 ], [ 5.97671, 52.24451 ], [ 5.97641, 52.24376 ], [ 5.97628, 52.24377 ], [ 5.9766, 52.24456 ], [ 5.97681, 52.24488 ], [ 5.97704, 52.24503 ], [ 5.97729, 52.24543 ], [ 5.97776, 52.24689 ], [ 5.97802, 52.24686 ], [ 5.97811, 52.24721 ], [ 5.97816, 52.24727 ], [ 5.97797, 52.24731 ], [ 5.97841, 52.24817 ], [ 5.97912, 52.25 ], [ 5.97984, 52.25192 ], [ 5.97999, 52.25245 ], [ 5.98017, 52.25243 ], [ 5.9813, 52.2544 ], [ 5.98164, 52.25523 ] ] } },
{ "type": "Feature", "properties": { "klompenpad_naam": "Halostapad", "url": "https://klompenpaden.nl/klompenpaden/Halostapad/b4f1dcba-75f0-4f6e-bed5-f9a8ab4a8ebe", "date": null }, "geometry": { "type": "LineString", "coordinates": [ [ 5.12472, 51.7801 ], [ 5.12432, 51.77989 ], [ 5.12406, 51.77996 ], [ 5.12386, 51.78008 ], [ 5.12363, 51.78059 ], [ 5.12339, 51.78103 ], [ 5.12298, 51.78168 ], [ 5.1225, 51.78234 ], [ 5.12189, 51.78221 ], [ 5.12136, 51.78216 ], [ 5.11941, 51.78205 ], [ 5.11921, 51.78264 ], [ 5.11917, 51.78283 ], [ 5.11922, 51.78299 ], [ 5.11934, 51.78326 ], [ 5.11957, 51.78348 ], [ 5.11988, 51.78363 ], [ 5.12029, 51.78373 ], [ 5.11912, 51.7838 ], [ 5.11869, 51.78386 ], [ 5.11831, 51.78406 ], [ 5.11918, 51.78398 ], [ 5.12014, 51.78409 ], [ 5.12033, 51.78451 ], [ 5.12041, 51.78544 ], [ 5.12025, 51.78591 ], [ 5.11991, 51.78644 ], [ 5.11958, 51.78642 ], [ 5.11945, 51.78679 ], [ 5.11929, 51.78717 ], [ 5.11915, 51.78822 ], [ 5.11935, 51.78853 ], [ 5.11878, 51.78867 ], [ 5.11842, 51.78882 ], [ 5.11716, 51.78903 ], [ 5.11735, 51.78965 ], [ 5.11753, 51.79012 ], [ 5.11771, 51.79095 ], [ 5.11763, 51.79239 ], [ 5.11745, 51.79287 ], [ 5.11698, 51.79307 ], [ 5.11578, 51.79317 ], [ 5.11583, 51.79363 ], [ 5.11575, 51.79382 ], [ 5.11579, 51.79401 ], [ 5.11691, 51.79394 ], [ 5.11799, 51.79383 ], [ 5.11775, 51.7943 ], [ 5.11743, 51.79461 ], [ 5.11741, 51.79493 ], [ 5.11772, 51.79489 ], [ 5.11891, 51.79491 ], [ 5.11903, 51.79487 ], [ 5.11916, 51.79495 ], [ 5.11925, 51.79496 ], [ 5.11916, 51.79522 ], [ 5.12054, 51.79523 ], [ 5.12056, 51.79551 ], [ 5.12048, 51.79561 ], [ 5.12072, 51.79697 ], [ 5.12082, 51.79709 ], [ 5.12213, 51.79699 ], [ 5.12382, 51.79694 ], [ 5.12418, 51.79953 ], [ 5.12726, 51.79953 ], [ 5.12717, 51.79872 ], [ 5.12718, 51.79794 ], [ 5.13373, 51.79737 ], [ 5.13388, 51.7973 ], [ 5.13381, 51.79418 ], [ 5.13371, 51.79398 ], [ 5.13408, 51.79394 ], [ 5.13422, 51.79394 ], [ 5.13457, 51.7941 ], [ 5.13703, 51.79383 ], [ 5.1421, 51.79341 ], [ 5.14143, 51.78987 ], [ 5.14107, 51.78771 ], [ 5.14353, 51.78756 ], [ 5.14317, 51.78566 ], [ 5.14458, 51.78557 ], [ 5.14446, 51.7847 ], [ 5.14459, 51.78442 ], [ 5.14474, 51.7842 ], [ 5.14378, 51.78374 ], [ 5.14307, 51.78349 ], [ 5.14292, 51.78339 ], [ 5.13684, 51.78351 ], [ 5.13327, 51.78361 ], [ 5.13273, 51.78356 ], [ 5.13266, 51.78348 ], [ 5.13236, 51.7835 ], [ 5.13232, 51.78362 ], [ 5.13201, 51.78362 ], [ 5.13208, 51.78339 ], [ 5.13157, 51.78338 ], [ 5.13145, 51.78317 ], [ 5.13101, 51.78305 ], [ 5.13075, 51.78296 ], [ 5.13056, 51.78288 ], [ 5.12989, 51.78232 ], [ 5.12948, 51.78194 ], [ 5.12936, 51.78177 ], [ 5.12939, 51.78167 ], [ 5.12884, 51.78122 ], [ 5.12767, 51.78062 ], [ 5.12706, 51.78048 ], [ 5.12655, 51.78042 ], [ 5.1254, 51.78041 ], [ 5.12473, 51.7801 ] ] } },
{ "type": "Feature", "properties": { "klompenpad_naam": "Pannerdensche-Waardpad", "url": "https://klompenpaden.nl/klompenpaden/Pannerdensche-Waardpad/b0211d6c-3840-4931-9b9b-2b8db5a7606f", "date": null }, "geometry": { "type": "LineString", "coordinates": [ [ 6.02452, 51.89544 ], [ 6.02505, 51.89584 ], [ 6.02597, 51.89576 ], [ 6.02649, 51.89597 ], [ 6.02688, 51.89618 ], [ 6.0267, 51.89655 ], [ 6.02491, 51.89863 ], [ 6.02594, 51.89807 ], [ 6.02358, 51.90031 ], [ 6.02093, 51.90244 ], [ 6.02226, 51.90267 ], [ 6.02222, 51.90289 ], [ 6.02456, 51.90361 ], [ 6.02699, 51.90426 ], [ 6.02869, 51.9044 ], [ 6.02939, 51.90447 ], [ 6.02975, 51.90457 ], [ 6.02999, 51.90469 ], [ 6.03068, 51.90487 ], [ 6.03139, 51.90499 ], [ 6.03193, 51.90503 ], [ 6.03198, 51.90497 ], [ 6.03422, 51.90489 ], [ 6.03655, 51.90489 ], [ 6.0369, 51.90512 ], [ 6.03722, 51.90517 ], [ 6.03694, 51.90579 ], [ 6.0358, 51.90703 ], [ 6.03649, 51.90823 ], [ 6.03686, 51.90931 ], [ 6.03704, 51.91004 ], [ 6.03742, 51.91058 ], [ 6.03822, 51.9113 ], [ 6.03837, 51.91125 ], [ 6.03875, 51.91144 ], [ 6.04007, 51.91189 ], [ 6.04109, 51.91221 ], [ 6.04191, 51.91255 ], [ 6.04349, 51.91309 ], [ 6.0439, 51.91334 ], [ 6.04364, 51.91371 ], [ 6.04323, 51.91393 ], [ 6.04221, 51.91422 ], [ 6.04107, 51.91441 ], [ 6.03844, 51.91466 ], [ 6.03612, 51.91504 ], [ 6.03573, 51.91513 ], [ 6.0331, 51.91669 ], [ 6.03285, 51.91564 ], [ 6.03243, 51.91534 ], [ 6.03216, 51.91527 ], [ 6.03181, 51.91512 ], [ 6.03146, 51.91528 ], [ 6.03116, 51.91553 ], [ 6.03087, 51.9157 ], [ 6.03058, 51.9158 ], [ 6.03019, 51.91589 ], [ 6.02992, 51.91604 ], [ 6.02936, 51.91618 ], [ 6.02866, 51.91652 ], [ 6.02867, 51.91668 ], [ 6.02717, 51.91739 ], [ 6.02697, 51.91742 ], [ 6.02699, 51.9176 ], [ 6.02777, 51.91793 ], [ 6.02802, 51.91808 ], [ 6.0287, 51.91834 ], [ 6.02735, 51.91862 ], [ 6.02659, 51.91897 ], [ 6.02563, 51.91947 ], [ 6.02435, 51.92027 ], [ 6.02329, 51.92101 ], [ 6.02278, 51.92129 ], [ 6.02223, 51.92148 ], [ 6.02183, 51.9215 ], [ 6.02094, 51.92132 ], [ 6.01991, 51.92103 ], [ 6.0168, 51.92023 ], [ 6.01626, 51.92022 ], [ 6.01547, 51.92042 ], [ 6.01475, 51.92067 ], [ 6.01406, 51.92044 ], [ 6.01309, 51.91996 ], [ 6.00824, 51.91734 ], [ 6.00762, 51.91721 ], [ 6.00498, 51.91679 ], [ 6.00429, 51.91693 ], [ 6.00383, 51.91712 ], [ 6.0024, 51.91732 ], [ 6.00251, 51.91722 ], [ 6.00251, 51.91713 ], [ 6.0024, 51.91702 ], [ 6.00203, 51.9169 ], [ 6.00158, 51.9168 ], [ 6.0014, 51.91637 ], [ 6.00161, 51.91576 ], [ 6.0017, 51.91544 ], [ 6.00156, 51.91532 ], [ 6.00145, 51.91519 ], [ 6.00147, 51.91489 ], [ 6.00163, 51.91459 ], [ 6.002, 51.91415 ], [ 5.99818, 51.91405 ], [ 5.99776, 51.91539 ], [ 5.99682, 51.91545 ], [ 5.99631, 51.91545 ], [ 5.99667, 51.91531 ], [ 5.99712, 51.91357 ], [ 5.99729, 51.91363 ], [ 5.9975, 51.91325 ], [ 5.99782, 51.91293 ], [ 5.99819, 51.91263 ], [ 5.99783, 51.91256 ], [ 5.99759, 51.91264 ], [ 5.9972, 51.9129 ], [ 5.99671, 51.91297 ], [ 5.9963, 51.91292 ], [ 5.99492, 51.91246 ], [ 5.99332, 51.91218 ], [ 5.99195, 51.91188 ], [ 5.99172, 51.91187 ], [ 5.99162, 51.91178 ], [ 5.99174, 51.91169 ], [ 5.99344, 51.91076 ], [ 5.99435, 51.91038 ], [ 5.99491, 51.91039 ], [ 5.99723, 51.90952 ], [ 5.99886, 51.90853 ], [ 6.00029, 51.90756 ], [ 6.00179, 51.90685 ], [ 6.00337, 51.90623 ], [ 6.00429, 51.90584 ], [ 6.00549, 51.90556 ], [ 6.00677, 51.90549 ], [ 6.00858, 51.90524 ], [ 6.0104, 51.90471 ], [ 6.01414, 51.90351 ], [ 6.0154, 51.90294 ], [ 6.01645, 51.9024 ], [ 6.01691, 51.90213 ], [ 6.01873, 51.90093 ], [ 6.0212, 51.89888 ], [ 6.02327, 51.8968 ], [ 6.02452, 51.89544 ] ] } },
{ "type": "Feature", "properties": { "klompenpad_naam": "Breedlersepad", "url": "https://klompenpaden.nl/klompenpaden/Breedlersepad/0a4aea8f-e381-4473-b24f-dadcb1b23b0c", "date": null }, "geometry": { "type": "LineString", "coordinates": [ [ 5.87938, 51.90521 ], [ 5.87958, 51.90519 ], [ 5.87578, 51.90006 ], [ 5.87574, 51.9 ], [ 5.87456, 51.89921 ], [ 5.87452, 51.89907 ], [ 5.87453, 51.89891 ], [ 5.87374, 51.89859 ], [ 5.87353, 51.89857 ], [ 5.87359, 51.89813 ], [ 5.8736, 51.89783 ], [ 5.87371, 51.89691 ], [ 5.87371, 51.89672 ], [ 5.87408, 51.89678 ], [ 5.87457, 51.89678 ], [ 5.87497, 51.8968 ], [ 5.8756, 51.89696 ], [ 5.87572, 51.89697 ], [ 5.87577, 51.89708 ], [ 5.87603, 51.89705 ], [ 5.87669, 51.89707 ], [ 5.87738, 51.89715 ], [ 5.87765, 51.89716 ], [ 5.87787, 51.89712 ], [ 5.8782, 51.89686 ], [ 5.87827, 51.89692 ], [ 5.87844, 51.89736 ], [ 5.87866, 51.8976 ], [ 5.87891, 51.8976 ], [ 5.87906, 51.89762 ], [ 5.88173, 51.89766 ], [ 5.88181, 51.8977 ], [ 5.88181, 51.89778 ], [ 5.88171, 51.8982 ], [ 5.88434, 51.8982 ], [ 5.88512, 51.89822 ], [ 5.8851, 51.89845 ], [ 5.88511, 51.89874 ], [ 5.8852, 51.8988 ], [ 5.88878, 51.8988 ], [ 5.8899, 51.89877 ], [ 5.88996, 51.89855 ], [ 5.89005, 51.89839 ], [ 5.89262, 51.89876 ], [ 5.8923, 51.89924 ], [ 5.89218, 51.89951 ], [ 5.89203, 51.89997 ], [ 5.89179, 51.90079 ], [ 5.89162, 51.90157 ], [ 5.8916, 51.90181 ], [ 5.89171, 51.90261 ], [ 5.89146, 51.90444 ], [ 5.89184, 51.90448 ], [ 5.89185, 51.90441 ], [ 5.89376, 51.90455 ], [ 5.89363, 51.90541 ], [ 5.89575, 51.9053 ], [ 5.89761, 51.90503 ], [ 5.89915, 51.90478 ], [ 5.89926, 51.90459 ], [ 5.90084, 51.90447 ], [ 5.90109, 51.90441 ], [ 5.90165, 51.90419 ], [ 5.90228, 51.90391 ], [ 5.90331, 51.90355 ], [ 5.90346, 51.90381 ], [ 5.90384, 51.90434 ], [ 5.90402, 51.90453 ], [ 5.9041, 51.90467 ], [ 5.90446, 51.90503 ], [ 5.90456, 51.90519 ], [ 5.90466, 51.9053 ], [ 5.90466, 51.90534 ], [ 5.90428, 51.90548 ], [ 5.90328, 51.90575 ], [ 5.90347, 51.90604 ], [ 5.90418, 51.90705 ], [ 5.90438, 51.90734 ], [ 5.9045, 51.90757 ], [ 5.90455, 51.9077 ], [ 5.90464, 51.90782 ], [ 5.9045, 51.90793 ], [ 5.90409, 51.90806 ], [ 5.90364, 51.90814 ], [ 5.9033, 51.90815 ], [ 5.90313, 51.90803 ], [ 5.90285, 51.90791 ], [ 5.90256, 51.90781 ], [ 5.90209, 51.90775 ], [ 5.90146, 51.90773 ], [ 5.90124, 51.90773 ], [ 5.90119, 51.90776 ], [ 5.90091, 51.90775 ], [ 5.90098, 51.90799 ], [ 5.90134, 51.90852 ], [ 5.90143, 51.90868 ], [ 5.90109, 51.90877 ], [ 5.90108, 51.90873 ], [ 5.90134, 51.90867 ], [ 5.90086, 51.9079 ], [ 5.90078, 51.90775 ], [ 5.90062, 51.90776 ], [ 5.90046, 51.90775 ], [ 5.90007, 51.90778 ], [ 5.89974, 51.90786 ], [ 5.89946, 51.908 ], [ 5.89958, 51.90811 ], [ 5.89905, 51.90832 ], [ 5.89891, 51.90841 ], [ 5.89856, 51.90871 ], [ 5.89808, 51.90897 ], [ 5.89701, 51.90946 ], [ 5.89675, 51.90954 ], [ 5.89621, 51.90974 ], [ 5.89609, 51.90981 ], [ 5.89576, 51.9099 ], [ 5.89547, 51.91007 ], [ 5.89518, 51.91019 ], [ 5.8947, 51.91032 ], [ 5.89398, 51.91035 ], [ 5.89293, 51.91031 ], [ 5.89226, 51.91029 ], [ 5.89212, 51.9103 ], [ 5.89209, 51.91053 ], [ 5.89209, 51.91059 ], [ 5.89228, 51.91087 ], [ 5.89197, 51.91094 ], [ 5.89189, 51.91081 ], [ 5.89176, 51.91066 ], [ 5.89173, 51.91064 ], [ 5.88982, 51.9112 ], [ 5.88955, 51.91076 ], [ 5.88863, 51.91027 ], [ 5.88822, 51.90999 ], [ 5.88824, 51.90988 ], [ 5.88902, 51.90952 ], [ 5.88827, 51.90888 ], [ 5.88809, 51.9087 ], [ 5.88735, 51.90888 ], [ 5.88621, 51.9091 ], [ 5.88668, 51.90977 ], [ 5.88647, 51.90982 ], [ 5.88683, 51.91037 ], [ 5.88433, 51.91102 ], [ 5.88356, 51.90989 ], [ 5.88129, 51.9104 ], [ 5.88068, 51.91059 ], [ 5.8806, 51.91049 ], [ 5.87954, 51.91088 ], [ 5.87862, 51.91117 ], [ 5.87839, 51.91091 ], [ 5.8779, 51.91021 ], [ 5.87758, 51.90963 ], [ 5.87718, 51.90876 ], [ 5.87709, 51.90869 ], [ 5.87701, 51.9087 ], [ 5.87684, 51.9082 ], [ 5.87615, 51.90829 ], [ 5.87611, 51.90819 ], [ 5.8761, 51.9079 ], [ 5.8759, 51.90572 ], [ 5.87603, 51.90561 ], [ 5.87634, 51.90564 ], [ 5.87922, 51.90576 ], [ 5.87927, 51.90526 ], [ 5.87938, 51.90521 ], [ 5.87587, 51.90011 ], [ 5.87605, 51.90011 ], [ 5.87622, 51.90014 ], [ 5.87939, 51.90027 ], [ 5.88017, 51.90028 ], [ 5.88144, 51.90035 ], [ 5.88147, 51.90033 ], [ 5.88151, 51.90019 ], [ 5.88162, 51.89975 ], [ 5.88156, 51.89967 ], [ 5.88084, 51.89963 ], [ 5.87556, 51.89943 ], [ 5.87549, 51.89947 ], [ 5.87552, 51.89958 ], [ 5.87604, 51.89995 ], [ 5.87609, 51.90002 ], [ 5.8761, 51.9001 ], [ 5.87587, 51.90008 ], [ 5.87938, 51.90521 ], [ 5.87958, 51.90519 ], [ 5.87578, 51.90006 ], [ 5.8758, 51.90006 ], [ 5.87587, 51.90008 ], [ 5.87578, 51.90006 ], [ 5.87574, 51.9 ], [ 5.87456, 51.89921 ], [ 5.87452, 51.89907 ], [ 5.87453, 51.89891 ], [ 5.87374, 51.89859 ], [ 5.87353, 51.89857 ], [ 5.87359, 51.89813 ], [ 5.8736, 51.89783 ], [ 5.87371, 51.89691 ], [ 5.87371, 51.89672 ], [ 5.87408, 51.89678 ], [ 5.87457, 51.89678 ], [ 5.87497, 51.8968 ], [ 5.8756, 51.89696 ], [ 5.87572, 51.89697 ], [ 5.87577, 51.89708 ], [ 5.87603, 51.89705 ], [ 5.87669, 51.89707 ], [ 5.87738, 51.89715 ], [ 5.87765, 51.89716 ], [ 5.87787, 51.89712 ], [ 5.8782, 51.89686 ], [ 5.87827, 51.89692 ], [ 5.87844, 51.89736 ], [ 5.87866, 51.8976 ], [ 5.87891, 51.8976 ], [ 5.87906, 51.89762 ], [ 5.88173, 51.89766 ], [ 5.88181, 51.8977 ], [ 5.88181, 51.89778 ], [ 5.88171, 51.8982 ], [ 5.88434, 51.8982 ], [ 5.88512, 51.89822 ], [ 5.8851, 51.89845 ], [ 5.88511, 51.89874 ], [ 5.8852, 51.8988 ], [ 5.88878, 51.8988 ], [ 5.8899, 51.89877 ], [ 5.88996, 51.89855 ], [ 5.89005, 51.89839 ], [ 5.89262, 51.89876 ], [ 5.8923, 51.89924 ], [ 5.89218, 51.89951 ], [ 5.89203, 51.89997 ], [ 5.89179, 51.90079 ], [ 5.89162, 51.90157 ], [ 5.8916, 51.90181 ], [ 5.89171, 51.90261 ], [ 5.89146, 51.90444 ], [ 5.89184, 51.90448 ], [ 5.89185, 51.90441 ], [ 5.89376, 51.90455 ], [ 5.89363, 51.90541 ], [ 5.89575, 51.9053 ], [ 5.89761, 51.90503 ], [ 5.89915, 51.90478 ], [ 5.89926, 51.90459 ], [ 5.90084, 51.90447 ], [ 5.90109, 51.90441 ], [ 5.90165, 51.90419 ], [ 5.90228, 51.90391 ], [ 5.90331, 51.90355 ], [ 5.90346, 51.90381 ], [ 5.90384, 51.90434 ], [ 5.90402, 51.90453 ], [ 5.9041, 51.90467 ], [ 5.90446, 51.90503 ], [ 5.90456, 51.90519 ], [ 5.90466, 51.9053 ], [ 5.90466, 51.90534 ], [ 5.90428, 51.90548 ], [ 5.90328, 51.90575 ], [ 5.90347, 51.90604 ], [ 5.90418, 51.90705 ], [ 5.90438, 51.90734 ], [ 5.9045, 51.90757 ], [ 5.90455, 51.9077 ], [ 5.90464, 51.90782 ], [ 5.9045, 51.90793 ], [ 5.90409, 51.90806 ], [ 5.90364, 51.90814 ], [ 5.9033, 51.90815 ], [ 5.90313, 51.90803 ], [ 5.90285, 51.90791 ], [ 5.90256, 51.90781 ], [ 5.90209, 51.90775 ], [ 5.90146, 51.90773 ], [ 5.90124, 51.90773 ], [ 5.90119, 51.90776 ], [ 5.90091, 51.90775 ], [ 5.90098, 51.90799 ], [ 5.90134, 51.90852 ], [ 5.90143, 51.90868 ], [ 5.90109, 51.90877 ], [ 5.90108, 51.90873 ], [ 5.90134, 51.90867 ], [ 5.90086, 51.9079 ], [ 5.90078, 51.90775 ], [ 5.90062, 51.90776 ], [ 5.90046, 51.90775 ], [ 5.90007, 51.90778 ], [ 5.89974, 51.90786 ], [ 5.89946, 51.908 ], [ 5.89958, 51.90811 ], [ 5.89905, 51.90832 ], [ 5.89891, 51.90841 ], [ 5.89856, 51.90871 ], [ 5.89808, 51.90897 ], [ 5.89701, 51.90946 ], [ 5.89675, 51.90954 ], [ 5.89621, 51.90974 ], [ 5.89609, 51.90981 ], [ 5.89576, 51.9099 ], [ 5.89547, 51.91007 ], [ 5.89518, 51.91019 ], [ 5.8947, 51.91032 ], [ 5.89398, 51.91035 ], [ 5.89293, 51.91031 ], [ 5.89226, 51.91029 ], [ 5.89212, 51.9103 ], [ 5.89209, 51.91053 ], [ 5.89209, 51.91059 ], [ 5.89228, 51.91087 ], [ 5.89197, 51.91094 ], [ 5.89189, 51.91081 ], [ 5.89176, 51.91066 ], [ 5.89173, 51.91064 ], [ 5.88982, 51.9112 ], [ 5.88955, 51.91076 ], [ 5.88863, 51.91027 ], [ 5.88822, 51.90999 ], [ 5.88824, 51.90988 ], [ 5.88902, 51.90952 ], [ 5.88827, 51.90888 ], [ 5.88809, 51.9087 ], [ 5.88735, 51.90888 ], [ 5.88621, 51.9091 ], [ 5.88668, 51.90977 ], [ 5.88647, 51.90982 ], [ 5.88683, 51.91037 ], [ 5.88433, 51.91102 ], [ 5.88356, 51.90989 ], [ 5.88129, 51.9104 ], [ 5.88068, 51.91059 ], [ 5.8806, 51.91049 ], [ 5.87954, 51.91088 ], [ 5.87862, 51.91117 ], [ 5.87839, 51.91091 ], [ 5.8779, 51.91021 ], [ 5.87758, 51.90963 ], [ 5.87718, 51.90876 ], [ 5.87709, 51.90869 ], [ 5.87701, 51.9087 ], [ 5.87684, 51.9082 ], [ 5.87615, 51.90829 ], [ 5.87611, 51.90819 ], [ 5.8761, 51.9079 ], [ 5.8759, 51.90572 ], [ 5.87603, 51.90561 ], [ 5.87634, 51.90564 ], [ 5.87922, 51.90576 ], [ 5.87927, 51.90526 ], [ 5.87938, 51.90521 ], [ 5.87587, 51.90011 ], [ 5.8745, 51.9001 ], [ 5.87323, 51.90004 ], [ 5.87155, 51.90002 ], [ 5.87101, 51.89999 ], [ 5.87089, 51.90045 ], [ 5.87104, 51.90065 ], [ 5.87141, 51.90091 ], [ 5.87151, 51.9009 ], [ 5.87374, 51.90103 ], [ 5.87549, 51.90109 ], [ 5.87569, 51.90111 ], [ 5.87557, 51.90147 ], [ 5.87529, 51.90199 ], [ 5.87534, 51.90261 ], [ 5.87532, 51.90282 ], [ 5.87484, 51.90496 ], [ 5.87483, 51.90518 ], [ 5.87542, 51.90532 ], [ 5.87545, 51.90539 ], [ 5.87562, 51.90551 ], [ 5.8761, 51.90556 ], [ 5.87901, 51.90569 ], [ 5.87903, 51.90563 ], [ 5.8791, 51.90555 ], [ 5.87918, 51.90521 ], [ 5.87938, 51.90521 ], [ 5.87587, 51.90011 ], [ 5.87605, 51.90011 ], [ 5.87622, 51.90014 ], [ 5.87939, 51.90027 ], [ 5.88017, 51.90028 ], [ 5.88144, 51.90035 ], [ 5.88147, 51.90033 ], [ 5.88151, 51.90019 ], [ 5.88162, 51.89975 ], [ 5.88156, 51.89967 ], [ 5.88084, 51.89963 ], [ 5.87556, 51.89943 ], [ 5.87549, 51.89947 ], [ 5.87552, 51.89958 ], [ 5.87604, 51.89995 ], [ 5.87609, 51.90002 ], [ 5.8761, 51.9001 ], [ 5.87587, 51.90008 ], [ 5.87958, 51.90519 ], [ 5.87997, 51.90515 ], [ 5.88016, 51.90507 ], [ 5.88024, 51.90492 ], [ 5.88014, 51.90471 ], [ 5.88003, 51.90461 ], [ 5.87988, 51.90457 ], [ 5.87974, 51.90458 ], [ 5.87959, 51.90469 ], [ 5.8795, 51.90484 ], [ 5.87952, 51.90506 ], [ 5.87961, 51.90516 ], [ 5.87958, 51.90519 ], [ 5.87958, 51.90519 ], [ 5.87955, 51.90521 ], [ 5.87938, 51.90521 ], [ 5.87938, 51.90521 ], [ 5.87958, 51.90519 ] ] } },
{ "type": "Feature", "properties": { "klompenpad_naam": "Assenradepad-KIDS", "url": "https://klompenpaden.nl/klompenpaden/Assenradepad-KIDS/8278b0f2-f781-49a6-bedb-516ebcbfe4c0", "date": null }, "geometry": { "type": "LineString", "coordinates": [ [ 6.04815, 52.46425 ], [ 6.04658, 52.46428 ], [ 6.04501, 52.46419 ], [ 6.04485, 52.46415 ], [ 6.04469, 52.46417 ], [ 6.04568, 52.46507 ], [ 6.04643, 52.46568 ], [ 6.04669, 52.46571 ], [ 6.04689, 52.46566 ], [ 6.04745, 52.46607 ], [ 6.04781, 52.46627 ], [ 6.04822, 52.46662 ], [ 6.04829, 52.46663 ], [ 6.04844, 52.46654 ], [ 6.04861, 52.46636 ], [ 6.04884, 52.46621 ], [ 6.05013, 52.4651 ], [ 6.05102, 52.46555 ], [ 6.05205, 52.46603 ], [ 6.05236, 52.46574 ], [ 6.05249, 52.46555 ], [ 6.05252, 52.46524 ], [ 6.05274, 52.46552 ], [ 6.05299, 52.46572 ], [ 6.05358, 52.46586 ], [ 6.05414, 52.46593 ], [ 6.05452, 52.46613 ], [ 6.05498, 52.46586 ], [ 6.05476, 52.46567 ], [ 6.05495, 52.46562 ], [ 6.05518, 52.46567 ], [ 6.05555, 52.4659 ], [ 6.05542, 52.4655 ], [ 6.05549, 52.46522 ], [ 6.05567, 52.46493 ], [ 6.05569, 52.46486 ], [ 6.05582, 52.46486 ], [ 6.05905, 52.46531 ], [ 6.05919, 52.46537 ], [ 6.05928, 52.46546 ], [ 6.05956, 52.46526 ], [ 6.05965, 52.4651 ], [ 6.05965, 52.46494 ], [ 6.0596, 52.46477 ], [ 6.05962, 52.4646 ], [ 6.05969, 52.46445 ], [ 6.05953, 52.46433 ], [ 6.05947, 52.46419 ], [ 6.05947, 52.464 ], [ 6.05956, 52.46317 ], [ 6.05526, 52.4627 ], [ 6.05526, 52.46254 ], [ 6.05512, 52.46246 ], [ 6.055, 52.46236 ], [ 6.05499, 52.46223 ], [ 6.05507, 52.46214 ], [ 6.05519, 52.46205 ], [ 6.05525, 52.46178 ], [ 6.05523, 52.46165 ], [ 6.0552, 52.46163 ], [ 6.05477, 52.46153 ], [ 6.05481, 52.46144 ], [ 6.05486, 52.4614 ], [ 6.05519, 52.46126 ], [ 6.05451, 52.46109 ], [ 6.05199, 52.46072 ], [ 6.05185, 52.46066 ], [ 6.05218, 52.46152 ], [ 6.0526, 52.46245 ], [ 6.05272, 52.46268 ], [ 6.0528, 52.46293 ], [ 6.0527, 52.46297 ], [ 6.05252, 52.46294 ], [ 6.05192, 52.46298 ], [ 6.0517, 52.46289 ], [ 6.05138, 52.46273 ], [ 6.05063, 52.46254 ], [ 6.05016, 52.46236 ], [ 6.04988, 52.4622 ], [ 6.04965, 52.46199 ], [ 6.04917, 52.46184 ], [ 6.04863, 52.46211 ], [ 6.04801, 52.46232 ], [ 6.04728, 52.46247 ], [ 6.04677, 52.46294 ], [ 6.04666, 52.46301 ], [ 6.04667, 52.46311 ], [ 6.04673, 52.46317 ], [ 6.04693, 52.46321 ], [ 6.04808, 52.46406 ], [ 6.04815, 52.46425 ] ] } },
{ "type": "Feature", "properties": { "klompenpad_naam": "Bruilschepad", "url": "https://klompenpaden.nl/klompenpaden/Bruilschepad/6ff77306-a8f9-477a-ac3a-80741f695166", "date": null }, "geometry": { "type": "LineString", "coordinates": [ [ 6.45619, 52.06618 ], [ 6.4562, 52.06619 ], [ 6.4562, 52.06619 ], [ 6.45619, 52.06621 ], [ 6.4562, 52.06619 ], [ 6.45653, 52.06656 ], [ 6.45705, 52.06687 ], [ 6.45648, 52.06722 ], [ 6.45688, 52.06736 ], [ 6.4573, 52.06744 ], [ 6.46049, 52.06779 ], [ 6.46042, 52.06794 ], [ 6.46338, 52.06827 ], [ 6.46106, 52.07083 ], [ 6.45944, 52.0728 ], [ 6.4581, 52.07394 ], [ 6.45473, 52.07524 ], [ 6.45372, 52.07557 ], [ 6.45222, 52.07618 ], [ 6.45129, 52.07754 ], [ 6.45112, 52.07799 ], [ 6.4499, 52.07797 ], [ 6.44883, 52.07741 ], [ 6.44789, 52.0783 ], [ 6.44688, 52.07917 ], [ 6.44665, 52.07947 ], [ 6.44643, 52.07962 ], [ 6.44611, 52.07971 ], [ 6.44555, 52.07993 ], [ 6.44517, 52.07997 ], [ 6.44479, 52.07982 ], [ 6.44381, 52.07957 ], [ 6.44283, 52.07929 ], [ 6.44209, 52.07926 ], [ 6.44165, 52.0792 ], [ 6.44127, 52.07921 ], [ 6.43877, 52.0796 ], [ 6.43844, 52.07955 ], [ 6.43816, 52.07962 ], [ 6.43783, 52.07932 ], [ 6.43717, 52.07947 ], [ 6.43572, 52.07962 ], [ 6.43475, 52.07995 ], [ 6.43383, 52.08016 ], [ 6.43293, 52.08031 ], [ 6.43268, 52.07964 ], [ 6.43262, 52.07903 ], [ 6.43261, 52.07845 ], [ 6.43299, 52.07813 ], [ 6.43268, 52.07785 ], [ 6.43194, 52.07767 ], [ 6.43074, 52.07699 ], [ 6.43005, 52.07657 ], [ 6.42935, 52.07606 ], [ 6.42884, 52.07562 ], [ 6.42851, 52.07505 ], [ 6.42761, 52.07449 ], [ 6.42697, 52.07437 ], [ 6.42681, 52.07405 ], [ 6.43664, 52.07057 ], [ 6.43559, 52.06951 ], [ 6.43512, 52.06897 ], [ 6.43383, 52.0679 ], [ 6.4322, 52.06673 ], [ 6.42967, 52.06455 ], [ 6.43085, 52.06372 ], [ 6.43319, 52.06429 ], [ 6.43291, 52.06267 ], [ 6.43319, 52.06162 ], [ 6.43276, 52.06069 ], [ 6.43136, 52.05871 ], [ 6.43233, 52.05837 ], [ 6.43353, 52.05782 ], [ 6.43514, 52.05702 ], [ 6.43559, 52.05621 ], [ 6.43838, 52.05421 ], [ 6.43849, 52.05416 ], [ 6.44186, 52.05603 ], [ 6.44252, 52.05604 ], [ 6.44651, 52.0559 ], [ 6.44724, 52.05594 ], [ 6.44793, 52.056 ], [ 6.44881, 52.05621 ], [ 6.44997, 52.05653 ], [ 6.45186, 52.05664 ], [ 6.4525, 52.05651 ], [ 6.45293, 52.05637 ], [ 6.45314, 52.05651 ], [ 6.45568, 52.05577 ], [ 6.45862, 52.05538 ], [ 6.46286, 52.05458 ], [ 6.46409, 52.05574 ], [ 6.45904, 52.0579 ], [ 6.45525, 52.06409 ], [ 6.45623, 52.06484 ], [ 6.45634, 52.06479 ], [ 6.45653, 52.06519 ], [ 6.4562, 52.06619 ] ] } },
{ "type": "Feature", "properties": { "klompenpad_naam": "Heyrderpad", "url": "https://klompenpaden.nl/klompenpaden/Heyrderpad/fa07dfe7-a7a7-4cdb-a3ca-c38d07852ec6", "date": null }, "geometry": { "type": "LineString", "coordinates": [ [ 5.68886, 52.35828 ], [ 5.68916, 52.35837 ], [ 5.69503, 52.3604 ], [ 5.6953, 52.36046 ], [ 5.69555, 52.36045 ], [ 5.69561, 52.36061 ], [ 5.69618, 52.36082 ], [ 5.69689, 52.36097 ], [ 5.69783, 52.36093 ], [ 5.69822, 52.3606 ], [ 5.69788, 52.36043 ], [ 5.69797, 52.36022 ], [ 5.6966, 52.3599 ], [ 5.69683, 52.35952 ], [ 5.69696, 52.35911 ], [ 5.69719, 52.35901 ], [ 5.69734, 52.35882 ], [ 5.69655, 52.35859 ], [ 5.69663, 52.35847 ], [ 5.69524, 52.35802 ], [ 5.69618, 52.35706 ], [ 5.6964, 52.35701 ], [ 5.69667, 52.35684 ], [ 5.69805, 52.35728 ], [ 5.69834, 52.35683 ], [ 5.69893, 52.35701 ], [ 5.69919, 52.35694 ], [ 5.70049, 52.35744 ], [ 5.70009, 52.35781 ], [ 5.69883, 52.35925 ], [ 5.69905, 52.35934 ], [ 5.70022, 52.35799 ], [ 5.70051, 52.35783 ], [ 5.70077, 52.35732 ], [ 5.69889, 52.35677 ], [ 5.69864, 52.35663 ], [ 5.69869, 52.35644 ], [ 5.69889, 52.35616 ], [ 5.69891, 52.35606 ], [ 5.69883, 52.35593 ], [ 5.69931, 52.35577 ], [ 5.69934, 52.35519 ], [ 5.69962, 52.35472 ], [ 5.70062, 52.35337 ], [ 5.70191, 52.35355 ], [ 5.70432, 52.35399 ], [ 5.70512, 52.3542 ], [ 5.70588, 52.3534 ], [ 5.70622, 52.35316 ], [ 5.70779, 52.35259 ], [ 5.70853, 52.35212 ], [ 5.70859, 52.3521 ], [ 5.70872, 52.35191 ], [ 5.70892, 52.35184 ], [ 5.70931, 52.35185 ], [ 5.70971, 52.35196 ], [ 5.70968, 52.35179 ], [ 5.70975, 52.35156 ], [ 5.70989, 52.35129 ], [ 5.70992, 52.35108 ], [ 5.71009, 52.35077 ], [ 5.70997, 52.35058 ], [ 5.71022, 52.3501 ], [ 5.71098, 52.3491 ], [ 5.71134, 52.34875 ], [ 5.71121, 52.34863 ], [ 5.71147, 52.34835 ], [ 5.71142, 52.34815 ], [ 5.71126, 52.34805 ], [ 5.71083, 52.34794 ], [ 5.71026, 52.34793 ], [ 5.71016, 52.34782 ], [ 5.71191, 52.34589 ], [ 5.70609, 52.34456 ], [ 5.70569, 52.34494 ], [ 5.70435, 52.34645 ], [ 5.70248, 52.34865 ], [ 5.69935, 52.35229 ], [ 5.69885, 52.35186 ], [ 5.69584, 52.34908 ], [ 5.69309, 52.34773 ], [ 5.69239, 52.34776 ], [ 5.68892, 52.34712 ], [ 5.68803, 52.35004 ], [ 5.68787, 52.35015 ], [ 5.68602, 52.35014 ], [ 5.68593, 52.35053 ], [ 5.68575, 52.35062 ], [ 5.68515, 52.35066 ], [ 5.68421, 52.3506 ], [ 5.68315, 52.35026 ], [ 5.6823, 52.3502 ], [ 5.68075, 52.35003 ], [ 5.6807, 52.35053 ], [ 5.68055, 52.35092 ], [ 5.68044, 52.35127 ], [ 5.68038, 52.35135 ], [ 5.67894, 52.35222 ], [ 5.67894, 52.3523 ], [ 5.68037, 52.35374 ], [ 5.67938, 52.35417 ], [ 5.67862, 52.35457 ], [ 5.67638, 52.35557 ], [ 5.67625, 52.35571 ], [ 5.67648, 52.3559 ], [ 5.67651, 52.35586 ], [ 5.67638, 52.35608 ], [ 5.67618, 52.35607 ], [ 5.67593, 52.35626 ], [ 5.678, 52.35767 ], [ 5.68234, 52.36045 ], [ 5.68318, 52.36103 ], [ 5.68348, 52.36138 ], [ 5.68449, 52.36301 ], [ 5.6849, 52.36321 ], [ 5.68542, 52.3634 ], [ 5.68735, 52.36297 ], [ 5.68771, 52.36172 ], [ 5.68885, 52.3583 ] ] } },
{ "type": "Feature", "properties": { "klompenpad_naam": "Sonnevanckpad", "url": "https://klompenpaden.nl/klompenpaden/Sonnevanckpad/20992f9e-b49a-487d-a33f-fa402e7d9d86", "date": null }, "geometry": { "type": "LineString", "coordinates": [ [ 5.66734, 52.31851 ], [ 5.66918, 52.31802 ], [ 5.66967, 52.31782 ], [ 5.67032, 52.31713 ], [ 5.67035, 52.31685 ], [ 5.67128, 52.31716 ], [ 5.67294, 52.31753 ], [ 5.67294, 52.31783 ], [ 5.67407, 52.31843 ], [ 5.6752, 52.31893 ], [ 5.67562, 52.319 ], [ 5.67682, 52.31895 ], [ 5.67725, 52.31897 ], [ 5.67719, 52.3194 ], [ 5.67681, 52.32055 ], [ 5.67678, 52.32176 ], [ 5.67691, 52.32323 ], [ 5.67691, 52.3235 ], [ 5.67763, 52.32449 ], [ 5.67847, 52.32555 ], [ 5.67983, 52.32737 ], [ 5.67972, 52.32743 ], [ 5.67924, 52.32753 ], [ 5.67648, 52.3284 ], [ 5.67478, 52.329 ], [ 5.67373, 52.32932 ], [ 5.67472, 52.32935 ], [ 5.67515, 52.32942 ], [ 5.67551, 52.32953 ], [ 5.67452, 52.33032 ], [ 5.67399, 52.33095 ], [ 5.6738, 52.33172 ], [ 5.67341, 52.33164 ], [ 5.67302, 52.33149 ], [ 5.67223, 52.33105 ], [ 5.67019, 52.32985 ], [ 5.67, 52.3299 ], [ 5.66969, 52.3296 ], [ 5.66885, 52.32929 ], [ 5.66858, 52.32921 ], [ 5.66834, 52.32908 ], [ 5.66792, 52.32873 ], [ 5.66757, 52.32859 ], [ 5.66688, 52.32848 ], [ 5.66653, 52.32833 ], [ 5.66593, 52.32787 ], [ 5.66568, 52.32727 ], [ 5.66482, 52.32729 ], [ 5.66307, 52.3274 ], [ 5.66286, 52.32759 ], [ 5.66254, 52.32795 ], [ 5.66125, 52.3282 ], [ 5.66152, 52.32845 ], [ 5.66192, 52.32857 ], [ 5.66221, 52.32885 ], [ 5.66261, 52.32907 ], [ 5.66366, 52.32935 ], [ 5.66398, 52.32951 ], [ 5.66525, 52.32997 ], [ 5.66647, 52.33055 ], [ 5.66678, 52.33086 ], [ 5.66512, 52.33163 ], [ 5.66484, 52.33158 ], [ 5.66431, 52.33145 ], [ 5.66394, 52.33148 ], [ 5.66368, 52.33154 ], [ 5.6631, 52.3311 ], [ 5.66253, 52.33089 ], [ 5.66206, 52.33096 ], [ 5.66144, 52.33126 ], [ 5.66111, 52.33126 ], [ 5.66066, 52.33109 ], [ 5.66019, 52.33054 ], [ 5.65989, 52.33055 ], [ 5.65699, 52.33112 ], [ 5.656, 52.33134 ], [ 5.65614, 52.33158 ], [ 5.65631, 52.33244 ], [ 5.6564, 52.3334 ], [ 5.65413, 52.33343 ], [ 5.65275, 52.33176 ], [ 5.6538, 52.33134 ], [ 5.65424, 52.33112 ], [ 5.65399, 52.33066 ], [ 5.65286, 52.33 ], [ 5.65284, 52.32994 ], [ 5.65361, 52.32941 ], [ 5.65389, 52.3293 ], [ 5.65414, 52.32936 ], [ 5.65731, 52.3284 ], [ 5.65769, 52.32814 ], [ 5.65796, 52.32808 ], [ 5.65824, 52.32788 ], [ 5.65838, 52.32782 ], [ 5.65872, 52.32776 ], [ 5.65906, 52.32765 ], [ 5.65984, 52.32728 ], [ 5.66088, 52.32655 ], [ 5.66182, 52.32603 ], [ 5.66282, 52.3259 ], [ 5.66307, 52.32581 ], [ 5.66308, 52.32543 ], [ 5.66352, 52.32518 ], [ 5.66421, 52.32501 ], [ 5.66611, 52.32416 ], [ 5.66617, 52.32357 ], [ 5.66625, 52.32342 ], [ 5.66658, 52.32322 ], [ 5.66679, 52.32302 ], [ 5.6669, 52.32286 ], [ 5.66712, 52.32275 ], [ 5.66707, 52.32258 ], [ 5.66693, 52.32242 ], [ 5.66678, 52.32235 ], [ 5.66639, 52.3223 ], [ 5.6662, 52.32223 ], [ 5.6661, 52.32226 ], [ 5.66603, 52.32222 ], [ 5.66603, 52.32206 ], [ 5.66599, 52.322 ], [ 5.66533, 52.32185 ], [ 5.66527, 52.3218 ], [ 5.6654, 52.32165 ], [ 5.66544, 52.32147 ], [ 5.66533, 52.32126 ], [ 5.66533, 52.32118 ], [ 5.66548, 52.32091 ], [ 5.66533, 52.32078 ], [ 5.66495, 52.32061 ], [ 5.66457, 52.32049 ], [ 5.66398, 52.31963 ], [ 5.66377, 52.31953 ], [ 5.66343, 52.31949 ], [ 5.66296, 52.3195 ], [ 5.6626, 52.31963 ], [ 5.6622, 52.31984 ], [ 5.66202, 52.32003 ], [ 5.66187, 52.32026 ], [ 5.66188, 52.32043 ], [ 5.66205, 52.32074 ], [ 5.66206, 52.32098 ], [ 5.66191, 52.3211 ], [ 5.66175, 52.32109 ], [ 5.66149, 52.32198 ], [ 5.66134, 52.32197 ], [ 5.66004, 52.32116 ], [ 5.66026, 52.32104 ], [ 5.6604, 52.32103 ], [ 5.66056, 52.32099 ], [ 5.66064, 52.3209 ], [ 5.66065, 52.32072 ], [ 5.66071, 52.32062 ], [ 5.66101, 52.32051 ], [ 5.66081, 52.32007 ], [ 5.66121, 52.31978 ], [ 5.66149, 52.31964 ], [ 5.6618, 52.31965 ], [ 5.66201, 52.31958 ], [ 5.66219, 52.31937 ], [ 5.66248, 52.31928 ], [ 5.6627, 52.31927 ], [ 5.66303, 52.31921 ], [ 5.66339, 52.31902 ], [ 5.66373, 52.31892 ], [ 5.66429, 52.31904 ], [ 5.6645, 52.31911 ], [ 5.66501, 52.31942 ], [ 5.66562, 52.31932 ], [ 5.66596, 52.31906 ], [ 5.66648, 52.3188 ], [ 5.66734, 52.31851 ] ] } },
{ "type": "Feature", "properties": { "klompenpad_naam": "Percksepad", "url": "https://klompenpaden.nl/klompenpaden/Percksepad/2e677b97-36c6-4bfb-93a1-13eb2aa11925", "date": null }, "geometry": { "type": "LineString", "coordinates": [ [ 5.83993, 51.93728 ], [ 5.83979, 51.937 ], [ 5.83957, 51.93696 ], [ 5.83937, 51.93704 ], [ 5.83699, 51.93754 ], [ 5.83686, 51.93765 ], [ 5.83663, 51.93774 ], [ 5.83658, 51.93779 ], [ 5.83658, 51.93784 ], [ 5.83664, 51.93787 ], [ 5.83668, 51.93798 ], [ 5.83674, 51.93806 ], [ 5.83675, 51.93814 ], [ 5.83672, 51.93819 ], [ 5.83634, 51.93833 ], [ 5.83626, 51.9384 ], [ 5.83623, 51.93849 ], [ 5.83626, 51.93859 ], [ 5.8362, 51.93868 ], [ 5.83717, 51.93987 ], [ 5.83728, 51.94009 ], [ 5.83822, 51.9413 ], [ 5.83879, 51.9412 ], [ 5.83935, 51.94135 ], [ 5.84036, 51.94135 ], [ 5.84089, 51.94128 ], [ 5.84124, 51.94204 ], [ 5.84408, 51.94163 ], [ 5.84303, 51.93929 ], [ 5.84549, 51.93883 ], [ 5.8487, 51.93828 ], [ 5.84878, 51.9383 ], [ 5.84966, 51.93814 ], [ 5.84971, 51.93949 ], [ 5.84942, 51.93958 ], [ 5.84983, 51.94058 ], [ 5.84968, 51.94063 ], [ 5.84844, 51.94081 ], [ 5.84854, 51.94104 ], [ 5.84863, 51.94113 ], [ 5.84871, 51.94131 ], [ 5.84897, 51.94176 ], [ 5.84952, 51.94283 ], [ 5.84961, 51.94295 ], [ 5.84963, 51.94305 ], [ 5.85037, 51.94452 ], [ 5.85171, 51.94427 ], [ 5.85647, 51.94353 ], [ 5.85641, 51.94337 ], [ 5.85562, 51.94353 ], [ 5.85502, 51.94236 ], [ 5.85717, 51.94191 ], [ 5.85655, 51.94079 ], [ 5.8578, 51.94051 ], [ 5.85786, 51.9404 ], [ 5.85991, 51.93996 ], [ 5.8612, 51.94227 ], [ 5.86146, 51.94223 ], [ 5.86161, 51.94249 ], [ 5.86173, 51.94249 ], [ 5.86183, 51.94251 ], [ 5.86223, 51.94215 ], [ 5.86244, 51.94202 ], [ 5.86194, 51.94177 ], [ 5.8615, 51.94174 ], [ 5.86061, 51.94027 ], [ 5.86065, 51.94008 ], [ 5.86136, 51.93959 ], [ 5.86286, 51.93929 ], [ 5.8629, 51.93923 ], [ 5.86279, 51.93914 ], [ 5.86255, 51.93904 ], [ 5.86224, 51.93903 ], [ 5.86196, 51.93896 ], [ 5.86171, 51.93888 ], [ 5.86154, 51.93877 ], [ 5.86141, 51.93852 ], [ 5.86133, 51.93824 ], [ 5.86119, 51.9382 ], [ 5.86093, 51.9382 ], [ 5.86051, 51.93811 ], [ 5.86042, 51.93803 ], [ 5.86045, 51.93792 ], [ 5.86062, 51.93782 ], [ 5.86132, 51.93769 ], [ 5.8614, 51.93758 ], [ 5.8616, 51.93751 ], [ 5.86358, 51.93706 ], [ 5.86684, 51.93639 ], [ 5.86701, 51.93629 ], [ 5.86696, 51.93525 ], [ 5.8669, 51.9351 ], [ 5.86901, 51.93473 ], [ 5.86927, 51.93503 ], [ 5.86932, 51.93516 ], [ 5.86932, 51.9353 ], [ 5.87015, 51.93525 ], [ 5.87033, 51.93528 ], [ 5.87055, 51.93556 ], [ 5.87106, 51.93655 ], [ 5.87131, 51.9369 ], [ 5.87147, 51.93717 ], [ 5.87162, 51.9375 ], [ 5.87185, 51.93784 ], [ 5.87249, 51.93909 ], [ 5.87278, 51.93959 ], [ 5.87342, 51.93945 ], [ 5.8739, 51.93939 ], [ 5.87465, 51.93934 ], [ 5.87513, 51.93927 ], [ 5.87548, 51.93928 ], [ 5.87598, 51.9393 ], [ 5.87629, 51.93917 ], [ 5.87646, 51.93898 ], [ 5.87667, 51.93884 ], [ 5.87722, 51.93828 ], [ 5.87725, 51.93801 ], [ 5.87707, 51.93729 ], [ 5.87653, 51.93428 ], [ 5.87634, 51.93419 ], [ 5.87613, 51.93416 ], [ 5.87543, 51.9343 ], [ 5.87518, 51.9333 ], [ 5.87509, 51.93319 ], [ 5.87439, 51.93249 ], [ 5.87425, 51.93245 ], [ 5.87399, 51.93247 ], [ 5.87031, 51.93359 ], [ 5.86951, 51.9337 ], [ 5.86944, 51.9335 ], [ 5.86937, 51.93349 ], [ 5.86789, 51.93205 ], [ 5.86786, 51.93199 ], [ 5.86806, 51.9319 ], [ 5.86723, 51.9311 ], [ 5.86674, 51.93059 ], [ 5.86298, 51.9318 ], [ 5.86267, 51.9318 ], [ 5.86038, 51.93251 ], [ 5.86032, 51.93267 ], [ 5.86116, 51.9343 ], [ 5.86133, 51.93469 ], [ 5.86006, 51.93496 ], [ 5.86072, 51.93619 ], [ 5.85408, 51.93734 ], [ 5.85402, 51.93728 ], [ 5.85395, 51.93726 ], [ 5.85378, 51.93727 ], [ 5.85352, 51.93752 ], [ 5.85341, 51.93757 ], [ 5.85327, 51.93756 ], [ 5.853, 51.93743 ], [ 5.85286, 51.93739 ], [ 5.85268, 51.93739 ], [ 5.85067, 51.93774 ], [ 5.85051, 51.9377 ], [ 5.84894, 51.93794 ], [ 5.84871, 51.93799 ], [ 5.84836, 51.9373 ], [ 5.8481, 51.93675 ], [ 5.84799, 51.93629 ], [ 5.84812, 51.93622 ], [ 5.84799, 51.93534 ], [ 5.84952, 51.93518 ], [ 5.84963, 51.93504 ], [ 5.84939, 51.93436 ], [ 5.84877, 51.93311 ], [ 5.84826, 51.93317 ], [ 5.84827, 51.93321 ], [ 5.84688, 51.93342 ], [ 5.84683, 51.93338 ], [ 5.84677, 51.93336 ], [ 5.84681, 51.93333 ], [ 5.84675, 51.93329 ], [ 5.84656, 51.93329 ], [ 5.8464, 51.93336 ], [ 5.84549, 51.93418 ], [ 5.845, 51.93415 ], [ 5.84409, 51.93503 ], [ 5.8444, 51.93516 ], [ 5.8434, 51.93542 ], [ 5.84234, 51.93612 ], [ 5.84154, 51.93645 ], [ 5.84033, 51.93674 ], [ 5.84035, 51.93681 ], [ 5.83974, 51.93692 ], [ 5.83979, 51.937 ] ] } },
{ "type": "Feature", "properties": { "klompenpad_naam": "Braakhekke-Bultenpad", "url": "https://klompenpaden.nl/klompenpaden/Braakhekke-Bultenpad/314c3ed3-2d4f-470f-90f2-38f3e12359d8", "date": null }, "geometry": { "type": "LineString", "coordinates": [ [ 6.31585, 52.19559 ], [ 6.31606, 52.19467 ], [ 6.31624, 52.19375 ], [ 6.31636, 52.19213 ], [ 6.31643, 52.1916 ], [ 6.3169, 52.19157 ], [ 6.31863, 52.19138 ], [ 6.32214, 52.19125 ], [ 6.32202, 52.1903 ], [ 6.32188, 52.1894 ], [ 6.32162, 52.18702 ], [ 6.3216, 52.18461 ], [ 6.32126, 52.18426 ], [ 6.32064, 52.18377 ], [ 6.31975, 52.18379 ], [ 6.31752, 52.1839 ], [ 6.31542, 52.18407 ], [ 6.31548, 52.1836 ], [ 6.31569, 52.18305 ], [ 6.31552, 52.18306 ], [ 6.31568, 52.18248 ], [ 6.31629, 52.18101 ], [ 6.31657, 52.1801 ], [ 6.31715, 52.18001 ], [ 6.31718, 52.17989 ], [ 6.3169, 52.17981 ], [ 6.31718, 52.17948 ], [ 6.31718, 52.17917 ], [ 6.31705, 52.17885 ], [ 6.3167, 52.17851 ], [ 6.31629, 52.17821 ], [ 6.31592, 52.1779 ], [ 6.31544, 52.17758 ], [ 6.31303, 52.17662 ], [ 6.3126, 52.17646 ], [ 6.31212, 52.17633 ], [ 6.30998, 52.1764 ], [ 6.30893, 52.17647 ], [ 6.30787, 52.17651 ], [ 6.30518, 52.17667 ], [ 6.30512, 52.17654 ], [ 6.30324, 52.17619 ], [ 6.3025, 52.17611 ], [ 6.30112, 52.17616 ], [ 6.301, 52.1762 ], [ 6.30104, 52.17635 ], [ 6.29996, 52.17649 ], [ 6.29869, 52.17674 ], [ 6.29882, 52.17876 ], [ 6.29867, 52.17905 ], [ 6.29868, 52.1794 ], [ 6.29854, 52.17965 ], [ 6.29847, 52.18032 ], [ 6.29892, 52.18033 ], [ 6.29887, 52.18087 ], [ 6.29891, 52.18111 ], [ 6.29905, 52.18126 ], [ 6.29946, 52.18144 ], [ 6.30009, 52.18162 ], [ 6.30112, 52.18215 ], [ 6.3018, 52.18259 ], [ 6.30137, 52.18296 ], [ 6.3007, 52.1833 ], [ 6.30057, 52.18344 ], [ 6.30054, 52.18365 ], [ 6.30054, 52.18421 ], [ 6.3006, 52.1848 ], [ 6.30088, 52.18603 ], [ 6.30099, 52.1866 ], [ 6.30193, 52.18671 ], [ 6.30136, 52.18716 ], [ 6.30079, 52.18786 ], [ 6.3022, 52.18906 ], [ 6.30384, 52.19054 ], [ 6.30445, 52.19104 ], [ 6.30369, 52.19148 ], [ 6.30322, 52.19179 ], [ 6.30299, 52.1919 ], [ 6.30206, 52.19251 ], [ 6.30174, 52.1927 ], [ 6.29903, 52.18984 ], [ 6.29894, 52.18989 ], [ 6.29884, 52.1898 ], [ 6.29686, 52.19093 ], [ 6.29667, 52.19116 ], [ 6.29656, 52.19135 ], [ 6.29655, 52.19152 ], [ 6.29649, 52.19175 ], [ 6.29633, 52.19194 ], [ 6.29604, 52.19212 ], [ 6.29588, 52.19217 ], [ 6.2958, 52.19222 ], [ 6.29581, 52.19232 ], [ 6.29665, 52.19306 ], [ 6.29753, 52.19386 ], [ 6.29826, 52.1945 ], [ 6.29843, 52.19467 ], [ 6.29885, 52.19514 ], [ 6.29917, 52.19569 ], [ 6.29945, 52.19613 ], [ 6.29968, 52.19653 ], [ 6.29997, 52.1969 ], [ 6.30026, 52.19748 ], [ 6.30051, 52.1981 ], [ 6.29985, 52.19821 ], [ 6.29756, 52.19866 ], [ 6.29735, 52.19883 ], [ 6.297, 52.19909 ], [ 6.2967, 52.19952 ], [ 6.2966, 52.19973 ], [ 6.29621, 52.2001 ], [ 6.29649, 52.2001 ], [ 6.29674, 52.20016 ], [ 6.29705, 52.20009 ], [ 6.29729, 52.20015 ], [ 6.29754, 52.19999 ], [ 6.2979, 52.19992 ], [ 6.2982, 52.19979 ], [ 6.29853, 52.19954 ], [ 6.29973, 52.19925 ], [ 6.30051, 52.19956 ], [ 6.30077, 52.19962 ], [ 6.30113, 52.19966 ], [ 6.30344, 52.20248 ], [ 6.30361, 52.2027 ], [ 6.30095, 52.20357 ], [ 6.30052, 52.20375 ], [ 6.2997, 52.20377 ], [ 6.29883, 52.20407 ], [ 6.29831, 52.20411 ], [ 6.29773, 52.20429 ], [ 6.29691, 52.20484 ], [ 6.29692, 52.205 ], [ 6.297, 52.20543 ], [ 6.29696, 52.20552 ], [ 6.29628, 52.20575 ], [ 6.29626, 52.20578 ], [ 6.29739, 52.20687 ], [ 6.29746, 52.20688 ], [ 6.29776, 52.20676 ], [ 6.3036, 52.20495 ], [ 6.30432, 52.20355 ], [ 6.30361, 52.20263 ], [ 6.30523, 52.20199 ], [ 6.30878, 52.20063 ], [ 6.30911, 52.20048 ], [ 6.30928, 52.20036 ], [ 6.30974, 52.19994 ], [ 6.3103, 52.19935 ], [ 6.3116, 52.19809 ], [ 6.31235, 52.19739 ], [ 6.31281, 52.19693 ], [ 6.31304, 52.19652 ], [ 6.31362, 52.19526 ], [ 6.31533, 52.19553 ], [ 6.31585, 52.19559 ] ] } },
{ "type": "Feature", "properties": { "klompenpad_naam": "Posterpad", "url": "https://klompenpaden.nl/klompenpaden/Posterpad/50c0f766-4165-46fd-80e2-77d26a71339f", "date": null }, "geometry": { "type": "LineString", "coordinates": [ [ 6.12688, 52.21305 ], [ 6.12704, 52.21309 ], [ 6.12852, 52.21271 ], [ 6.12885, 52.21265 ], [ 6.1288, 52.21251 ], [ 6.12943, 52.21234 ], [ 6.12986, 52.2122 ], [ 6.12836, 52.21007 ], [ 6.13023, 52.20882 ], [ 6.13012, 52.20869 ], [ 6.12936, 52.20832 ], [ 6.12725, 52.20767 ], [ 6.12757, 52.20698 ], [ 6.12759, 52.20679 ], [ 6.1274, 52.20665 ], [ 6.126, 52.20629 ], [ 6.12536, 52.20618 ], [ 6.12473, 52.20605 ], [ 6.12398, 52.20586 ], [ 6.12387, 52.20572 ], [ 6.12398, 52.2055 ], [ 6.12398, 52.20529 ], [ 6.12387, 52.20522 ], [ 6.12346, 52.20504 ], [ 6.12094, 52.2043 ], [ 6.12107, 52.20409 ], [ 6.12127, 52.20405 ], [ 6.12214, 52.20377 ], [ 6.12249, 52.20356 ], [ 6.12267, 52.20328 ], [ 6.12276, 52.20283 ], [ 6.12274, 52.2024 ], [ 6.12291, 52.20218 ], [ 6.12315, 52.20181 ], [ 6.12356, 52.20125 ], [ 6.12341, 52.20113 ], [ 6.12325, 52.20084 ], [ 6.12286, 52.20059 ], [ 6.12253, 52.19998 ], [ 6.12186, 52.1999 ], [ 6.12117, 52.19977 ], [ 6.11999, 52.19957 ], [ 6.11916, 52.19951 ], [ 6.11894, 52.19961 ], [ 6.11863, 52.19973 ], [ 6.11825, 52.19971 ], [ 6.11801, 52.19965 ], [ 6.11781, 52.19939 ], [ 6.11703, 52.19915 ], [ 6.11574, 52.19905 ], [ 6.11476, 52.19901 ], [ 6.11446, 52.19922 ], [ 6.11425, 52.19963 ], [ 6.11392, 52.20045 ], [ 6.11444, 52.2008 ], [ 6.1152, 52.20066 ], [ 6.11554, 52.20127 ], [ 6.11574, 52.20158 ], [ 6.11568, 52.2017 ], [ 6.11384, 52.20208 ], [ 6.11357, 52.20176 ], [ 6.11304, 52.20171 ], [ 6.1126, 52.20178 ], [ 6.11227, 52.20193 ], [ 6.11167, 52.20226 ], [ 6.11159, 52.20294 ], [ 6.11242, 52.20336 ], [ 6.11328, 52.20373 ], [ 6.11281, 52.20468 ], [ 6.11282, 52.20495 ], [ 6.11285, 52.20507 ], [ 6.11312, 52.20572 ], [ 6.11331, 52.20694 ], [ 6.11352, 52.20775 ], [ 6.11349, 52.20812 ], [ 6.11351, 52.20852 ], [ 6.11376, 52.20942 ], [ 6.1138, 52.20984 ], [ 6.11372, 52.21027 ], [ 6.11366, 52.21127 ], [ 6.11357, 52.21224 ], [ 6.11396, 52.21281 ], [ 6.11438, 52.21325 ], [ 6.11478, 52.2133 ], [ 6.116, 52.21323 ], [ 6.11636, 52.21326 ], [ 6.11636, 52.21326 ], [ 6.11646, 52.21365 ], [ 6.11653, 52.21593 ], [ 6.11625, 52.2166 ], [ 6.11587, 52.21712 ], [ 6.11432, 52.21871 ], [ 6.11293, 52.21978 ], [ 6.11225, 52.21981 ], [ 6.11128, 52.21991 ], [ 6.10957, 52.22021 ], [ 6.10919, 52.22036 ], [ 6.10859, 52.2205 ], [ 6.10851, 52.22056 ], [ 6.10831, 52.22059 ], [ 6.10817, 52.22069 ], [ 6.10763, 52.22066 ], [ 6.10764, 52.22068 ], [ 6.10755, 52.22063 ], [ 6.10735, 52.22094 ], [ 6.10699, 52.22102 ], [ 6.10687, 52.22128 ], [ 6.10644, 52.22096 ], [ 6.10615, 52.22081 ], [ 6.10608, 52.22036 ], [ 6.10565, 52.22023 ], [ 6.10543, 52.22007 ], [ 6.10542, 52.21996 ], [ 6.10531, 52.21942 ], [ 6.10564, 52.21947 ], [ 6.10628, 52.2187 ], [ 6.10658, 52.2186 ], [ 6.1075, 52.21818 ], [ 6.10634, 52.21773 ], [ 6.10598, 52.21826 ], [ 6.10588, 52.21832 ], [ 6.10571, 52.21837 ], [ 6.10543, 52.21842 ], [ 6.10523, 52.21852 ], [ 6.10515, 52.21864 ], [ 6.10498, 52.21878 ], [ 6.10516, 52.21902 ], [ 6.1053, 52.21973 ], [ 6.10508, 52.21982 ], [ 6.10486, 52.22012 ], [ 6.10489, 52.22031 ], [ 6.10509, 52.22072 ], [ 6.10537, 52.22108 ], [ 6.10562, 52.22116 ], [ 6.10614, 52.22122 ], [ 6.10664, 52.22131 ], [ 6.10704, 52.22142 ], [ 6.10706, 52.22166 ], [ 6.10714, 52.22204 ], [ 6.10779, 52.22226 ], [ 6.10816, 52.22222 ], [ 6.1084, 52.22208 ], [ 6.10854, 52.2221 ], [ 6.10937, 52.22263 ], [ 6.11027, 52.2231 ], [ 6.11079, 52.22358 ], [ 6.11099, 52.22447 ], [ 6.1112, 52.22465 ], [ 6.11072, 52.22555 ], [ 6.11182, 52.22568 ], [ 6.11189, 52.22521 ], [ 6.11194, 52.22426 ], [ 6.11241, 52.22379 ], [ 6.11266, 52.22341 ], [ 6.11263, 52.22304 ], [ 6.113, 52.22319 ], [ 6.11419, 52.22361 ], [ 6.11423, 52.22312 ], [ 6.11438, 52.22266 ], [ 6.11497, 52.22242 ], [ 6.11541, 52.22236 ], [ 6.1157, 52.22227 ], [ 6.11571, 52.22213 ], [ 6.1157, 52.22191 ], [ 6.11596, 52.22159 ], [ 6.11604, 52.22128 ], [ 6.11624, 52.22116 ], [ 6.1165, 52.22105 ], [ 6.11665, 52.22116 ], [ 6.11684, 52.22121 ], [ 6.11833, 52.22126 ], [ 6.11865, 52.22122 ], [ 6.11873, 52.22121 ], [ 6.12037, 52.22148 ], [ 6.12039, 52.22309 ], [ 6.12109, 52.22386 ], [ 6.12103, 52.22527 ], [ 6.12184, 52.22544 ], [ 6.12215, 52.2252 ], [ 6.12253, 52.22505 ], [ 6.12515, 52.22545 ], [ 6.12556, 52.22559 ], [ 6.12625, 52.22561 ], [ 6.12632, 52.22533 ], [ 6.12657, 52.22324 ], [ 6.12645, 52.22297 ], [ 6.12599, 52.22288 ], [ 6.12604, 52.22282 ], [ 6.12605, 52.22278 ], [ 6.126, 52.22274 ], [ 6.12565, 52.22258 ], [ 6.12547, 52.22239 ], [ 6.1252, 52.22141 ], [ 6.12521, 52.22057 ], [ 6.1258, 52.22054 ], [ 6.12581, 52.21985 ], [ 6.12574, 52.21962 ], [ 6.12581, 52.21937 ], [ 6.12578, 52.21931 ], [ 6.12572, 52.21924 ], [ 6.12575, 52.21902 ], [ 6.12565, 52.21895 ], [ 6.12565, 52.2187 ], [ 6.12562, 52.21862 ], [ 6.12567, 52.21851 ], [ 6.12565, 52.2178 ], [ 6.1256, 52.21738 ], [ 6.1257, 52.21713 ], [ 6.1256, 52.21707 ], [ 6.12572, 52.21702 ], [ 6.12566, 52.21671 ], [ 6.12564, 52.21651 ], [ 6.1256, 52.21547 ], [ 6.1257, 52.21508 ], [ 6.12583, 52.21505 ], [ 6.12585, 52.21497 ], [ 6.12581, 52.21483 ], [ 6.12573, 52.21474 ], [ 6.12576, 52.21465 ], [ 6.12462, 52.21446 ], [ 6.12501, 52.21416 ], [ 6.12589, 52.21374 ], [ 6.1267, 52.21357 ], [ 6.12688, 52.2136 ], [ 6.12693, 52.21351 ], [ 6.12711, 52.21353 ], [ 6.127, 52.21308 ] ] } },
{ "type": "Feature", "properties": { "klompenpad_naam": "Eldensche-Veldpad", "url": "https://klompenpaden.nl/klompenpaden/Eldensche-Veldpad/47a7849c-9e1b-46b8-bfa3-f5691337d5d2", "date": null }, "geometry": { "type": "LineString", "coordinates": [ [ 5.8892, 51.97401 ], [ 5.88954, 51.97338 ], [ 5.88977, 51.97271 ], [ 5.88989, 51.97212 ], [ 5.89007, 51.97148 ], [ 5.89032, 51.97085 ], [ 5.89039, 51.97072 ], [ 5.89058, 51.97071 ], [ 5.89171, 51.97104 ], [ 5.89306, 51.97279 ], [ 5.89338, 51.97314 ], [ 5.89349, 51.97316 ], [ 5.8936, 51.97317 ], [ 5.89389, 51.97312 ], [ 5.89422, 51.97303 ], [ 5.89625, 51.97257 ], [ 5.89675, 51.97239 ], [ 5.89783, 51.97219 ], [ 5.89893, 51.97206 ], [ 5.9008, 51.97197 ], [ 5.90182, 51.97211 ], [ 5.9018, 51.97279 ], [ 5.90155, 51.97302 ], [ 5.90178, 51.97324 ], [ 5.90181, 51.97371 ], [ 5.90164, 51.97399 ], [ 5.90162, 51.97479 ], [ 5.90159, 51.97512 ], [ 5.90144, 51.97537 ], [ 5.90087, 51.97596 ], [ 5.90044, 51.97651 ], [ 5.89974, 51.97732 ], [ 5.89953, 51.97749 ], [ 5.89944, 51.9776 ], [ 5.8996, 51.97781 ], [ 5.89984, 51.97802 ], [ 5.8999, 51.97816 ], [ 5.89978, 51.97833 ], [ 5.89925, 51.97862 ], [ 5.89888, 51.9787 ], [ 5.89794, 51.97922 ], [ 5.89769, 51.97917 ], [ 5.89687, 51.97844 ], [ 5.89599, 51.97795 ], [ 5.89535, 51.97828 ], [ 5.89421, 51.97828 ], [ 5.89171, 51.97808 ], [ 5.88902, 51.97776 ], [ 5.88884, 51.97861 ], [ 5.88874, 51.97946 ], [ 5.88777, 51.97944 ], [ 5.88714, 51.97939 ], [ 5.88654, 51.97932 ], [ 5.8851, 51.979 ], [ 5.88495, 51.97887 ], [ 5.88489, 51.97868 ], [ 5.88377, 51.97832 ], [ 5.88333, 51.97836 ], [ 5.88308, 51.9783 ], [ 5.88192, 51.9778 ], [ 5.88153, 51.9777 ], [ 5.88114, 51.97769 ], [ 5.88018, 51.97784 ], [ 5.87945, 51.97781 ], [ 5.87913, 51.97777 ], [ 5.87856, 51.97761 ], [ 5.87834, 51.97749 ], [ 5.87809, 51.97729 ], [ 5.87791, 51.97707 ], [ 5.87599, 51.97732 ], [ 5.87577, 51.97732 ], [ 5.87555, 51.97727 ], [ 5.87521, 51.97707 ], [ 5.87491, 51.97681 ], [ 5.87437, 51.97629 ], [ 5.87426, 51.97629 ], [ 5.87413, 51.97631 ], [ 5.87391, 51.97632 ], [ 5.87383, 51.9763 ], [ 5.8736, 51.97617 ], [ 5.87335, 51.976 ], [ 5.87264, 51.97543 ], [ 5.87201, 51.97486 ], [ 5.87131, 51.97419 ], [ 5.87065, 51.97349 ], [ 5.87061, 51.97338 ], [ 5.87062, 51.97326 ], [ 5.8707, 51.97319 ], [ 5.87087, 51.97307 ], [ 5.87157, 51.97268 ], [ 5.87168, 51.97259 ], [ 5.87167, 51.97255 ], [ 5.87135, 51.9722 ], [ 5.87129, 51.97208 ], [ 5.87127, 51.97202 ], [ 5.87129, 51.97194 ], [ 5.87237, 51.96988 ], [ 5.87238, 51.96979 ], [ 5.87235, 51.96968 ], [ 5.87225, 51.9694 ], [ 5.8721, 51.96915 ], [ 5.87171, 51.96876 ], [ 5.87127, 51.96843 ], [ 5.87104, 51.96838 ], [ 5.87085, 51.96845 ], [ 5.8703, 51.96846 ], [ 5.8691, 51.9688 ], [ 5.86859, 51.96897 ], [ 5.86799, 51.9691 ], [ 5.86714, 51.96908 ], [ 5.86687, 51.96903 ], [ 5.86505, 51.96886 ], [ 5.86411, 51.9687 ], [ 5.86278, 51.96857 ], [ 5.86105, 51.96844 ], [ 5.86032, 51.96844 ], [ 5.85956, 51.96847 ], [ 5.85823, 51.96854 ], [ 5.85786, 51.96859 ], [ 5.85748, 51.96857 ], [ 5.85695, 51.96861 ], [ 5.85587, 51.96883 ], [ 5.85531, 51.96863 ], [ 5.85471, 51.9686 ], [ 5.85394, 51.96875 ], [ 5.85357, 51.96872 ], [ 5.85335, 51.96878 ], [ 5.85297, 51.96824 ], [ 5.85268, 51.96771 ], [ 5.85243, 51.96715 ], [ 5.85232, 51.96695 ], [ 5.85215, 51.96698 ], [ 5.8519, 51.96681 ], [ 5.85141, 51.96678 ], [ 5.85096, 51.96686 ], [ 5.85019, 51.96678 ], [ 5.85007, 51.96676 ], [ 5.88613, 51.96189 ], [ 5.88633, 51.96207 ], [ 5.88661, 51.9622 ], [ 5.88699, 51.96229 ], [ 5.88735, 51.96235 ], [ 5.8876, 51.96242 ], [ 5.88771, 51.96267 ], [ 5.88773, 51.96276 ], [ 5.88772, 51.96284 ], [ 5.88759, 51.96294 ], [ 5.88745, 51.96302 ], [ 5.887, 51.96324 ], [ 5.88662, 51.96332 ], [ 5.88637, 51.96334 ], [ 5.8857, 51.96334 ], [ 5.88546, 51.96336 ], [ 5.88524, 51.96344 ], [ 5.88397, 51.96399 ], [ 5.88333, 51.96428 ], [ 5.88311, 51.96441 ], [ 5.88288, 51.96447 ], [ 5.88218, 51.96475 ], [ 5.88173, 51.96499 ], [ 5.88183, 51.9651 ], [ 5.88211, 51.96527 ], [ 5.88231, 51.96544 ], [ 5.8825, 51.96576 ], [ 5.88257, 51.96599 ], [ 5.88258, 51.96616 ], [ 5.88245, 51.9663 ], [ 5.88231, 51.96638 ], [ 5.88206, 51.9664 ], [ 5.88168, 51.96629 ], [ 5.88129, 51.96611 ], [ 5.88078, 51.96591 ], [ 5.88053, 51.96569 ], [ 5.88022, 51.96544 ], [ 5.87996, 51.96531 ], [ 5.87978, 51.96529 ], [ 5.87962, 51.9653 ], [ 5.87933, 51.96537 ], [ 5.87905, 51.96558 ], [ 5.87894, 51.96536 ], [ 5.87896, 51.96507 ], [ 5.87905, 51.96483 ], [ 5.87948, 51.96428 ], [ 5.87983, 51.96397 ], [ 5.87999, 51.96388 ], [ 5.88034, 51.96383 ], [ 5.8804, 51.9636 ], [ 5.8805, 51.9634 ], [ 5.88064, 51.96331 ], [ 5.88074, 51.96329 ], [ 5.88083, 51.96331 ], [ 5.88091, 51.96336 ], [ 5.88151, 51.96384 ], [ 5.88164, 51.9639 ], [ 5.88188, 51.96381 ], [ 5.88194, 51.96371 ], [ 5.88191, 51.9636 ], [ 5.88166, 51.96311 ], [ 5.88161, 51.9626 ], [ 5.88252, 51.9626 ], [ 5.88309, 51.96267 ], [ 5.88365, 51.96273 ], [ 5.88441, 51.96275 ], [ 5.88468, 51.96273 ], [ 5.88487, 51.96268 ], [ 5.88503, 51.96259 ], [ 5.88514, 51.96245 ], [ 5.88509, 51.9623 ], [ 5.88508, 51.96219 ], [ 5.88517, 51.9621 ], [ 5.88538, 51.96201 ], [ 5.88579, 51.96189 ], [ 5.8859, 51.96181 ], [ 5.88613, 51.96189 ], [ 5.85041, 51.96328 ], [ 5.85042, 51.96327 ], [ 5.85089, 51.96326 ], [ 5.85156, 51.96321 ], [ 5.85199, 51.96316 ], [ 5.85244, 51.96301 ], [ 5.85405, 51.96257 ], [ 5.85428, 51.96253 ], [ 5.85433, 51.96272 ], [ 5.85492, 51.96357 ], [ 5.85605, 51.96406 ], [ 5.85602, 51.96413 ], [ 5.85609, 51.96416 ], [ 5.85646, 51.96413 ], [ 5.8565, 51.96419 ], [ 5.85658, 51.96461 ], [ 5.85669, 51.9647 ], [ 5.85695, 51.9648 ], [ 5.85728, 51.96486 ], [ 5.85756, 51.96485 ], [ 5.85785, 51.96489 ], [ 5.85813, 51.96489 ], [ 5.85871, 51.96495 ], [ 5.85918, 51.96507 ], [ 5.86005, 51.96551 ], [ 5.86031, 51.96559 ], [ 5.86059, 51.96566 ], [ 5.8611, 51.96564 ], [ 5.86141, 51.96575 ], [ 5.86171, 51.96583 ], [ 5.86196, 51.96583 ], [ 5.86212, 51.96581 ], [ 5.86214, 51.96611 ], [ 5.86202, 51.96643 ], [ 5.8621, 51.96653 ], [ 5.86227, 51.96651 ], [ 5.86465, 51.9668 ], [ 5.86498, 51.96661 ], [ 5.86542, 51.96664 ], [ 5.86566, 51.96669 ], [ 5.86586, 51.96671 ], [ 5.86594, 51.9668 ], [ 5.86595, 51.96701 ], [ 5.86602, 51.96711 ], [ 5.86698, 51.96686 ], [ 5.86741, 51.96678 ], [ 5.86792, 51.96665 ], [ 5.86805, 51.96677 ], [ 5.86812, 51.96676 ], [ 5.86864, 51.96655 ], [ 5.8691, 51.96639 ], [ 5.86932, 51.96663 ], [ 5.86951, 51.96679 ], [ 5.86978, 51.96713 ], [ 5.87008, 51.96745 ], [ 5.87022, 51.96755 ], [ 5.87048, 51.96757 ], [ 5.87084, 51.96764 ], [ 5.87098, 51.96784 ], [ 5.87117, 51.96797 ], [ 5.87149, 51.968 ], [ 5.87214, 51.96799 ], [ 5.87323, 51.96801 ], [ 5.87346, 51.96806 ], [ 5.87406, 51.96815 ], [ 5.87416, 51.96811 ], [ 5.87412, 51.96798 ], [ 5.87399, 51.96778 ], [ 5.87385, 51.96741 ], [ 5.87391, 51.96745 ], [ 5.87409, 51.96704 ], [ 5.87426, 51.96694 ], [ 5.87452, 51.96686 ], [ 5.87483, 51.96689 ], [ 5.87546, 51.96702 ], [ 5.87588, 51.96717 ], [ 5.87612, 51.96719 ], [ 5.87632, 51.96713 ], [ 5.87652, 51.96704 ], [ 5.87668, 51.967 ], [ 5.87721, 51.96698 ], [ 5.87721, 51.96698 ], [ 5.87733, 51.96695 ], [ 5.87772, 51.96678 ], [ 5.87826, 51.96672 ], [ 5.87846, 51.96668 ], [ 5.87911, 51.96614 ], [ 5.87921, 51.96607 ], [ 5.87927, 51.96605 ], [ 5.87896, 51.96562 ], [ 5.87903, 51.96558 ], [ 5.87721, 51.96698 ], [ 5.87721, 51.96698 ], [ 5.87721, 51.96698 ], [ 5.87689, 51.96718 ], [ 5.87677, 51.9673 ], [ 5.87666, 51.96744 ], [ 5.87647, 51.96785 ], [ 5.87631, 51.96797 ], [ 5.87611, 51.96809 ], [ 5.87552, 51.96826 ], [ 5.87516, 51.9683 ], [ 5.87456, 51.96829 ], [ 5.87443, 51.96832 ], [ 5.87463, 51.96845 ], [ 5.87454, 51.96853 ], [ 5.87425, 51.96858 ], [ 5.87405, 51.96866 ], [ 5.87377, 51.9689 ], [ 5.87377, 51.9689 ], [ 5.8736, 51.96905 ], [ 5.87354, 51.96914 ], [ 5.87356, 51.96918 ], [ 5.87365, 51.96928 ], [ 5.87368, 51.96943 ], [ 5.87356, 51.96984 ], [ 5.87353, 51.96998 ], [ 5.87357, 51.97005 ], [ 5.87394, 51.9704 ], [ 5.87468, 51.97122 ], [ 5.87474, 51.97141 ], [ 5.87469, 51.9715 ], [ 5.87435, 51.97159 ], [ 5.87405, 51.97171 ], [ 5.87372, 51.97182 ], [ 5.87342, 51.97197 ], [ 5.87344, 51.97204 ], [ 5.87441, 51.97212 ], [ 5.87433, 51.9721 ], [ 5.87435, 51.97208 ], [ 5.87449, 51.97213 ], [ 5.87489, 51.9722 ], [ 5.87543, 51.9724 ], [ 5.87555, 51.97238 ], [ 5.87563, 51.97234 ], [ 5.87567, 51.97234 ], [ 5.87977, 51.97244 ], [ 5.88, 51.97238 ], [ 5.88035, 51.97236 ], [ 5.88276, 51.97266 ], [ 5.88365, 51.97284 ], [ 5.88386, 51.97293 ], [ 5.88396, 51.97305 ], [ 5.88386, 51.9733 ], [ 5.88382, 51.97356 ], [ 5.88391, 51.97364 ], [ 5.88402, 51.97368 ], [ 5.88431, 51.97371 ], [ 5.88481, 51.9737 ], [ 5.8858, 51.97381 ], [ 5.88639, 51.97396 ], [ 5.88685, 51.97398 ], [ 5.88734, 51.97403 ], [ 5.88904, 51.97429 ], [ 5.8892, 51.97401 ], [ 5.87567, 51.97234 ], [ 5.87626, 51.97234 ], [ 5.87638, 51.97241 ], [ 5.87645, 51.9725 ], [ 5.87957, 51.97245 ], [ 5.87977, 51.97244 ], [ 5.85007, 51.96676 ], [ 5.8502, 51.96668 ], [ 5.8505, 51.96656 ], [ 5.85064, 51.96653 ], [ 5.85065, 51.96644 ], [ 5.85055, 51.96613 ], [ 5.85036, 51.96569 ], [ 5.85017, 51.96528 ], [ 5.85012, 51.96511 ], [ 5.8502, 51.96505 ], [ 5.85015, 51.96497 ], [ 5.85015, 51.96491 ], [ 5.84987, 51.9643 ], [ 5.84981, 51.96412 ], [ 5.84974, 51.96405 ], [ 5.84959, 51.96372 ], [ 5.84952, 51.96364 ], [ 5.84948, 51.96353 ], [ 5.84961, 51.96341 ], [ 5.8498, 51.96339 ], [ 5.85008, 51.9634 ], [ 5.85038, 51.96336 ], [ 5.85041, 51.96328 ] ] } },
{ "type": "Feature", "properties": { "klompenpad_naam": "Kelrepad", "url": "https://klompenpaden.nl/klompenpaden/Kelrepad/e15879c7-7d19-40f9-9fe4-b2c706314dcc", "date": null }, "geometry": { "type": "LineString", "coordinates": [ [ 6.22832, 51.9359 ], [ 6.22824, 51.93591 ], [ 6.2284, 51.93608 ], [ 6.22779, 51.93634 ], [ 6.22791, 51.93644 ], [ 6.22778, 51.93648 ], [ 6.22818, 51.93692 ], [ 6.229, 51.93767 ], [ 6.22893, 51.93811 ], [ 6.229, 51.93854 ], [ 6.22909, 51.93867 ], [ 6.22938, 51.93885 ], [ 6.22842, 51.9396 ], [ 6.22673, 51.94068 ], [ 6.22571, 51.94119 ], [ 6.22284, 51.94239 ], [ 6.22271, 51.9423 ], [ 6.22066, 51.94353 ], [ 6.2205, 51.94361 ], [ 6.2197, 51.94332 ], [ 6.21918, 51.94316 ], [ 6.21877, 51.94233 ], [ 6.21813, 51.94142 ], [ 6.21876, 51.93729 ], [ 6.22022, 51.93599 ], [ 6.21935, 51.93499 ], [ 6.21938, 51.93484 ], [ 6.21959, 51.93471 ], [ 6.22005, 51.93462 ], [ 6.22036, 51.93449 ], [ 6.22078, 51.93426 ], [ 6.22184, 51.93354 ], [ 6.22298, 51.93273 ], [ 6.21917, 51.93156 ], [ 6.21984, 51.93094 ], [ 6.2174, 51.92914 ], [ 6.21529, 51.92746 ], [ 6.21429, 51.92644 ], [ 6.21414, 51.92595 ], [ 6.21379, 51.92553 ], [ 6.21308, 51.92485 ], [ 6.21216, 51.92425 ], [ 6.21152, 51.9238 ], [ 6.21079, 51.92308 ], [ 6.21037, 51.92254 ], [ 6.20993, 51.92204 ], [ 6.20966, 51.92145 ], [ 6.2093, 51.92081 ], [ 6.20906, 51.92 ], [ 6.20879, 51.91965 ], [ 6.20902, 51.9197 ], [ 6.20949, 51.91988 ], [ 6.21034, 51.92027 ], [ 6.21126, 51.92082 ], [ 6.21167, 51.92118 ], [ 6.21524, 51.92017 ], [ 6.21581, 51.92 ], [ 6.21618, 51.91994 ], [ 6.21707, 51.91983 ], [ 6.21818, 51.91965 ], [ 6.21881, 51.91939 ], [ 6.21981, 51.91909 ], [ 6.22068, 51.92028 ], [ 6.2215, 51.92069 ], [ 6.22306, 51.92144 ], [ 6.22426, 51.92196 ], [ 6.225, 51.92162 ], [ 6.22532, 51.9214 ], [ 6.22619, 51.92125 ], [ 6.22681, 51.92103 ], [ 6.22706, 51.92085 ], [ 6.22786, 51.92174 ], [ 6.22888, 51.92302 ], [ 6.23038, 51.92462 ], [ 6.23141, 51.92558 ], [ 6.23181, 51.92625 ], [ 6.23533, 51.92407 ], [ 6.23682, 51.92307 ], [ 6.23684, 51.92307 ], [ 6.23738, 51.92408 ], [ 6.23768, 51.92471 ], [ 6.23777, 51.92515 ], [ 6.23788, 51.92601 ], [ 6.23801, 51.92645 ], [ 6.23851, 51.92732 ], [ 6.23967, 51.92821 ], [ 6.24101, 51.92739 ], [ 6.24241, 51.92663 ], [ 6.24226, 51.92653 ], [ 6.24317, 51.92577 ], [ 6.24254, 51.92544 ], [ 6.24335, 51.92472 ], [ 6.244, 51.92384 ], [ 6.24457, 51.92414 ], [ 6.24546, 51.92443 ], [ 6.24683, 51.92523 ], [ 6.24705, 51.92502 ], [ 6.24729, 51.92521 ], [ 6.24938, 51.927 ], [ 6.25024, 51.92664 ], [ 6.25068, 51.92689 ], [ 6.25094, 51.92708 ], [ 6.25137, 51.92723 ], [ 6.2522, 51.92743 ], [ 6.25267, 51.92746 ], [ 6.25352, 51.92766 ], [ 6.25378, 51.92788 ], [ 6.25461, 51.92854 ], [ 6.255, 51.9288 ], [ 6.25608, 51.92967 ], [ 6.25791, 51.92931 ], [ 6.25841, 51.92909 ], [ 6.25914, 51.92871 ], [ 6.25924, 51.92862 ], [ 6.25985, 51.92886 ], [ 6.25998, 51.92887 ], [ 6.26013, 51.92885 ], [ 6.26075, 51.9291 ], [ 6.2607, 51.92936 ], [ 6.26017, 51.92985 ], [ 6.25985, 51.9302 ], [ 6.25963, 51.93086 ], [ 6.2592, 51.93123 ], [ 6.25943, 51.93189 ], [ 6.2593, 51.93208 ], [ 6.25929, 51.93216 ], [ 6.25892, 51.93227 ], [ 6.25851, 51.93214 ], [ 6.25808, 51.93188 ], [ 6.25759, 51.93138 ], [ 6.25742, 51.93127 ], [ 6.25721, 51.93122 ], [ 6.25645, 51.93141 ], [ 6.25611, 51.93139 ], [ 6.25378, 51.93007 ], [ 6.25241, 51.92963 ], [ 6.25171, 51.92931 ], [ 6.25089, 51.92851 ], [ 6.25041, 51.9281 ], [ 6.24833, 51.92899 ], [ 6.24776, 51.92909 ], [ 6.24707, 51.92919 ], [ 6.24557, 51.92974 ], [ 6.24484, 51.92997 ], [ 6.24425, 51.93039 ], [ 6.24375, 51.93087 ], [ 6.24341, 51.93124 ], [ 6.24331, 51.93146 ], [ 6.24366, 51.93192 ], [ 6.23906, 51.93175 ], [ 6.23428, 51.93528 ], [ 6.23338, 51.93476 ], [ 6.23276, 51.93468 ], [ 6.23218, 51.93488 ], [ 6.23138, 51.93504 ], [ 6.23059, 51.93507 ], [ 6.23028, 51.9351 ], [ 6.22995, 51.93529 ], [ 6.22832, 51.9359 ] ] } },
{ "type": "Feature", "properties": { "klompenpad_naam": "Schaarsbergenpad", "url": "https://klompenpaden.nl/klompenpaden/Schaarsbergenpad/c5e28381-81d4-460c-8acf-99e838bbf571", "date": null }, "geometry": { "type": "LineString", "coordinates": [ [ 5.86767, 52.01963 ], [ 5.8652, 52.01861 ], [ 5.86486, 52.01844 ], [ 5.86454, 52.01825 ], [ 5.86377, 52.01848 ], [ 5.86253, 52.01875 ], [ 5.86243, 52.0188 ], [ 5.86237, 52.01886 ], [ 5.86158, 52.0199 ], [ 5.86091, 52.0194 ], [ 5.86082, 52.01931 ], [ 5.86074, 52.01913 ], [ 5.8607, 52.01902 ], [ 5.86067, 52.019 ], [ 5.86019, 52.01893 ], [ 5.85955, 52.01876 ], [ 5.85892, 52.01855 ], [ 5.85766, 52.01807 ], [ 5.85712, 52.01853 ], [ 5.85554, 52.01993 ], [ 5.8545, 52.02087 ], [ 5.85292, 52.02226 ], [ 5.8524, 52.02274 ], [ 5.8521, 52.02274 ], [ 5.8518, 52.02272 ], [ 5.85162, 52.02266 ], [ 5.85097, 52.02251 ], [ 5.84493, 52.02129 ], [ 5.84498, 52.02118 ], [ 5.84532, 52.02059 ], [ 5.84543, 52.02045 ], [ 5.84559, 52.02033 ], [ 5.84882, 52.01879 ], [ 5.84985, 52.01826 ], [ 5.85071, 52.01776 ], [ 5.85143, 52.01723 ], [ 5.85144, 52.01717 ], [ 5.85118, 52.0169 ], [ 5.85111, 52.01685 ], [ 5.85095, 52.01678 ], [ 5.85083, 52.01678 ], [ 5.85032, 52.01668 ], [ 5.85007, 52.01669 ], [ 5.84987, 52.01666 ], [ 5.84982, 52.01663 ], [ 5.8496, 52.01591 ], [ 5.84966, 52.0159 ], [ 5.84988, 52.0158 ], [ 5.85037, 52.01537 ], [ 5.85051, 52.01519 ], [ 5.85063, 52.01486 ], [ 5.85107, 52.01425 ], [ 5.85118, 52.01416 ], [ 5.85165, 52.01388 ], [ 5.85211, 52.01358 ], [ 5.85239, 52.01343 ], [ 5.85256, 52.0133 ], [ 5.85273, 52.01311 ], [ 5.85292, 52.01294 ], [ 5.8533, 52.01246 ], [ 5.85372, 52.01206 ], [ 5.85394, 52.01192 ], [ 5.854, 52.01185 ], [ 5.85399, 52.0118 ], [ 5.85335, 52.01146 ], [ 5.85317, 52.0113 ], [ 5.85304, 52.01104 ], [ 5.85296, 52.01097 ], [ 5.85193, 52.01063 ], [ 5.85181, 52.01056 ], [ 5.85139, 52.0101 ], [ 5.85134, 52.00995 ], [ 5.85137, 52.00991 ], [ 5.85196, 52.00981 ], [ 5.85285, 52.00957 ], [ 5.85307, 52.00946 ], [ 5.85318, 52.00939 ], [ 5.85325, 52.00937 ], [ 5.85352, 52.00934 ], [ 5.85429, 52.00909 ], [ 5.85478, 52.009 ], [ 5.85486, 52.00893 ], [ 5.85501, 52.00889 ], [ 5.85555, 52.00862 ], [ 5.8557, 52.00858 ], [ 5.85576, 52.00839 ], [ 5.85585, 52.00828 ], [ 5.85586, 52.00822 ], [ 5.85584, 52.00814 ], [ 5.85578, 52.00803 ], [ 5.85575, 52.008 ], [ 5.85568, 52.00798 ], [ 5.85549, 52.008 ], [ 5.85526, 52.00803 ], [ 5.85513, 52.00811 ], [ 5.85496, 52.0081 ], [ 5.85483, 52.00805 ], [ 5.85471, 52.00798 ], [ 5.85457, 52.00787 ], [ 5.85436, 52.00765 ], [ 5.85443, 52.00766 ], [ 5.85451, 52.00769 ], [ 5.85462, 52.00768 ], [ 5.85472, 52.00765 ], [ 5.85495, 52.00748 ], [ 5.85513, 52.0074 ], [ 5.85513, 52.00721 ], [ 5.85515, 52.00716 ], [ 5.85532, 52.00709 ], [ 5.85532, 52.00701 ], [ 5.8555, 52.00692 ], [ 5.85569, 52.00691 ], [ 5.85572, 52.00685 ], [ 5.85573, 52.0067 ], [ 5.85579, 52.00665 ], [ 5.85584, 52.00654 ], [ 5.85585, 52.00643 ], [ 5.85598, 52.00624 ], [ 5.85613, 52.00615 ], [ 5.85613, 52.00609 ], [ 5.85622, 52.00597 ], [ 5.85607, 52.00578 ], [ 5.85599, 52.00571 ], [ 5.85594, 52.0056 ], [ 5.85597, 52.00549 ], [ 5.85606, 52.00539 ], [ 5.85606, 52.0053 ], [ 5.85595, 52.00518 ], [ 5.85595, 52.00509 ], [ 5.85586, 52.00491 ], [ 5.85586, 52.00482 ], [ 5.8559, 52.00443 ], [ 5.85607, 52.0043 ], [ 5.85608, 52.00424 ], [ 5.85611, 52.0042 ], [ 5.85706, 52.00379 ], [ 5.85746, 52.00377 ], [ 5.85776, 52.00371 ], [ 5.85785, 52.00365 ], [ 5.85804, 52.00357 ], [ 5.85813, 52.00356 ], [ 5.8582, 52.00353 ], [ 5.85872, 52.00354 ], [ 5.85882, 52.00351 ], [ 5.85913, 52.0033 ], [ 5.85986, 52.00305 ], [ 5.86012, 52.00293 ], [ 5.86039, 52.00279 ], [ 5.86091, 52.00248 ], [ 5.86307, 52.00151 ], [ 5.86395, 52.00114 ], [ 5.8649, 52.00072 ], [ 5.86502, 52.00073 ], [ 5.86513, 52.00078 ], [ 5.86543, 52.00104 ], [ 5.86558, 52.00106 ], [ 5.87134, 52.00044 ], [ 5.87133, 52.00049 ], [ 5.87117, 52.00079 ], [ 5.8707, 52.00159 ], [ 5.87059, 52.00173 ], [ 5.86972, 52.00174 ], [ 5.86354, 52.00202 ], [ 5.86347, 52.00209 ], [ 5.86359, 52.00356 ], [ 5.86378, 52.00495 ], [ 5.8638, 52.00539 ], [ 5.86389, 52.00627 ], [ 5.86391, 52.00638 ], [ 5.86395, 52.00646 ], [ 5.864, 52.00649 ], [ 5.865, 52.00661 ], [ 5.86536, 52.00664 ], [ 5.8658, 52.00662 ], [ 5.86615, 52.00656 ], [ 5.86626, 52.00652 ], [ 5.86654, 52.00621 ], [ 5.8666, 52.00617 ], [ 5.86684, 52.0061 ], [ 5.86691, 52.00606 ], [ 5.8669, 52.006 ], [ 5.86697, 52.00595 ], [ 5.86726, 52.00596 ], [ 5.86727, 52.006 ], [ 5.8672, 52.00609 ], [ 5.86721, 52.00618 ], [ 5.86731, 52.00639 ], [ 5.86777, 52.00663 ], [ 5.86801, 52.0068 ], [ 5.86804, 52.00688 ], [ 5.86775, 52.00698 ], [ 5.86752, 52.00718 ], [ 5.86755, 52.00741 ], [ 5.86766, 52.00765 ], [ 5.86753, 52.00777 ], [ 5.86746, 52.00792 ], [ 5.8675, 52.00799 ], [ 5.86759, 52.00803 ], [ 5.86775, 52.00804 ], [ 5.86797, 52.00812 ], [ 5.86825, 52.00831 ], [ 5.86851, 52.00863 ], [ 5.86862, 52.00885 ], [ 5.86877, 52.00899 ], [ 5.86878, 52.00903 ], [ 5.86868, 52.00909 ], [ 5.86838, 52.0092 ], [ 5.86783, 52.00934 ], [ 5.86763, 52.00944 ], [ 5.86746, 52.00957 ], [ 5.86727, 52.00968 ], [ 5.86648, 52.00995 ], [ 5.86635, 52.00995 ], [ 5.86608, 52.00992 ], [ 5.86581, 52.00995 ], [ 5.86577, 52.00997 ], [ 5.86567, 52.01021 ], [ 5.86567, 52.01027 ], [ 5.86577, 52.01031 ], [ 5.86578, 52.01033 ], [ 5.8657, 52.01043 ], [ 5.86565, 52.01055 ], [ 5.86565, 52.01066 ], [ 5.86554, 52.0109 ], [ 5.86551, 52.01099 ], [ 5.8655, 52.01105 ], [ 5.86553, 52.01115 ], [ 5.86551, 52.01122 ], [ 5.86548, 52.01132 ], [ 5.86539, 52.01142 ], [ 5.86532, 52.01147 ], [ 5.86518, 52.01151 ], [ 5.86494, 52.0115 ], [ 5.8648, 52.01152 ], [ 5.86389, 52.01131 ], [ 5.86369, 52.01128 ], [ 5.86348, 52.01139 ], [ 5.86336, 52.01149 ], [ 5.86313, 52.01172 ], [ 5.86305, 52.01188 ], [ 5.86297, 52.01232 ], [ 5.86299, 52.01253 ], [ 5.86303, 52.0126 ], [ 5.86316, 52.01269 ], [ 5.86339, 52.01276 ], [ 5.86351, 52.01284 ], [ 5.86354, 52.01293 ], [ 5.8635, 52.01306 ], [ 5.86321, 52.01327 ], [ 5.863, 52.01338 ], [ 5.86252, 52.01356 ], [ 5.86227, 52.01373 ], [ 5.86219, 52.01385 ], [ 5.86214, 52.01414 ], [ 5.8622, 52.01436 ], [ 5.86227, 52.0145 ], [ 5.86236, 52.01463 ], [ 5.86264, 52.01483 ], [ 5.86276, 52.01501 ], [ 5.86292, 52.01518 ], [ 5.8633, 52.01541 ], [ 5.86337, 52.01553 ], [ 5.86349, 52.01592 ], [ 5.86361, 52.01668 ], [ 5.86643, 52.01736 ], [ 5.86689, 52.01714 ], [ 5.86705, 52.01709 ], [ 5.8673, 52.01709 ], [ 5.86758, 52.01722 ], [ 5.86798, 52.01735 ], [ 5.86838, 52.01745 ], [ 5.86893, 52.01763 ], [ 5.86907, 52.01766 ], [ 5.86768, 52.01964 ] ] } },
{ "type": "Feature", "properties": { "klompenpad_naam": "Uchtapad", "url": "https://klompenpaden.nl/klompenpaden/Uchtapad/95780fa7-4c1b-4bd9-8ee2-1e04123771c0", "date": null }, "geometry": { "type": "LineString", "coordinates": [ [ 5.56428, 51.90458 ], [ 5.56513, 51.90435 ], [ 5.56539, 51.90432 ], [ 5.56556, 51.90433 ], [ 5.56602, 51.90439 ], [ 5.56673, 51.90451 ], [ 5.56791, 51.90485 ], [ 5.56943, 51.90536 ], [ 5.57036, 51.9057 ], [ 5.57109, 51.90601 ], [ 5.5718, 51.90637 ], [ 5.5725, 51.90675 ], [ 5.57283, 51.90675 ], [ 5.57423, 51.90634 ], [ 5.57453, 51.90631 ], [ 5.57495, 51.90634 ], [ 5.57669, 51.90678 ], [ 5.57685, 51.90681 ], [ 5.57721, 51.90678 ], [ 5.57761, 51.90664 ], [ 5.57797, 51.90654 ], [ 5.57849, 51.90655 ], [ 5.57894, 51.90661 ], [ 5.57937, 51.90661 ], [ 5.58034, 51.90651 ], [ 5.58082, 51.90649 ], [ 5.5817, 51.90629 ], [ 5.58254, 51.90608 ], [ 5.58529, 51.90512 ], [ 5.58902, 51.90412 ], [ 5.58916, 51.90401 ], [ 5.58926, 51.9038 ], [ 5.58935, 51.90371 ], [ 5.58989, 51.90351 ], [ 5.59048, 51.90333 ], [ 5.59176, 51.90305 ], [ 5.59235, 51.90294 ], [ 5.59265, 51.9028 ], [ 5.59308, 51.90278 ], [ 5.59494, 51.90235 ], [ 5.59556, 51.90221 ], [ 5.59597, 51.90215 ], [ 5.59864, 51.90211 ], [ 5.599, 51.90288 ], [ 5.59903, 51.90305 ], [ 5.59655, 51.90456 ], [ 5.59553, 51.90496 ], [ 5.59449, 51.90533 ], [ 5.59506, 51.90631 ], [ 5.59615, 51.90583 ], [ 5.59748, 51.90745 ], [ 5.59743, 51.90753 ], [ 5.59761, 51.90762 ], [ 5.59802, 51.90777 ], [ 5.59833, 51.90792 ], [ 5.59866, 51.90811 ], [ 5.59912, 51.90844 ], [ 5.59925, 51.90852 ], [ 5.59938, 51.90855 ], [ 5.59984, 51.90857 ], [ 5.5999, 51.90861 ], [ 5.60005, 51.90851 ], [ 5.60066, 51.90835 ], [ 5.60111, 51.90805 ], [ 5.60124, 51.908 ], [ 5.60153, 51.90797 ], [ 5.60197, 51.90781 ], [ 5.60264, 51.90765 ], [ 5.60305, 51.90762 ], [ 5.60325, 51.90775 ], [ 5.60354, 51.90799 ], [ 5.60386, 51.90852 ], [ 5.6043, 51.90883 ], [ 5.60437, 51.90914 ], [ 5.60421, 51.90936 ], [ 5.60441, 51.90956 ], [ 5.60465, 51.90994 ], [ 5.605, 51.91018 ], [ 5.60363, 51.91035 ], [ 5.59645, 51.91085 ], [ 5.59559, 51.91109 ], [ 5.59324, 51.91124 ], [ 5.59315, 51.91129 ], [ 5.59259, 51.91141 ], [ 5.59264, 51.91179 ], [ 5.59355, 51.91224 ], [ 5.59359, 51.91243 ], [ 5.59329, 51.91269 ], [ 5.5926, 51.91311 ], [ 5.59512, 51.91357 ], [ 5.59567, 51.91359 ], [ 5.59627, 51.9135 ], [ 5.59655, 51.91302 ], [ 5.59709, 51.91278 ], [ 5.59769, 51.9127 ], [ 5.59809, 51.91278 ], [ 5.59954, 51.9127 ], [ 5.59994, 51.91273 ], [ 5.6005, 51.91292 ], [ 5.60083, 51.91296 ], [ 5.602, 51.91287 ], [ 5.60246, 51.91273 ], [ 5.60284, 51.91265 ], [ 5.60313, 51.91279 ], [ 5.6032, 51.91641 ], [ 5.60172, 51.91641 ], [ 5.60179, 51.91917 ], [ 5.60207, 51.91925 ], [ 5.60206, 51.91942 ], [ 5.60202, 51.91967 ], [ 5.60185, 51.91994 ], [ 5.6016, 51.9202 ], [ 5.60148, 51.92013 ], [ 5.60133, 51.92012 ], [ 5.60085, 51.92038 ], [ 5.59928, 51.92096 ], [ 5.59909, 51.92107 ], [ 5.59891, 51.92097 ], [ 5.59935, 51.91951 ], [ 5.59889, 51.91959 ], [ 5.59816, 51.91968 ], [ 5.59706, 51.91967 ], [ 5.59584, 51.91956 ], [ 5.59453, 51.91955 ], [ 5.59378, 51.91948 ], [ 5.59229, 51.91923 ], [ 5.59054, 51.91886 ], [ 5.5893, 51.91852 ], [ 5.58863, 51.91839 ], [ 5.58761, 51.91827 ], [ 5.58555, 51.91796 ], [ 5.58423, 51.9178 ], [ 5.58269, 51.91765 ], [ 5.58137, 51.91743 ], [ 5.58081, 51.9174 ], [ 5.57899, 51.91746 ], [ 5.57724, 51.91728 ], [ 5.57674, 51.91725 ], [ 5.57667, 51.91735 ], [ 5.57658, 51.91852 ], [ 5.57666, 51.91859 ], [ 5.57687, 51.9187 ], [ 5.57692, 51.91876 ], [ 5.57685, 51.91883 ], [ 5.57647, 51.91864 ], [ 5.57592, 51.9184 ], [ 5.57533, 51.91828 ], [ 5.57411, 51.91819 ], [ 5.57336, 51.91811 ], [ 5.57254, 51.9179 ], [ 5.57223, 51.91789 ], [ 5.57166, 51.918 ], [ 5.57039, 51.91809 ], [ 5.56943, 51.91803 ], [ 5.56913, 51.91805 ], [ 5.56897, 51.91799 ], [ 5.56869, 51.91746 ], [ 5.56855, 51.91714 ], [ 5.56845, 51.9168 ], [ 5.56831, 51.9161 ], [ 5.56816, 51.91601 ], [ 5.56806, 51.91586 ], [ 5.56815, 51.91571 ], [ 5.56803, 51.91554 ], [ 5.56807, 51.9154 ], [ 5.56799, 51.91529 ], [ 5.56775, 51.91519 ], [ 5.56761, 51.91511 ], [ 5.56757, 51.915 ], [ 5.56762, 51.91482 ], [ 5.56778, 51.91477 ], [ 5.56802, 51.91476 ], [ 5.56785, 51.91451 ], [ 5.56807, 51.91434 ], [ 5.56809, 51.91411 ], [ 5.56808, 51.91345 ], [ 5.56785, 51.91011 ], [ 5.56784, 51.91002 ], [ 5.5678, 51.90987 ], [ 5.56765, 51.90964 ], [ 5.56755, 51.90962 ], [ 5.56749, 51.90953 ], [ 5.56752, 51.90943 ], [ 5.56745, 51.90934 ], [ 5.56673, 51.90883 ], [ 5.56628, 51.90854 ], [ 5.56598, 51.90819 ], [ 5.5659, 51.90813 ], [ 5.56587, 51.90671 ], [ 5.56611, 51.90671 ], [ 5.5661, 51.9064 ], [ 5.56611, 51.90618 ], [ 5.56628, 51.90531 ], [ 5.5663, 51.90523 ], [ 5.56635, 51.90522 ], [ 5.56631, 51.90467 ], [ 5.56615, 51.90465 ], [ 5.5661, 51.90458 ], [ 5.56582, 51.90452 ], [ 5.56541, 51.90451 ], [ 5.56509, 51.90457 ], [ 5.56498, 51.9045 ], [ 5.56432, 51.90458 ] ] } },
{ "type": "Feature", "properties": { "klompenpad_naam": "Laorns-Enkenpad", "url": "https://klompenpaden.nl/klompenpaden/Laorns-Enkenpad/4186135a-fd16-40d6-bfcb-19d485349cc5", "date": null }, "geometry": { "type": "LineString", "coordinates": [ [ 6.36471, 52.19378 ], [ 6.36413, 52.19389 ], [ 6.36116, 52.195 ], [ 6.35986, 52.19532 ], [ 6.35906, 52.19575 ], [ 6.35887, 52.19572 ], [ 6.35858, 52.19547 ], [ 6.35824, 52.19533 ], [ 6.35695, 52.19489 ], [ 6.35678, 52.1948 ], [ 6.35665, 52.19465 ], [ 6.3567, 52.1944 ], [ 6.35686, 52.19321 ], [ 6.3568, 52.19311 ], [ 6.35657, 52.19305 ], [ 6.35496, 52.19277 ], [ 6.35162, 52.19239 ], [ 6.35014, 52.19226 ], [ 6.34964, 52.1923 ], [ 6.3482, 52.19254 ], [ 6.34784, 52.19257 ], [ 6.34767, 52.1922 ], [ 6.34775, 52.19093 ], [ 6.3477, 52.19034 ], [ 6.34849, 52.18938 ], [ 6.34705, 52.18903 ], [ 6.34681, 52.18873 ], [ 6.34449, 52.18898 ], [ 6.34449, 52.18913 ], [ 6.3404, 52.18957 ], [ 6.3401, 52.18946 ], [ 6.3392, 52.18831 ], [ 6.33701, 52.18817 ], [ 6.33671, 52.1881 ], [ 6.33614, 52.18813 ], [ 6.33517, 52.188 ], [ 6.33475, 52.18812 ], [ 6.33264, 52.18892 ], [ 6.33056, 52.18886 ], [ 6.32938, 52.18878 ], [ 6.32871, 52.18872 ], [ 6.32583, 52.18868 ], [ 6.3219, 52.1885 ], [ 6.32174, 52.18756 ], [ 6.32168, 52.1866 ], [ 6.32169, 52.18461 ], [ 6.32094, 52.18384 ], [ 6.32027, 52.18325 ], [ 6.32022, 52.18305 ], [ 6.32212, 52.18306 ], [ 6.32296, 52.1828 ], [ 6.32333, 52.18265 ], [ 6.32394, 52.18268 ], [ 6.3247, 52.18285 ], [ 6.32593, 52.18282 ], [ 6.32614, 52.18223 ], [ 6.32618, 52.18181 ], [ 6.32618, 52.18147 ], [ 6.3263, 52.18147 ], [ 6.32626, 52.1809 ], [ 6.32629, 52.18052 ], [ 6.32624, 52.18018 ], [ 6.32629, 52.18004 ], [ 6.32641, 52.17997 ], [ 6.32642, 52.1799 ], [ 6.32613, 52.17986 ], [ 6.32614, 52.17975 ], [ 6.32621, 52.17975 ], [ 6.32621, 52.17965 ], [ 6.32602, 52.17897 ], [ 6.326, 52.17874 ], [ 6.32612, 52.17873 ], [ 6.3261, 52.17788 ], [ 6.32612, 52.17749 ], [ 6.32608, 52.17734 ], [ 6.32733, 52.17715 ], [ 6.32736, 52.17706 ], [ 6.33259, 52.17638 ], [ 6.33265, 52.17583 ], [ 6.33273, 52.1754 ], [ 6.33283, 52.17521 ], [ 6.33315, 52.175 ], [ 6.33358, 52.17476 ], [ 6.33466, 52.17443 ], [ 6.33454, 52.17425 ], [ 6.33457, 52.17423 ], [ 6.33464, 52.17423 ], [ 6.33496, 52.17408 ], [ 6.33526, 52.17391 ], [ 6.33808, 52.17253 ], [ 6.33802, 52.17245 ], [ 6.33809, 52.17245 ], [ 6.33816, 52.17256 ], [ 6.33954, 52.17226 ], [ 6.33951, 52.17187 ], [ 6.34107, 52.17186 ], [ 6.34278, 52.17154 ], [ 6.34366, 52.17172 ], [ 6.34518, 52.17174 ], [ 6.34597, 52.17186 ], [ 6.34667, 52.17193 ], [ 6.34695, 52.1718 ], [ 6.34734, 52.17144 ], [ 6.34736, 52.16998 ], [ 6.34866, 52.16995 ], [ 6.35002, 52.16997 ], [ 6.3503, 52.16993 ], [ 6.35117, 52.1699 ], [ 6.35134, 52.16996 ], [ 6.35525, 52.16989 ], [ 6.3553, 52.17014 ], [ 6.35553, 52.1704 ], [ 6.3592, 52.17038 ], [ 6.36023, 52.17049 ], [ 6.36116, 52.17096 ], [ 6.36198, 52.17109 ], [ 6.36348, 52.17106 ], [ 6.36392, 52.17113 ], [ 6.36354, 52.17174 ], [ 6.36353, 52.17228 ], [ 6.36343, 52.17262 ], [ 6.36343, 52.17281 ], [ 6.36376, 52.17359 ], [ 6.36549, 52.17349 ], [ 6.36794, 52.17326 ], [ 6.36999, 52.17276 ], [ 6.37019, 52.17267 ], [ 6.37001, 52.17218 ], [ 6.36995, 52.17195 ], [ 6.37192, 52.17212 ], [ 6.3722, 52.17219 ], [ 6.37228, 52.17232 ], [ 6.3723, 52.17237 ], [ 6.37234, 52.17243 ], [ 6.37257, 52.17235 ], [ 6.37512, 52.17176 ], [ 6.37625, 52.17147 ], [ 6.37621, 52.1714 ], [ 6.37654, 52.17132 ], [ 6.37661, 52.17135 ], [ 6.37644, 52.1728 ], [ 6.37639, 52.173 ], [ 6.37638, 52.17319 ], [ 6.37735, 52.17337 ], [ 6.37851, 52.17363 ], [ 6.37844, 52.17399 ], [ 6.37829, 52.17438 ], [ 6.37812, 52.17468 ], [ 6.3789, 52.17489 ], [ 6.3788, 52.17511 ], [ 6.37859, 52.17532 ], [ 6.37751, 52.17519 ], [ 6.37694, 52.17508 ], [ 6.37697, 52.17471 ], [ 6.37626, 52.17467 ], [ 6.37636, 52.17686 ], [ 6.37489, 52.17695 ], [ 6.37, 52.17699 ], [ 6.36958, 52.17697 ], [ 6.36917, 52.1769 ], [ 6.36873, 52.17691 ], [ 6.36814, 52.17761 ], [ 6.36493, 52.17748 ], [ 6.36398, 52.17747 ], [ 6.36095, 52.17895 ], [ 6.36093, 52.17911 ], [ 6.36105, 52.18048 ], [ 6.36103, 52.1806 ], [ 6.36105, 52.18068 ], [ 6.36105, 52.1808 ], [ 6.36103, 52.18101 ], [ 6.36089, 52.18166 ], [ 6.36093, 52.18168 ], [ 6.36089, 52.18177 ], [ 6.36132, 52.18174 ], [ 6.36503, 52.18167 ], [ 6.3646, 52.1846 ], [ 6.36456, 52.18478 ], [ 6.36452, 52.1849 ], [ 6.36431, 52.185 ], [ 6.36579, 52.18514 ], [ 6.36596, 52.18518 ], [ 6.3659, 52.18543 ], [ 6.36569, 52.18572 ], [ 6.36575, 52.18613 ], [ 6.36694, 52.18831 ], [ 6.36772, 52.19081 ], [ 6.36615, 52.19227 ], [ 6.36471, 52.19378 ] ] } },
{ "type": "Feature", "properties": { "klompenpad_naam": "Pelserpad", "url": "https://klompenpaden.nl/klompenpaden/Pelserpad/08a70009-8849-418b-b967-bf2a78164479", "date": null }, "geometry": { "type": "LineString", "coordinates": [ [ 5.5768, 52.28213 ], [ 5.57846, 52.28284 ], [ 5.57993, 52.28345 ], [ 5.58202, 52.28365 ], [ 5.58296, 52.28379 ], [ 5.58286, 52.28503 ], [ 5.58275, 52.28585 ], [ 5.58113, 52.28729 ], [ 5.582, 52.2877 ], [ 5.58285, 52.28794 ], [ 5.58391, 52.28794 ], [ 5.58599, 52.28782 ], [ 5.58795, 52.2876 ], [ 5.58986, 52.28726 ], [ 5.59208, 52.28693 ], [ 5.5931, 52.28675 ], [ 5.5935, 52.28763 ], [ 5.59384, 52.28863 ], [ 5.59377, 52.28943 ], [ 5.59398, 52.29019 ], [ 5.59231, 52.2904 ], [ 5.59174, 52.29063 ], [ 5.59162, 52.29073 ], [ 5.59234, 52.29256 ], [ 5.59135, 52.29277 ], [ 5.59105, 52.29281 ], [ 5.59049, 52.29283 ], [ 5.59052, 52.29295 ], [ 5.59046, 52.29304 ], [ 5.59038, 52.29312 ], [ 5.59043, 52.29331 ], [ 5.59046, 52.2935 ], [ 5.59053, 52.29358 ], [ 5.59058, 52.29372 ], [ 5.59084, 52.29369 ], [ 5.59514, 52.29335 ], [ 5.59731, 52.29345 ], [ 5.59754, 52.2943 ], [ 5.59746, 52.29486 ], [ 5.59622, 52.29507 ], [ 5.59555, 52.29526 ], [ 5.5942, 52.2957 ], [ 5.59367, 52.29593 ], [ 5.59311, 52.29624 ], [ 5.59292, 52.29648 ], [ 5.59263, 52.29674 ], [ 5.59217, 52.2968 ], [ 5.59235, 52.29795 ], [ 5.59327, 52.29786 ], [ 5.59351, 52.29842 ], [ 5.59373, 52.29941 ], [ 5.59388, 52.29994 ], [ 5.59398, 52.30023 ], [ 5.59575, 52.30018 ], [ 5.59578, 52.30051 ], [ 5.5952, 52.30091 ], [ 5.59593, 52.30313 ], [ 5.59623, 52.30311 ], [ 5.59627, 52.30328 ], [ 5.59642, 52.30371 ], [ 5.59719, 52.30502 ], [ 5.59725, 52.30537 ], [ 5.59735, 52.30558 ], [ 5.59772, 52.30658 ], [ 5.59831, 52.30792 ], [ 5.59861, 52.30803 ], [ 5.59814, 52.3116 ], [ 5.5983, 52.31176 ], [ 5.59821, 52.31292 ], [ 5.59797, 52.31303 ], [ 5.59784, 52.31331 ], [ 5.59806, 52.31344 ], [ 5.59826, 52.3134 ], [ 5.59855, 52.31346 ], [ 5.59889, 52.31364 ], [ 5.59877, 52.31382 ], [ 5.5983, 52.31381 ], [ 5.59781, 52.31406 ], [ 5.59646, 52.31445 ], [ 5.59622, 52.31424 ], [ 5.59597, 52.31385 ], [ 5.59589, 52.31361 ], [ 5.59564, 52.31329 ], [ 5.59503, 52.31284 ], [ 5.59493, 52.31254 ], [ 5.59425, 52.31166 ], [ 5.59292, 52.31042 ], [ 5.59153, 52.31119 ], [ 5.58928, 52.3124 ], [ 5.58849, 52.31284 ], [ 5.58658, 52.31383 ], [ 5.58589, 52.31534 ], [ 5.58555, 52.31533 ], [ 5.58285, 52.31472 ], [ 5.58065, 52.31427 ], [ 5.57971, 52.31413 ], [ 5.57929, 52.31414 ], [ 5.57823, 52.31406 ], [ 5.57723, 52.31392 ], [ 5.57663, 52.31381 ], [ 5.57576, 52.31347 ], [ 5.57441, 52.31306 ], [ 5.57259, 52.31252 ], [ 5.57136, 52.31219 ], [ 5.57137, 52.31158 ], [ 5.57128, 52.31141 ], [ 5.57314, 52.30744 ], [ 5.57245, 52.30735 ], [ 5.57311, 52.30597 ], [ 5.57405, 52.30414 ], [ 5.57534, 52.304 ], [ 5.5757, 52.30288 ], [ 5.5758, 52.30262 ], [ 5.57583, 52.30201 ], [ 5.57672, 52.30194 ], [ 5.5768, 52.30184 ], [ 5.57726, 52.30184 ], [ 5.57747, 52.30141 ], [ 5.57763, 52.30127 ], [ 5.57779, 52.30125 ], [ 5.57785, 52.30117 ], [ 5.57797, 52.30114 ], [ 5.57806, 52.30063 ], [ 5.5782, 52.30064 ], [ 5.57826, 52.30036 ], [ 5.57933, 52.29986 ], [ 5.58085, 52.29986 ], [ 5.5811, 52.29924 ], [ 5.58071, 52.29918 ], [ 5.58044, 52.29909 ], [ 5.58016, 52.29892 ], [ 5.57992, 52.29872 ], [ 5.57934, 52.2981 ], [ 5.57858, 52.29758 ], [ 5.57989, 52.29727 ], [ 5.57983, 52.29672 ], [ 5.58075, 52.29668 ], [ 5.58069, 52.29655 ], [ 5.58193, 52.29652 ], [ 5.58196, 52.29643 ], [ 5.58211, 52.29644 ], [ 5.58211, 52.29638 ], [ 5.58233, 52.29591 ], [ 5.58157, 52.29597 ], [ 5.58104, 52.29603 ], [ 5.58063, 52.29606 ], [ 5.58062, 52.29603 ], [ 5.58056, 52.29603 ], [ 5.58044, 52.29583 ], [ 5.57998, 52.295 ], [ 5.58037, 52.29479 ], [ 5.58094, 52.29456 ], [ 5.58179, 52.29438 ], [ 5.58283, 52.29421 ], [ 5.58319, 52.29417 ], [ 5.58248, 52.293 ], [ 5.58241, 52.29283 ], [ 5.5822, 52.2924 ], [ 5.5816, 52.29229 ], [ 5.57898, 52.2929 ], [ 5.57886, 52.29281 ], [ 5.57862, 52.29097 ], [ 5.57851, 52.28994 ], [ 5.57846, 52.28985 ], [ 5.57833, 52.28977 ], [ 5.57612, 52.2894 ], [ 5.57592, 52.28933 ], [ 5.57586, 52.28923 ], [ 5.57598, 52.28911 ], [ 5.57675, 52.28865 ], [ 5.5769, 52.28843 ], [ 5.5775, 52.28765 ], [ 5.57789, 52.28704 ], [ 5.57797, 52.28685 ], [ 5.57822, 52.28559 ], [ 5.57827, 52.28505 ], [ 5.57687, 52.28514 ], [ 5.57656, 52.28514 ], [ 5.57577, 52.28521 ], [ 5.57553, 52.28529 ], [ 5.57543, 52.2838 ], [ 5.57515, 52.28378 ], [ 5.57508, 52.28258 ], [ 5.57681, 52.28212 ] ] } },
{ "type": "Feature", "properties": { "klompenpad_naam": "Zoddenpad", "url": "https://klompenpaden.nl/klompenpaden/Zoddenpad/39e41109-fee2-40df-91e7-82478719d8ab", "date": null }, "geometry": { "type": "LineString", "coordinates": [ [ 5.09276, 52.15845 ], [ 5.09323, 52.15815 ], [ 5.09705, 52.16032 ], [ 5.09702, 52.16048 ], [ 5.09739, 52.16068 ], [ 5.09788, 52.16033 ], [ 5.10051, 52.16186 ], [ 5.10011, 52.16213 ], [ 5.10395, 52.16426 ], [ 5.10339, 52.16464 ], [ 5.10717, 52.16653 ], [ 5.10704, 52.16683 ], [ 5.10701, 52.16705 ], [ 5.10598, 52.16796 ], [ 5.10472, 52.16749 ], [ 5.10404, 52.16823 ], [ 5.10391, 52.16842 ], [ 5.10372, 52.16863 ], [ 5.10364, 52.16884 ], [ 5.10301, 52.16869 ], [ 5.10268, 52.16868 ], [ 5.10252, 52.16888 ], [ 5.10191, 52.16888 ], [ 5.1018, 52.16922 ], [ 5.10161, 52.16968 ], [ 5.10146, 52.16979 ], [ 5.09688, 52.16875 ], [ 5.09603, 52.16858 ], [ 5.09325, 52.16793 ], [ 5.09286, 52.1685 ], [ 5.09252, 52.16906 ], [ 5.09235, 52.16968 ], [ 5.0923, 52.16989 ], [ 5.09224, 52.17046 ], [ 5.09225, 52.17094 ], [ 5.09246, 52.17163 ], [ 5.09248, 52.17175 ], [ 5.09241, 52.17207 ], [ 5.09236, 52.17219 ], [ 5.09435, 52.17261 ], [ 5.09453, 52.17265 ], [ 5.09462, 52.17273 ], [ 5.09461, 52.1728 ], [ 5.09423, 52.17336 ], [ 5.09387, 52.17393 ], [ 5.0937, 52.17429 ], [ 5.09313, 52.17566 ], [ 5.09835, 52.17661 ], [ 5.1058, 52.178 ], [ 5.1147, 52.17964 ], [ 5.11671, 52.17991 ], [ 5.11755, 52.18004 ], [ 5.12059, 52.18063 ], [ 5.12109, 52.18072 ], [ 5.12136, 52.18073 ], [ 5.12165, 52.18073 ], [ 5.12349, 52.18063 ], [ 5.12358, 52.18059 ], [ 5.12379, 52.18057 ], [ 5.12546, 52.18049 ], [ 5.12777, 52.1804 ], [ 5.12922, 52.18036 ], [ 5.1352, 52.1801 ], [ 5.13825, 52.17999 ], [ 5.14115, 52.17986 ], [ 5.14055, 52.17936 ], [ 5.13713, 52.17674 ], [ 5.13694, 52.17666 ], [ 5.13318, 52.17382 ], [ 5.13301, 52.17371 ], [ 5.13283, 52.17365 ], [ 5.12915, 52.17091 ], [ 5.12801, 52.17011 ], [ 5.12783, 52.16996 ], [ 5.12781, 52.16986 ], [ 5.12789, 52.16981 ], [ 5.12829, 52.16962 ], [ 5.12831, 52.16951 ], [ 5.12649, 52.16817 ], [ 5.12643, 52.16808 ], [ 5.12648, 52.16801 ], [ 5.1267, 52.16791 ], [ 5.12679, 52.16784 ], [ 5.12677, 52.16774 ], [ 5.12652, 52.16757 ], [ 5.12251, 52.16455 ], [ 5.11974, 52.16251 ], [ 5.11945, 52.16231 ], [ 5.1195, 52.16222 ], [ 5.11981, 52.16204 ], [ 5.11999, 52.16194 ], [ 5.1207, 52.16161 ], [ 5.12075, 52.16156 ], [ 5.12076, 52.16149 ], [ 5.12074, 52.16143 ], [ 5.12038, 52.16121 ], [ 5.12036, 52.16116 ], [ 5.12038, 52.1611 ], [ 5.12046, 52.16105 ], [ 5.12026, 52.16091 ], [ 5.12025, 52.16072 ], [ 5.12021, 52.16064 ], [ 5.12014, 52.16061 ], [ 5.11986, 52.16059 ], [ 5.11977, 52.16055 ], [ 5.11975, 52.16049 ], [ 5.11976, 52.16038 ], [ 5.11985, 52.16029 ], [ 5.11977, 52.16016 ], [ 5.11969, 52.16012 ], [ 5.11954, 52.16009 ], [ 5.11917, 52.16008 ], [ 5.11909, 52.16003 ], [ 5.11907, 52.15995 ], [ 5.11909, 52.1599 ], [ 5.11913, 52.15984 ], [ 5.11914, 52.15979 ], [ 5.11877, 52.15943 ], [ 5.11859, 52.15937 ], [ 5.11833, 52.1593 ], [ 5.1182, 52.15924 ], [ 5.118, 52.15922 ], [ 5.11782, 52.15906 ], [ 5.11778, 52.15886 ], [ 5.11781, 52.15874 ], [ 5.1178, 52.15866 ], [ 5.11758, 52.15865 ], [ 5.11748, 52.15862 ], [ 5.1174, 52.15853 ], [ 5.11736, 52.15845 ], [ 5.11745, 52.1583 ], [ 5.11752, 52.15827 ], [ 5.11748, 52.15811 ], [ 5.11755, 52.15786 ], [ 5.11759, 52.15771 ], [ 5.11763, 52.15767 ], [ 5.11771, 52.15764 ], [ 5.11611, 52.15649 ], [ 5.11529, 52.15585 ], [ 5.11528, 52.15567 ], [ 5.11486, 52.15533 ], [ 5.11303, 52.15598 ], [ 5.11109, 52.15654 ], [ 5.11026, 52.15682 ], [ 5.10875, 52.15735 ], [ 5.10575, 52.15844 ], [ 5.10251, 52.15966 ], [ 5.10238, 52.15968 ], [ 5.10224, 52.15967 ], [ 5.10212, 52.15964 ], [ 5.10196, 52.15956 ], [ 5.10164, 52.15933 ], [ 5.10185, 52.15916 ], [ 5.10186, 52.1591 ], [ 5.10183, 52.15905 ], [ 5.09789, 52.15625 ], [ 5.09785, 52.15625 ], [ 5.09766, 52.15634 ], [ 5.09755, 52.15633 ], [ 5.09723, 52.1561 ], [ 5.09722, 52.15606 ], [ 5.09732, 52.15594 ], [ 5.09735, 52.15588 ], [ 5.09731, 52.15582 ], [ 5.09596, 52.15488 ], [ 5.0958, 52.15479 ], [ 5.0957, 52.15475 ], [ 5.09547, 52.15474 ], [ 5.09531, 52.15476 ], [ 5.0952, 52.15481 ], [ 5.09542, 52.15496 ], [ 5.09393, 52.15572 ], [ 5.09282, 52.15627 ], [ 5.09237, 52.15654 ], [ 5.09388, 52.15746 ], [ 5.0931, 52.15803 ], [ 5.09314, 52.15821 ], [ 5.09276, 52.15845 ], [ 5.09253, 52.15833 ] ] } },
{ "type": "Feature", "properties": { "klompenpad_naam": "Zandslagenpad", "url": "https://klompenpaden.nl/klompenpaden/Zandslagenpad/044e49e7-09fd-4321-81fb-57c95ed4a3f4", "date": null }, "geometry": { "type": "LineString", "coordinates": [ [ 5.34644, 51.80113 ], [ 5.34686, 51.80111 ], [ 5.34687, 51.80119 ], [ 5.34683, 51.80126 ], [ 5.34661, 51.80144 ], [ 5.34632, 51.80159 ], [ 5.34574, 51.80182 ], [ 5.34521, 51.802 ], [ 5.34434, 51.80223 ], [ 5.34374, 51.80233 ], [ 5.34299, 51.80252 ], [ 5.34285, 51.80219 ], [ 5.34275, 51.80209 ], [ 5.34189, 51.80215 ], [ 5.34156, 51.80218 ], [ 5.34126, 51.80218 ], [ 5.34069, 51.80225 ], [ 5.34038, 51.80234 ], [ 5.34029, 51.80235 ], [ 5.34044, 51.80251 ], [ 5.34055, 51.80259 ], [ 5.34073, 51.80281 ], [ 5.34031, 51.80296 ], [ 5.3394, 51.80343 ], [ 5.33811, 51.80385 ], [ 5.33703, 51.80409 ], [ 5.33642, 51.80429 ], [ 5.33571, 51.80468 ], [ 5.33462, 51.8052 ], [ 5.33407, 51.80554 ], [ 5.3336, 51.80607 ], [ 5.33241, 51.80759 ], [ 5.33192, 51.808 ], [ 5.33136, 51.80854 ], [ 5.33081, 51.80899 ], [ 5.3298, 51.80971 ], [ 5.32969, 51.80983 ], [ 5.32962, 51.80998 ], [ 5.32826, 51.81075 ], [ 5.3279, 51.81105 ], [ 5.32742, 51.81099 ], [ 5.32674, 51.81089 ], [ 5.3259, 51.81072 ], [ 5.32529, 51.81062 ], [ 5.32493, 51.81051 ], [ 5.32573, 51.80929 ], [ 5.32599, 51.80891 ], [ 5.32362, 51.80826 ], [ 5.32354, 51.80834 ], [ 5.32257, 51.80809 ], [ 5.32224, 51.80827 ], [ 5.32213, 51.80823 ], [ 5.32333, 51.8075 ], [ 5.32197, 51.8066 ], [ 5.32287, 51.80606 ], [ 5.32368, 51.80561 ], [ 5.32333, 51.80534 ], [ 5.32344, 51.80529 ], [ 5.32353, 51.8052 ], [ 5.32377, 51.80527 ], [ 5.32414, 51.80498 ], [ 5.32544, 51.80538 ], [ 5.32632, 51.80558 ], [ 5.32698, 51.80569 ], [ 5.32765, 51.80569 ], [ 5.32831, 51.80556 ], [ 5.3293, 51.80532 ], [ 5.33032, 51.80505 ], [ 5.33125, 51.80487 ], [ 5.33315, 51.80423 ], [ 5.33337, 51.80414 ], [ 5.33417, 51.80389 ], [ 5.33483, 51.80371 ], [ 5.33532, 51.8035 ], [ 5.33488, 51.80319 ], [ 5.33443, 51.80297 ], [ 5.3327, 51.8023 ], [ 5.33186, 51.80194 ], [ 5.32966, 51.80165 ], [ 5.32816, 51.80137 ], [ 5.32732, 51.8012 ], [ 5.32767, 51.80101 ], [ 5.32871, 51.8004 ], [ 5.32887, 51.80024 ], [ 5.32878, 51.79999 ], [ 5.32815, 51.79976 ], [ 5.3272, 51.79947 ], [ 5.32687, 51.79966 ], [ 5.32673, 51.79964 ], [ 5.32602, 51.79918 ], [ 5.326, 51.79906 ], [ 5.32606, 51.79899 ], [ 5.32565, 51.79883 ], [ 5.32376, 51.79824 ], [ 5.32315, 51.79793 ], [ 5.32246, 51.79749 ], [ 5.3199, 51.79573 ], [ 5.31918, 51.79518 ], [ 5.31827, 51.79436 ], [ 5.31722, 51.79327 ], [ 5.31683, 51.79277 ], [ 5.31801, 51.79217 ], [ 5.31937, 51.79154 ], [ 5.32019, 51.79121 ], [ 5.32062, 51.79131 ], [ 5.32103, 51.79138 ], [ 5.32136, 51.79132 ], [ 5.32143, 51.79168 ], [ 5.3218, 51.79236 ], [ 5.32228, 51.79308 ], [ 5.32245, 51.79306 ], [ 5.32274, 51.79333 ], [ 5.323, 51.79363 ], [ 5.32334, 51.7939 ], [ 5.32456, 51.79438 ], [ 5.32522, 51.7946 ], [ 5.32614, 51.79497 ], [ 5.32654, 51.79525 ], [ 5.32716, 51.7955 ], [ 5.32775, 51.79572 ], [ 5.32844, 51.79623 ], [ 5.32904, 51.79673 ], [ 5.32994, 51.79777 ], [ 5.33039, 51.79799 ], [ 5.33145, 51.79827 ], [ 5.33269, 51.79864 ], [ 5.33313, 51.79867 ], [ 5.33399, 51.79891 ], [ 5.33455, 51.79901 ], [ 5.33565, 51.79914 ], [ 5.33769, 51.79952 ], [ 5.33853, 51.79964 ], [ 5.33944, 51.79986 ], [ 5.34027, 51.79991 ], [ 5.34219, 51.79982 ], [ 5.34308, 51.79984 ], [ 5.34415, 51.79969 ], [ 5.34498, 51.79951 ], [ 5.34522, 51.79942 ], [ 5.34641, 51.79936 ], [ 5.34659, 51.79956 ], [ 5.34656, 51.8002 ], [ 5.34653, 51.80045 ], [ 5.34671, 51.80043 ], [ 5.34717, 51.80033 ], [ 5.34685, 51.80085 ], [ 5.34686, 51.80112 ], [ 5.34643, 51.80112 ] ] } },
{ "type": "Feature", "properties": { "klompenpad_naam": "Woldermarkerpad", "url": "https://klompenpaden.nl/klompenpaden/Woldermarkerpad/df967ad3-4c71-411a-bdba-8f58c0cdb42d", "date": null }, "geometry": { "type": "LineString", "coordinates": [ [ 6.09868, 52.2835 ], [ 6.09873, 52.28384 ], [ 6.09876, 52.28346 ], [ 6.0989, 52.28331 ], [ 6.09913, 52.28325 ], [ 6.09929, 52.28317 ], [ 6.09954, 52.28268 ], [ 6.09967, 52.28236 ], [ 6.09981, 52.28208 ], [ 6.09994, 52.28193 ], [ 6.09987, 52.28177 ], [ 6.10024, 52.2816 ], [ 6.10037, 52.2815 ], [ 6.10148, 52.28051 ], [ 6.10192, 52.28008 ], [ 6.10256, 52.27951 ], [ 6.10301, 52.27916 ], [ 6.1036, 52.27873 ], [ 6.10346, 52.27853 ], [ 6.1034, 52.27839 ], [ 6.10343, 52.27824 ], [ 6.10311, 52.2782 ], [ 6.10191, 52.27811 ], [ 6.1009, 52.278 ], [ 6.10078, 52.27801 ], [ 6.10069, 52.27818 ], [ 6.10063, 52.2787 ], [ 6.10056, 52.27901 ], [ 6.09926, 52.27911 ], [ 6.09863, 52.27737 ], [ 6.09767, 52.27745 ], [ 6.09685, 52.27743 ], [ 6.09636, 52.27738 ], [ 6.09521, 52.27719 ], [ 6.09438, 52.27703 ], [ 6.09351, 52.27665 ], [ 6.09293, 52.27635 ], [ 6.09229, 52.27621 ], [ 6.09057, 52.27593 ], [ 6.09055, 52.27587 ], [ 6.09042, 52.27584 ], [ 6.09081, 52.27513 ], [ 6.0913, 52.27432 ], [ 6.09144, 52.27401 ], [ 6.09153, 52.27375 ], [ 6.09209, 52.27291 ], [ 6.09205, 52.27282 ], [ 6.08716, 52.27215 ], [ 6.08356, 52.27163 ], [ 6.08308, 52.27158 ], [ 6.08307, 52.27224 ], [ 6.08273, 52.27299 ], [ 6.08243, 52.27371 ], [ 6.082, 52.27487 ], [ 6.08096, 52.27743 ], [ 6.08052, 52.27871 ], [ 6.0804, 52.27976 ], [ 6.08026, 52.27977 ], [ 6.08027, 52.28067 ], [ 6.08032, 52.28087 ], [ 6.08059, 52.28108 ], [ 6.08223, 52.282 ], [ 6.08233, 52.28194 ], [ 6.08364, 52.28254 ], [ 6.08375, 52.28276 ], [ 6.08402, 52.28268 ], [ 6.08431, 52.28262 ], [ 6.08569, 52.28276 ], [ 6.08604, 52.28273 ], [ 6.08626, 52.28264 ], [ 6.0864, 52.28251 ], [ 6.08714, 52.28124 ], [ 6.08882, 52.27855 ], [ 6.0899, 52.27664 ], [ 6.09042, 52.27584 ], [ 6.09055, 52.27587 ], [ 6.09056, 52.27593 ], [ 6.08965, 52.27749 ], [ 6.08948, 52.27782 ], [ 6.08956, 52.27792 ], [ 6.08973, 52.27801 ], [ 6.09175, 52.27868 ], [ 6.09212, 52.27879 ], [ 6.09275, 52.27889 ], [ 6.09294, 52.27894 ], [ 6.09308, 52.27905 ], [ 6.09344, 52.27949 ], [ 6.0938, 52.28007 ], [ 6.09405, 52.28039 ], [ 6.09482, 52.28088 ], [ 6.09494, 52.28101 ], [ 6.09496, 52.28116 ], [ 6.09483, 52.28156 ], [ 6.09495, 52.28233 ], [ 6.09502, 52.2824 ], [ 6.09585, 52.28261 ], [ 6.09595, 52.28257 ], [ 6.09636, 52.28274 ], [ 6.09717, 52.28297 ], [ 6.09852, 52.28332 ], [ 6.09861, 52.28338 ], [ 6.09868, 52.28349 ] ] } },
{ "type": "Feature", "properties": { "klompenpad_naam": "Wiseperpad", "url": "https://klompenpaden.nl/klompenpaden/Wiseperpad/a0eee43c-e5b0-447c-b068-2b9f7dc85229", "date": null }, "geometry": { "type": "LineString", "coordinates": [ [ 6.00256, 52.45386 ], [ 6.00302, 52.45355 ], [ 6.00312, 52.45345 ], [ 6.00423, 52.45399 ], [ 6.00449, 52.45421 ], [ 6.00571, 52.45337 ], [ 6.00627, 52.45348 ], [ 6.00634, 52.45341 ], [ 6.00705, 52.45357 ], [ 6.00755, 52.45312 ], [ 6.00836, 52.45321 ], [ 6.00974, 52.4532 ], [ 6.01012, 52.45308 ], [ 6.01071, 52.45306 ], [ 6.01135, 52.45315 ], [ 6.01593, 52.45436 ], [ 6.01646, 52.45454 ], [ 6.0163, 52.45523 ], [ 6.01644, 52.45542 ], [ 6.01782, 52.45561 ], [ 6.01969, 52.4559 ], [ 6.02163, 52.45587 ], [ 6.02282, 52.45661 ], [ 6.02436, 52.45772 ], [ 6.02525, 52.45831 ], [ 6.02602, 52.45784 ], [ 6.02675, 52.45822 ], [ 6.02602, 52.45879 ], [ 6.02087, 52.46247 ], [ 6.02013, 52.46303 ], [ 6.02132, 52.46326 ], [ 6.02015, 52.46644 ], [ 6.01896, 52.46637 ], [ 6.01858, 52.46737 ], [ 6.02109, 52.46819 ], [ 6.02208, 52.46884 ], [ 6.02354, 52.4691 ], [ 6.02352, 52.46957 ], [ 6.02306, 52.4695 ], [ 6.02292, 52.46951 ], [ 6.02279, 52.46958 ], [ 6.02269, 52.46971 ], [ 6.0226, 52.46976 ], [ 6.02239, 52.46994 ], [ 6.02235, 52.47004 ], [ 6.02226, 52.47017 ], [ 6.02211, 52.47027 ], [ 6.02185, 52.47039 ], [ 6.0217, 52.47052 ], [ 6.02168, 52.47067 ], [ 6.02143, 52.47078 ], [ 6.02131, 52.47095 ], [ 6.02151, 52.47135 ], [ 6.0216, 52.47165 ], [ 6.02521, 52.47375 ], [ 6.02776, 52.47436 ], [ 6.02972, 52.47461 ], [ 6.02974, 52.47496 ], [ 6.02854, 52.47522 ], [ 6.02746, 52.47576 ], [ 6.02545, 52.47652 ], [ 6.02437, 52.47648 ], [ 6.02199, 52.47627 ], [ 6.01972, 52.47587 ], [ 6.01923, 52.47543 ], [ 6.01812, 52.47471 ], [ 6.01447, 52.47318 ], [ 6.01422, 52.47298 ], [ 6.01366, 52.47199 ], [ 6.0134, 52.47179 ], [ 6.01307, 52.47168 ], [ 6.00969, 52.47394 ], [ 6.0081, 52.47528 ], [ 6.00691, 52.4746 ], [ 6.00684, 52.47468 ], [ 6.00672, 52.47473 ], [ 6.00644, 52.47481 ], [ 6.00572, 52.47528 ], [ 6.00399, 52.47647 ], [ 6.00302, 52.47719 ], [ 6.00379, 52.47772 ], [ 6.00398, 52.47789 ], [ 6.004, 52.47804 ], [ 6.00389, 52.47873 ], [ 6.00375, 52.47905 ], [ 6.00342, 52.47894 ], [ 6.00161, 52.47795 ], [ 6.00084, 52.47758 ], [ 6.00091, 52.47745 ], [ 6.00019, 52.47714 ], [ 5.99829, 52.47614 ], [ 5.99809, 52.47638 ], [ 5.99776, 52.47666 ], [ 5.99762, 52.47676 ], [ 5.99644, 52.47616 ], [ 5.99547, 52.47675 ], [ 5.99266, 52.47515 ], [ 5.99241, 52.47524 ], [ 5.9922, 52.47521 ], [ 5.99184, 52.47502 ], [ 5.99174, 52.47491 ], [ 5.9912, 52.47473 ], [ 5.99095, 52.47453 ], [ 5.99066, 52.47435 ], [ 5.99054, 52.47433 ], [ 5.99026, 52.47433 ], [ 5.99004, 52.4746 ], [ 5.98723, 52.47658 ], [ 5.98416, 52.47489 ], [ 5.98313, 52.4754 ], [ 5.9797, 52.47347 ], [ 5.97956, 52.4735 ], [ 5.97933, 52.47344 ], [ 5.97904, 52.47364 ], [ 5.97768, 52.47464 ], [ 5.97679, 52.47475 ], [ 5.97634, 52.4745 ], [ 5.97587, 52.47487 ], [ 5.97481, 52.47424 ], [ 5.97637, 52.47297 ], [ 5.97357, 52.47259 ], [ 5.97405, 52.47213 ], [ 5.97598, 52.47201 ], [ 5.97727, 52.47239 ], [ 5.97852, 52.47287 ], [ 5.98032, 52.47148 ], [ 5.97959, 52.4711 ], [ 5.97954, 52.47085 ], [ 5.97924, 52.47071 ], [ 5.98004, 52.47077 ], [ 5.9804, 52.47052 ], [ 5.9809, 52.47043 ], [ 5.98122, 52.47027 ], [ 5.98128, 52.4701 ], [ 5.98168, 52.46981 ], [ 5.98204, 52.46979 ], [ 5.98273, 52.46955 ], [ 5.98045, 52.46852 ], [ 5.97968, 52.46904 ], [ 5.97674, 52.46783 ], [ 5.97513, 52.46921 ], [ 5.97496, 52.46917 ], [ 5.97309, 52.46849 ], [ 5.97657, 52.46502 ], [ 5.98574, 52.46912 ], [ 5.98706, 52.46815 ], [ 5.98729, 52.468 ], [ 5.98752, 52.46791 ], [ 5.98771, 52.46777 ], [ 5.98794, 52.46748 ], [ 5.98828, 52.46723 ], [ 5.98861, 52.46715 ], [ 5.98876, 52.46704 ], [ 5.98889, 52.46681 ], [ 5.98934, 52.46644 ], [ 5.98957, 52.46646 ], [ 5.98975, 52.46633 ], [ 5.98974, 52.46617 ], [ 5.98988, 52.46602 ], [ 5.9898, 52.46595 ], [ 5.98508, 52.46425 ], [ 5.98679, 52.46096 ], [ 5.98699, 52.46063 ], [ 5.98652, 52.46058 ], [ 5.98643, 52.46047 ], [ 5.98671, 52.4592 ], [ 5.98688, 52.45847 ], [ 5.98673, 52.45842 ], [ 5.98708, 52.45788 ], [ 5.98741, 52.45709 ], [ 5.98742, 52.45664 ], [ 5.98711, 52.45604 ], [ 5.98838, 52.45557 ], [ 5.98933, 52.45434 ], [ 5.99051, 52.45286 ], [ 5.99079, 52.45287 ], [ 5.99091, 52.45292 ], [ 5.99128, 52.45314 ], [ 5.99164, 52.45351 ], [ 5.99167, 52.45384 ], [ 5.99191, 52.45397 ], [ 5.99195, 52.4541 ], [ 5.99214, 52.45427 ], [ 5.99256, 52.45482 ], [ 5.99302, 52.45555 ], [ 5.99324, 52.456 ], [ 5.99345, 52.45649 ], [ 5.99392, 52.45663 ], [ 5.99479, 52.45684 ], [ 5.99533, 52.45687 ], [ 5.99593, 52.45693 ], [ 5.99688, 52.45709 ], [ 5.99743, 52.45725 ], [ 5.99841, 52.45757 ], [ 5.99863, 52.45755 ], [ 5.99928, 52.45708 ], [ 5.99923, 52.45694 ], [ 5.99932, 52.45676 ], [ 5.99959, 52.45643 ], [ 5.99996, 52.45655 ], [ 6.00038, 52.4561 ], [ 6.00025, 52.45603 ], [ 6.00032, 52.45594 ], [ 6.00063, 52.45568 ], [ 6.00082, 52.45558 ], [ 6.00109, 52.45569 ], [ 6.00244, 52.45408 ], [ 6.00256, 52.45386 ] ] } },
{ "type": "Feature", "properties": { "klompenpad_naam": "Wageningse-Engpad-KIDS", "url": "https://klompenpaden.nl/klompenpaden/Wageningse-Engpad-KIDS/98b5f261-85bc-453d-a695-cc7231b4bfbc", "date": null }, "geometry": { "type": "LineString", "coordinates": [ [ 5.69214, 51.98286 ], [ 5.69211, 51.98255 ], [ 5.69246, 51.98226 ], [ 5.69267, 51.98219 ], [ 5.69285, 51.98201 ], [ 5.69305, 51.98197 ], [ 5.6933, 51.98202 ], [ 5.69363, 51.98195 ], [ 5.69384, 51.98206 ], [ 5.69401, 51.98187 ], [ 5.69431, 51.9816 ], [ 5.69495, 51.98138 ], [ 5.6951, 51.98136 ], [ 5.6961, 51.9816 ], [ 5.69652, 51.9816 ], [ 5.69796, 51.98234 ], [ 5.69808, 51.98192 ], [ 5.69832, 51.98141 ], [ 5.69879, 51.98166 ], [ 5.69895, 51.98179 ], [ 5.69919, 51.98186 ], [ 5.69951, 51.98212 ], [ 5.6998, 51.98226 ], [ 5.69999, 51.98238 ], [ 5.70013, 51.98238 ], [ 5.70092, 51.98147 ], [ 5.70213, 51.98087 ], [ 5.70016, 51.97939 ], [ 5.69906, 51.9785 ], [ 5.69872, 51.97834 ], [ 5.69736, 51.97808 ], [ 5.69813, 51.97494 ], [ 5.69532, 51.97471 ], [ 5.69511, 51.97454 ], [ 5.69469, 51.97436 ], [ 5.69429, 51.97434 ], [ 5.69334, 51.97382 ], [ 5.6929, 51.9736 ], [ 5.69262, 51.97351 ], [ 5.69251, 51.97373 ], [ 5.692, 51.97357 ], [ 5.69082, 51.97337 ], [ 5.68961, 51.97311 ], [ 5.68883, 51.97286 ], [ 5.68876, 51.97297 ], [ 5.68894, 51.97321 ], [ 5.68919, 51.97395 ], [ 5.68937, 51.97442 ], [ 5.69022, 51.97535 ], [ 5.69017, 51.97546 ], [ 5.69001, 51.97547 ], [ 5.6897, 51.97725 ], [ 5.68963, 51.97758 ], [ 5.6908, 51.97758 ], [ 5.69075, 51.97797 ], [ 5.6906, 51.97804 ], [ 5.68814, 51.97785 ], [ 5.68808, 51.97812 ], [ 5.68806, 51.97864 ], [ 5.68795, 51.97914 ], [ 5.6876, 51.97967 ], [ 5.68709, 51.9803 ], [ 5.68713, 51.98037 ], [ 5.68919, 51.98085 ], [ 5.68914, 51.98095 ], [ 5.69142, 51.98154 ], [ 5.69168, 51.98163 ], [ 5.69195, 51.98216 ], [ 5.69211, 51.98255 ] ] } },
{ "type": "Feature", "properties": { "klompenpad_naam": "Wageningse-Engpad", "url": "https://klompenpaden.nl/klompenpaden/Wageningse-Engpad/9f15b322-5d00-4f24-8a0a-0d9784c69255", "date": null }, "geometry": { "type": "LineString", "coordinates": [ [ 5.69374, 51.96563 ], [ 5.69359, 51.96562 ], [ 5.69331, 51.96556 ], [ 5.69318, 51.96558 ], [ 5.69264, 51.96548 ], [ 5.69255, 51.96553 ], [ 5.69216, 51.96529 ], [ 5.6916, 51.96526 ], [ 5.6913, 51.96498 ], [ 5.69105, 51.96506 ], [ 5.69097, 51.96513 ], [ 5.69106, 51.96521 ], [ 5.69106, 51.96548 ], [ 5.69091, 51.96547 ], [ 5.6904, 51.96529 ], [ 5.68999, 51.96532 ], [ 5.68834, 51.96522 ], [ 5.6881, 51.96513 ], [ 5.68782, 51.96502 ], [ 5.68754, 51.96501 ], [ 5.68725, 51.96488 ], [ 5.68699, 51.96481 ], [ 5.68656, 51.96481 ], [ 5.68645, 51.96487 ], [ 5.68637, 51.96478 ], [ 5.68642, 51.9647 ], [ 5.68635, 51.96463 ], [ 5.68624, 51.96458 ], [ 5.68611, 51.9646 ], [ 5.6857, 51.96457 ], [ 5.68561, 51.96464 ], [ 5.68594, 51.96504 ], [ 5.68622, 51.96529 ], [ 5.68639, 51.96552 ], [ 5.6865, 51.96578 ], [ 5.68648, 51.96607 ], [ 5.6864, 51.96633 ], [ 5.68628, 51.96655 ], [ 5.68633, 51.96658 ], [ 5.68654, 51.96656 ], [ 5.68694, 51.96644 ], [ 5.6873, 51.96628 ], [ 5.68749, 51.96613 ], [ 5.68814, 51.96593 ], [ 5.6887, 51.96599 ], [ 5.68945, 51.96597 ], [ 5.68956, 51.96603 ], [ 5.68968, 51.9663 ], [ 5.68988, 51.96663 ], [ 5.69007, 51.96676 ], [ 5.69049, 51.96698 ], [ 5.69073, 51.96707 ], [ 5.69104, 51.96726 ], [ 5.69146, 51.96734 ], [ 5.69155, 51.96741 ], [ 5.69186, 51.96742 ], [ 5.69241, 51.96752 ], [ 5.69254, 51.9675 ], [ 5.6926, 51.96725 ], [ 5.6927, 51.96707 ], [ 5.69284, 51.96706 ], [ 5.69296, 51.9671 ], [ 5.69298, 51.96728 ], [ 5.69295, 51.96737 ], [ 5.69297, 51.96746 ], [ 5.69291, 51.96766 ], [ 5.69281, 51.96786 ], [ 5.69251, 51.96809 ], [ 5.69158, 51.96872 ], [ 5.69137, 51.96909 ], [ 5.69112, 51.97012 ], [ 5.69113, 51.97036 ], [ 5.69122, 51.9706 ], [ 5.69158, 51.971 ], [ 5.69181, 51.97114 ], [ 5.69246, 51.97136 ], [ 5.6926, 51.97157 ], [ 5.69262, 51.97164 ], [ 5.69261, 51.97187 ], [ 5.6925, 51.97211 ], [ 5.6924, 51.97247 ], [ 5.692, 51.97357 ], [ 5.69082, 51.97337 ], [ 5.68961, 51.97311 ], [ 5.68883, 51.97286 ], [ 5.68876, 51.97297 ], [ 5.68894, 51.97321 ], [ 5.68921, 51.97401 ], [ 5.68937, 51.97442 ], [ 5.69004, 51.97513 ], [ 5.69022, 51.97535 ], [ 5.69017, 51.97546 ], [ 5.69001, 51.97547 ], [ 5.68965, 51.97753 ], [ 5.68866, 51.97756 ], [ 5.68829, 51.97755 ], [ 5.68639, 51.97734 ], [ 5.68543, 51.97726 ], [ 5.68439, 51.97724 ], [ 5.68325, 51.97731 ], [ 5.6834, 51.97749 ], [ 5.68402, 51.97798 ], [ 5.68491, 51.97853 ], [ 5.6853, 51.97878 ], [ 5.68542, 51.97902 ], [ 5.68534, 51.97959 ], [ 5.68522, 51.97996 ], [ 5.68509, 51.98027 ], [ 5.68481, 51.98066 ], [ 5.68437, 51.9811 ], [ 5.68418, 51.98118 ], [ 5.68558, 51.98214 ], [ 5.68412, 51.9821 ], [ 5.67942, 51.98202 ], [ 5.67911, 51.98277 ], [ 5.6788, 51.98341 ], [ 5.67856, 51.98411 ], [ 5.67852, 51.98472 ], [ 5.67856, 51.98489 ], [ 5.6806, 51.98503 ], [ 5.68086, 51.98546 ], [ 5.68079, 51.98582 ], [ 5.68062, 51.98659 ], [ 5.68057, 51.9875 ], [ 5.68086, 51.98826 ], [ 5.68111, 51.98871 ], [ 5.68116, 51.98903 ], [ 5.68143, 51.98947 ], [ 5.68335, 51.98964 ], [ 5.68344, 51.98969 ], [ 5.68487, 51.98991 ], [ 5.68472, 51.99033 ], [ 5.68473, 51.99039 ], [ 5.68482, 51.99041 ], [ 5.68565, 51.99029 ], [ 5.68609, 51.99031 ], [ 5.68637, 51.99037 ], [ 5.68666, 51.99041 ], [ 5.68687, 51.99038 ], [ 5.68719, 51.99046 ], [ 5.6876, 51.99045 ], [ 5.68771, 51.99031 ], [ 5.68822, 51.98952 ], [ 5.68858, 51.98891 ], [ 5.68865, 51.98867 ], [ 5.6888, 51.98799 ], [ 5.68889, 51.98772 ], [ 5.68879, 51.98767 ], [ 5.68889, 51.9873 ], [ 5.68872, 51.98706 ], [ 5.68879, 51.98687 ], [ 5.68868, 51.98661 ], [ 5.68861, 51.98635 ], [ 5.68862, 51.98604 ], [ 5.68871, 51.98592 ], [ 5.68862, 51.98564 ], [ 5.68853, 51.98545 ], [ 5.68856, 51.98518 ], [ 5.68865, 51.98501 ], [ 5.68879, 51.98491 ], [ 5.68849, 51.98464 ], [ 5.68825, 51.98422 ], [ 5.68807, 51.98397 ], [ 5.68784, 51.98377 ], [ 5.68768, 51.98358 ], [ 5.68754, 51.98348 ], [ 5.68785, 51.98341 ], [ 5.68849, 51.9831 ], [ 5.69021, 51.98239 ], [ 5.69065, 51.98232 ], [ 5.69127, 51.98235 ], [ 5.69159, 51.98242 ], [ 5.69199, 51.98255 ], [ 5.69198, 51.9824 ], [ 5.69193, 51.98214 ], [ 5.69168, 51.98163 ], [ 5.69151, 51.98156 ], [ 5.69023, 51.98124 ], [ 5.68914, 51.98095 ], [ 5.68919, 51.98085 ], [ 5.68713, 51.98037 ], [ 5.68709, 51.9803 ], [ 5.6876, 51.97967 ], [ 5.68795, 51.97914 ], [ 5.68806, 51.97864 ], [ 5.68808, 51.97812 ], [ 5.68814, 51.97785 ], [ 5.6906, 51.97804 ], [ 5.69075, 51.97797 ], [ 5.6908, 51.97758 ], [ 5.69211, 51.97761 ], [ 5.6923, 51.97754 ], [ 5.69243, 51.97695 ], [ 5.69254, 51.97665 ], [ 5.6928, 51.97622 ], [ 5.69283, 51.97608 ], [ 5.69312, 51.97581 ], [ 5.69338, 51.9755 ], [ 5.69352, 51.97523 ], [ 5.69362, 51.9749 ], [ 5.69363, 51.97455 ], [ 5.69355, 51.97431 ], [ 5.69301, 51.97391 ], [ 5.69429, 51.97434 ], [ 5.69469, 51.97436 ], [ 5.69511, 51.97454 ], [ 5.69532, 51.97471 ], [ 5.698, 51.97492 ], [ 5.69813, 51.97494 ], [ 5.69846, 51.97503 ], [ 5.70377, 51.97546 ], [ 5.70618, 51.97556 ], [ 5.70647, 51.97555 ], [ 5.70681, 51.97544 ], [ 5.70995, 51.97415 ], [ 5.71449, 51.97221 ], [ 5.71473, 51.97203 ], [ 5.71473, 51.97188 ], [ 5.71439, 51.97134 ], [ 5.7121, 51.96816 ], [ 5.71185, 51.96808 ], [ 5.71182, 51.9679 ], [ 5.71177, 51.96781 ], [ 5.71163, 51.96778 ], [ 5.71153, 51.96752 ], [ 5.71132, 51.96739 ], [ 5.70997, 51.96707 ], [ 5.70895, 51.96691 ], [ 5.70881, 51.96712 ], [ 5.70867, 51.96708 ], [ 5.70812, 51.96701 ], [ 5.70721, 51.96678 ], [ 5.7068, 51.96676 ], [ 5.70648, 51.96667 ], [ 5.70623, 51.96658 ], [ 5.70595, 51.96652 ], [ 5.70553, 51.9665 ], [ 5.70514, 51.96632 ], [ 5.70487, 51.96638 ], [ 5.70475, 51.96634 ], [ 5.70466, 51.96628 ], [ 5.70443, 51.96617 ], [ 5.70431, 51.96613 ], [ 5.70407, 51.96613 ], [ 5.70396, 51.96607 ], [ 5.7035, 51.96615 ], [ 5.70308, 51.96609 ], [ 5.70273, 51.96591 ], [ 5.70209, 51.96585 ], [ 5.70175, 51.96577 ], [ 5.70088, 51.96565 ], [ 5.70056, 51.96567 ], [ 5.70003, 51.96558 ], [ 5.6996, 51.96563 ], [ 5.69921, 51.96552 ], [ 5.69885, 51.96543 ], [ 5.69856, 51.96539 ], [ 5.69824, 51.96537 ], [ 5.69804, 51.96533 ], [ 5.6977, 51.96547 ], [ 5.69755, 51.96546 ], [ 5.69738, 51.96537 ], [ 5.69714, 51.96527 ], [ 5.69688, 51.96522 ], [ 5.69636, 51.96517 ], [ 5.6961, 51.96523 ], [ 5.69597, 51.96527 ], [ 5.69584, 51.96562 ], [ 5.69572, 51.96577 ], [ 5.69564, 51.96593 ], [ 5.6954, 51.96601 ], [ 5.69526, 51.96601 ], [ 5.69492, 51.96591 ], [ 5.69472, 51.96576 ], [ 5.69458, 51.96571 ], [ 5.69402, 51.9656 ], [ 5.69387, 51.96563 ], [ 5.69374, 51.96563 ] ] } },
{ "type": "Feature", "properties": { "klompenpad_naam": "Vurensche-Polderpad", "url": "https://klompenpaden.nl/klompenpaden/Vurensche-Polderpad/41eaa45d-6366-432b-9f87-5912267b412d", "date": null }, "geometry": { "type": "LineString", "coordinates": [ [ 5.02875, 51.82149 ], [ 5.02928, 51.82125 ], [ 5.03008, 51.82114 ], [ 5.03072, 51.82128 ], [ 5.03118, 51.8217 ], [ 5.03201, 51.82153 ], [ 5.03212, 51.82152 ], [ 5.03257, 51.82128 ], [ 5.03315, 51.82106 ], [ 5.03496, 51.82042 ], [ 5.03526, 51.82035 ], [ 5.03711, 51.8202 ], [ 5.03726, 51.8202 ], [ 5.03771, 51.82015 ], [ 5.03844, 51.82003 ], [ 5.03861, 51.81998 ], [ 5.03875, 51.81997 ], [ 5.03903, 51.82003 ], [ 5.03925, 51.82005 ], [ 5.03955, 51.82002 ], [ 5.03984, 51.82005 ], [ 5.04003, 51.81999 ], [ 5.04078, 51.8199 ], [ 5.04341, 51.81966 ], [ 5.0437, 51.81955 ], [ 5.04389, 51.81952 ], [ 5.04391, 51.81959 ], [ 5.04373, 51.81984 ], [ 5.04318, 51.82045 ], [ 5.04354, 51.82155 ], [ 5.04363, 51.82191 ], [ 5.04375, 51.82212 ], [ 5.04395, 51.82271 ], [ 5.04517, 51.82265 ], [ 5.04584, 51.82243 ], [ 5.04658, 51.82216 ], [ 5.04699, 51.82235 ], [ 5.04761, 51.82218 ], [ 5.0478, 51.82218 ], [ 5.0479, 51.82224 ], [ 5.04858, 51.82336 ], [ 5.04926, 51.82328 ], [ 5.04972, 51.82404 ], [ 5.04971, 51.82425 ], [ 5.04973, 51.82438 ], [ 5.04963, 51.82448 ], [ 5.04959, 51.82458 ], [ 5.04959, 51.82483 ], [ 5.04931, 51.82616 ], [ 5.04918, 51.82708 ], [ 5.0494, 51.8271 ], [ 5.04944, 51.82732 ], [ 5.04931, 51.82872 ], [ 5.04917, 51.82957 ], [ 5.04903, 51.83087 ], [ 5.04911, 51.83096 ], [ 5.04892, 51.83145 ], [ 5.04874, 51.83154 ], [ 5.04868, 51.83154 ], [ 5.04868, 51.83179 ], [ 5.04883, 51.83211 ], [ 5.04903, 51.83224 ], [ 5.04936, 51.83283 ], [ 5.05209, 51.83632 ], [ 5.05186, 51.83651 ], [ 5.05193, 51.83674 ], [ 5.05187, 51.83708 ], [ 5.05175, 51.83737 ], [ 5.05093, 51.83815 ], [ 5.05072, 51.83843 ], [ 5.05061, 51.83863 ], [ 5.05054, 51.83889 ], [ 5.05054, 51.84031 ], [ 5.05059, 51.84057 ], [ 5.05068, 51.84087 ], [ 5.05088, 51.84112 ], [ 5.05117, 51.84137 ], [ 5.05176, 51.84164 ], [ 5.05294, 51.84204 ], [ 5.05322, 51.84219 ], [ 5.05352, 51.84246 ], [ 5.05379, 51.84281 ], [ 5.05405, 51.84361 ], [ 5.05451, 51.84559 ], [ 5.04939, 51.84521 ], [ 5.0489, 51.84519 ], [ 5.04825, 51.84519 ], [ 5.04924, 51.84894 ], [ 5.04937, 51.84921 ], [ 5.04904, 51.84923 ], [ 5.04752, 51.84875 ], [ 5.04698, 51.84876 ], [ 5.04679, 51.84881 ], [ 5.04444, 51.84881 ], [ 5.04444, 51.84865 ], [ 5.04237, 51.8487 ], [ 5.04207, 51.84846 ], [ 5.04186, 51.84841 ], [ 5.04025, 51.8485 ], [ 5.03942, 51.84853 ], [ 5.03871, 51.84876 ], [ 5.03677, 51.84878 ], [ 5.0364, 51.84861 ], [ 5.03638, 51.84849 ], [ 5.03253, 51.84894 ], [ 5.03011, 51.84891 ], [ 5.02974, 51.8494 ], [ 5.02654, 51.84949 ], [ 5.02651, 51.84723 ], [ 5.02722, 51.84722 ], [ 5.02723, 51.84601 ], [ 5.028, 51.84575 ], [ 5.028, 51.84493 ], [ 5.02872, 51.84487 ], [ 5.02955, 51.84463 ], [ 5.03169, 51.84434 ], [ 5.03208, 51.84458 ], [ 5.03305, 51.84463 ], [ 5.03427, 51.84463 ], [ 5.03521, 51.84471 ], [ 5.0357, 51.84457 ], [ 5.03586, 51.84437 ], [ 5.03621, 51.84417 ], [ 5.03699, 51.84407 ], [ 5.03877, 51.84406 ], [ 5.04204, 51.84431 ], [ 5.04407, 51.84409 ], [ 5.0442, 51.84415 ], [ 5.04488, 51.84549 ], [ 5.04837, 51.84516 ], [ 5.04843, 51.84507 ], [ 5.0541, 51.84544 ], [ 5.05423, 51.84543 ], [ 5.0543, 51.84534 ], [ 5.05384, 51.84341 ], [ 5.05361, 51.84274 ], [ 5.05345, 51.84253 ], [ 5.05302, 51.84215 ], [ 5.0528, 51.84205 ], [ 5.05164, 51.84166 ], [ 5.0512, 51.84147 ], [ 5.0509, 51.84129 ], [ 5.05073, 51.84112 ], [ 5.05048, 51.8406 ], [ 5.05043, 51.83888 ], [ 5.05047, 51.83866 ], [ 5.05062, 51.83839 ], [ 5.05102, 51.83793 ], [ 5.05173, 51.83727 ], [ 5.05149, 51.83723 ], [ 5.0507, 51.83799 ], [ 5.05029, 51.83844 ], [ 5.05016, 51.83863 ], [ 5.0498, 51.83876 ], [ 5.05008, 51.83923 ], [ 5.04659, 51.83929 ], [ 5.04638, 51.83899 ], [ 5.04055, 51.83927 ], [ 5.0404, 51.83937 ], [ 5.04051, 51.83944 ], [ 5.04053, 51.83966 ], [ 5.03992, 51.83972 ], [ 5.03745, 51.83846 ], [ 5.0341, 51.83663 ], [ 5.03257, 51.83554 ], [ 5.03041, 51.83473 ], [ 5.02993, 51.83476 ], [ 5.02991, 51.8343 ], [ 5.03003, 51.83378 ], [ 5.02973, 51.83278 ], [ 5.02813, 51.82604 ], [ 5.02773, 51.82428 ], [ 5.02908, 51.82473 ], [ 5.02993, 51.82486 ], [ 5.03063, 51.82466 ], [ 5.03081, 51.8244 ], [ 5.03058, 51.82371 ], [ 5.03056, 51.82358 ], [ 5.03066, 51.8235 ], [ 5.03086, 51.82353 ], [ 5.03116, 51.82359 ], [ 5.03123, 51.82352 ], [ 5.03122, 51.82347 ], [ 5.03159, 51.82318 ], [ 5.03119, 51.82295 ], [ 5.0312, 51.82272 ], [ 5.03142, 51.82235 ], [ 5.03146, 51.82213 ], [ 5.03136, 51.82189 ], [ 5.03118, 51.82171 ] ] } },
{ "type": "Feature", "properties": { "klompenpad_naam": "Vrijheijtpad", "url": "https://klompenpaden.nl/klompenpaden/Vrijheijtpad/321b7142-c4d9-4253-9ac1-97b099322c99", "date": null }, "geometry": { "type": "LineString", "coordinates": [ [ 5.8302, 52.44949 ], [ 5.83006, 52.4495 ], [ 5.82999, 52.44941 ], [ 5.82896, 52.44874 ], [ 5.82897, 52.44865 ], [ 5.82869, 52.44851 ], [ 5.82854, 52.4483 ], [ 5.82857, 52.44805 ], [ 5.82869, 52.44796 ], [ 5.83029, 52.44767 ], [ 5.83084, 52.44752 ], [ 5.83204, 52.44707 ], [ 5.83222, 52.447 ], [ 5.8322, 52.4469 ], [ 5.83235, 52.44689 ], [ 5.83271, 52.44676 ], [ 5.83496, 52.44547 ], [ 5.8353, 52.4454 ], [ 5.83547, 52.4454 ], [ 5.83562, 52.44543 ], [ 5.8358, 52.44555 ], [ 5.83594, 52.44569 ], [ 5.83608, 52.44577 ], [ 5.83651, 52.44573 ], [ 5.83674, 52.44568 ], [ 5.83836, 52.44564 ], [ 5.83964, 52.44593 ], [ 5.84003, 52.44567 ], [ 5.84058, 52.44527 ], [ 5.84122, 52.44464 ], [ 5.84105, 52.44461 ], [ 5.83893, 52.44432 ], [ 5.83872, 52.44423 ], [ 5.83852, 52.4442 ], [ 5.83806, 52.4428 ], [ 5.83817, 52.44274 ], [ 5.83826, 52.44263 ], [ 5.83839, 52.44242 ], [ 5.8384, 52.44234 ], [ 5.83813, 52.44159 ], [ 5.83917, 52.441 ], [ 5.8396, 52.44026 ], [ 5.83936, 52.4389 ], [ 5.83608, 52.43677 ], [ 5.83641, 52.43573 ], [ 5.83658, 52.4357 ], [ 5.83654, 52.43542 ], [ 5.83883, 52.43573 ], [ 5.83895, 52.43571 ], [ 5.83898, 52.43578 ], [ 5.8391, 52.43578 ], [ 5.83913, 52.4357 ], [ 5.84082, 52.43608 ], [ 5.84252, 52.43643 ], [ 5.84272, 52.4365 ], [ 5.84675, 52.4369 ], [ 5.84746, 52.43492 ], [ 5.84765, 52.43496 ], [ 5.84763, 52.43525 ], [ 5.85189, 52.43609 ], [ 5.85171, 52.43661 ], [ 5.8519, 52.43665 ], [ 5.8516, 52.43747 ], [ 5.85117, 52.43875 ], [ 5.85623, 52.43852 ], [ 5.8572, 52.43845 ], [ 5.85742, 52.43846 ], [ 5.85771, 52.43844 ], [ 5.85875, 52.43871 ], [ 5.85943, 52.43903 ], [ 5.86069, 52.43982 ], [ 5.86112, 52.43861 ], [ 5.86134, 52.43796 ], [ 5.86122, 52.43738 ], [ 5.86135, 52.43685 ], [ 5.86183, 52.43546 ], [ 5.86156, 52.43541 ], [ 5.86193, 52.43499 ], [ 5.86278, 52.43435 ], [ 5.86339, 52.43378 ], [ 5.86371, 52.43342 ], [ 5.86418, 52.43267 ], [ 5.86407, 52.43192 ], [ 5.86391, 52.43155 ], [ 5.86496, 52.43183 ], [ 5.86513, 52.43167 ], [ 5.86523, 52.43149 ], [ 5.86535, 52.43143 ], [ 5.86606, 52.43064 ], [ 5.86648, 52.43034 ], [ 5.86687, 52.42997 ], [ 5.86708, 52.42993 ], [ 5.86794, 52.43001 ], [ 5.86812, 52.43001 ], [ 5.86832, 52.42998 ], [ 5.86853, 52.42994 ], [ 5.86895, 52.42989 ], [ 5.86986, 52.42984 ], [ 5.87022, 52.42984 ], [ 5.87054, 52.42989 ], [ 5.87076, 52.42996 ], [ 5.87146, 52.43055 ], [ 5.87135, 52.43081 ], [ 5.87216, 52.4311 ], [ 5.87324, 52.43153 ], [ 5.87313, 52.43166 ], [ 5.87323, 52.43178 ], [ 5.87323, 52.43193 ], [ 5.87313, 52.432 ], [ 5.87305, 52.43208 ], [ 5.87297, 52.43221 ], [ 5.8728, 52.43227 ], [ 5.87277, 52.43234 ], [ 5.8728, 52.43243 ], [ 5.8728, 52.43253 ], [ 5.87298, 52.43259 ], [ 5.87303, 52.4327 ], [ 5.873, 52.43278 ], [ 5.87287, 52.43289 ], [ 5.87288, 52.43293 ], [ 5.87306, 52.433 ], [ 5.87359, 52.43247 ], [ 5.87407, 52.43205 ], [ 5.87419, 52.43191 ], [ 5.87531, 52.43082 ], [ 5.87724, 52.43155 ], [ 5.87734, 52.43162 ], [ 5.87818, 52.43193 ], [ 5.87838, 52.43211 ], [ 5.87865, 52.43229 ], [ 5.87881, 52.43248 ], [ 5.87869, 52.4326 ], [ 5.87871, 52.43276 ], [ 5.87888, 52.43288 ], [ 5.87886, 52.43298 ], [ 5.87869, 52.43305 ], [ 5.87858, 52.43327 ], [ 5.87849, 52.43357 ], [ 5.87714, 52.43305 ], [ 5.87169, 52.439 ], [ 5.87166, 52.43909 ], [ 5.87168, 52.43919 ], [ 5.8716, 52.4392 ], [ 5.87163, 52.43947 ], [ 5.87253, 52.43934 ], [ 5.87418, 52.43986 ], [ 5.8748, 52.44011 ], [ 5.87415, 52.44086 ], [ 5.87467, 52.44108 ], [ 5.87364, 52.44212 ], [ 5.8723, 52.44334 ], [ 5.87068, 52.4428 ], [ 5.87025, 52.44329 ], [ 5.8699, 52.44376 ], [ 5.8696, 52.44363 ], [ 5.86695, 52.4429 ], [ 5.86684, 52.44304 ], [ 5.86529, 52.44256 ], [ 5.86402, 52.44397 ], [ 5.8639, 52.44394 ], [ 5.86384, 52.44401 ], [ 5.86413, 52.4443 ], [ 5.86529, 52.44485 ], [ 5.86787, 52.44564 ], [ 5.86808, 52.44585 ], [ 5.86815, 52.44707 ], [ 5.86796, 52.4481 ], [ 5.86871, 52.45039 ], [ 5.86858, 52.45098 ], [ 5.87169, 52.45083 ], [ 5.87415, 52.45063 ], [ 5.87463, 52.45062 ], [ 5.87483, 52.45067 ], [ 5.87491, 52.45072 ], [ 5.8755, 52.45124 ], [ 5.87658, 52.452 ], [ 5.87759, 52.4531 ], [ 5.87613, 52.45366 ], [ 5.87461, 52.45419 ], [ 5.87439, 52.45434 ], [ 5.87429, 52.45444 ], [ 5.87421, 52.45446 ], [ 5.87409, 52.45446 ], [ 5.87284, 52.4542 ], [ 5.87262, 52.45423 ], [ 5.87247, 52.4543 ], [ 5.8723, 52.45446 ], [ 5.87212, 52.45473 ], [ 5.87202, 52.45484 ], [ 5.87192, 52.45489 ], [ 5.87085, 52.45496 ], [ 5.87071, 52.455 ], [ 5.87066, 52.4551 ], [ 5.87066, 52.45546 ], [ 5.87046, 52.45556 ], [ 5.86952, 52.45583 ], [ 5.86932, 52.45591 ], [ 5.86908, 52.4558 ], [ 5.869, 52.45581 ], [ 5.86882, 52.45588 ], [ 5.86841, 52.45608 ], [ 5.86797, 52.45648 ], [ 5.86775, 52.4566 ], [ 5.86718, 52.45688 ], [ 5.86625, 52.45728 ], [ 5.86462, 52.45812 ], [ 5.86359, 52.45858 ], [ 5.86329, 52.4587 ], [ 5.86312, 52.45873 ], [ 5.86272, 52.45877 ], [ 5.86166, 52.45745 ], [ 5.86099, 52.45717 ], [ 5.85864, 52.45693 ], [ 5.85843, 52.45689 ], [ 5.85834, 52.45685 ], [ 5.85575, 52.45614 ], [ 5.8555, 52.45613 ], [ 5.85333, 52.45567 ], [ 5.85294, 52.45546 ], [ 5.85248, 52.45503 ], [ 5.85184, 52.4545 ], [ 5.85152, 52.45415 ], [ 5.85117, 52.45358 ], [ 5.8504, 52.45314 ], [ 5.84967, 52.45281 ], [ 5.84932, 52.45272 ], [ 5.84834, 52.45267 ], [ 5.84777, 52.45252 ], [ 5.84762, 52.45238 ], [ 5.84686, 52.45138 ], [ 5.84675, 52.45127 ], [ 5.84661, 52.45119 ], [ 5.84654, 52.45119 ], [ 5.84372, 52.45193 ], [ 5.8429, 52.4509 ], [ 5.84144, 52.45112 ], [ 5.83984, 52.45097 ], [ 5.8382, 52.45058 ], [ 5.83551, 52.45005 ], [ 5.83534, 52.45004 ], [ 5.83531, 52.44973 ], [ 5.83525, 52.44962 ], [ 5.83295, 52.45057 ], [ 5.8327, 52.45059 ], [ 5.83252, 52.45051 ], [ 5.83137, 52.44949 ], [ 5.83074, 52.44974 ], [ 5.83042, 52.44951 ], [ 5.83019, 52.44949 ] ] } },
{ "type": "Feature", "properties": { "klompenpad_naam": "Vreepad", "url": "https://klompenpaden.nl/klompenpaden/Vreepad/4fed22a5-82de-447e-9ced-6103ebebc745", "date": null }, "geometry": { "type": "LineString", "coordinates": [ [ 5.91311, 52.44267 ], [ 5.91299, 52.44274 ], [ 5.91278, 52.44294 ], [ 5.91249, 52.44328 ], [ 5.91224, 52.44347 ], [ 5.91797, 52.44538 ], [ 5.91782, 52.44552 ], [ 5.91802, 52.4456 ], [ 5.91813, 52.44558 ], [ 5.91824, 52.44548 ], [ 5.92021, 52.44609 ], [ 5.92046, 52.44581 ], [ 5.92045, 52.44573 ], [ 5.92097, 52.44525 ], [ 5.9211, 52.44525 ], [ 5.92336, 52.44607 ], [ 5.92355, 52.44618 ], [ 5.92399, 52.44633 ], [ 5.92413, 52.44635 ], [ 5.92526, 52.44673 ], [ 5.92499, 52.447 ], [ 5.92657, 52.44764 ], [ 5.92743, 52.44795 ], [ 5.92804, 52.44805 ], [ 5.92966, 52.44853 ], [ 5.93028, 52.44795 ], [ 5.93147, 52.4483 ], [ 5.93237, 52.44849 ], [ 5.93581, 52.44971 ], [ 5.93918, 52.45014 ], [ 5.9421, 52.45114 ], [ 5.94235, 52.45091 ], [ 5.94334, 52.45137 ], [ 5.94593, 52.45245 ], [ 5.94741, 52.4531 ], [ 5.94862, 52.4538 ], [ 5.94981, 52.45458 ], [ 5.94991, 52.45459 ], [ 5.95104, 52.45497 ], [ 5.95327, 52.45584 ], [ 5.95329, 52.45594 ], [ 5.95434, 52.45627 ], [ 5.95516, 52.45656 ], [ 5.95323, 52.45851 ], [ 5.95296, 52.45884 ], [ 5.95311, 52.45896 ], [ 5.9532, 52.45912 ], [ 5.95324, 52.45928 ], [ 5.95295, 52.46012 ], [ 5.95282, 52.46039 ], [ 5.95255, 52.46071 ], [ 5.95214, 52.46112 ], [ 5.95351, 52.46138 ], [ 5.9538, 52.46147 ], [ 5.95412, 52.46145 ], [ 5.95423, 52.46142 ], [ 5.9544, 52.4614 ], [ 5.95461, 52.46142 ], [ 5.9548, 52.46147 ], [ 5.95486, 52.4615 ], [ 5.95509, 52.46149 ], [ 5.95592, 52.46153 ], [ 5.95645, 52.46164 ], [ 5.9566, 52.46171 ], [ 5.95647, 52.46186 ], [ 5.95631, 52.46197 ], [ 5.95601, 52.4624 ], [ 5.95588, 52.46249 ], [ 5.95583, 52.46274 ], [ 5.958, 52.46347 ], [ 5.9583, 52.46353 ], [ 5.96002, 52.46162 ], [ 5.95887, 52.46119 ], [ 5.95998, 52.45997 ], [ 5.95882, 52.45954 ], [ 5.96088, 52.45738 ], [ 5.9611, 52.45743 ], [ 5.96127, 52.4574 ], [ 5.96142, 52.45727 ], [ 5.96167, 52.457 ], [ 5.96197, 52.45662 ], [ 5.96216, 52.45642 ], [ 5.96237, 52.4563 ], [ 5.96251, 52.45606 ], [ 5.96255, 52.45594 ], [ 5.96256, 52.4558 ], [ 5.96264, 52.45572 ], [ 5.96298, 52.4556 ], [ 5.9631, 52.45552 ], [ 5.96316, 52.45537 ], [ 5.96316, 52.45521 ], [ 5.96339, 52.45505 ], [ 5.96434, 52.45408 ], [ 5.96483, 52.45353 ], [ 5.96484, 52.45348 ], [ 5.96478, 52.45343 ], [ 5.96484, 52.45328 ], [ 5.96533, 52.45274 ], [ 5.96552, 52.45271 ], [ 5.97086, 52.45405 ], [ 5.97164, 52.45289 ], [ 5.97124, 52.45271 ], [ 5.97219, 52.45205 ], [ 5.97226, 52.45194 ], [ 5.97258, 52.45165 ], [ 5.97291, 52.45095 ], [ 5.97363, 52.45028 ], [ 5.97365, 52.45022 ], [ 5.97377, 52.45017 ], [ 5.9745, 52.44936 ], [ 5.97496, 52.44871 ], [ 5.97486, 52.44855 ], [ 5.97446, 52.44836 ], [ 5.97439, 52.44824 ], [ 5.97427, 52.44811 ], [ 5.97418, 52.44804 ], [ 5.97396, 52.44796 ], [ 5.97405, 52.44758 ], [ 5.97413, 52.4475 ], [ 5.97404, 52.44736 ], [ 5.97382, 52.44713 ], [ 5.97374, 52.44709 ], [ 5.97368, 52.44694 ], [ 5.97291, 52.44648 ], [ 5.9728, 52.44644 ], [ 5.97264, 52.44644 ], [ 5.97237, 52.44597 ], [ 5.97219, 52.4459 ], [ 5.97224, 52.4458 ], [ 5.97211, 52.44549 ], [ 5.97196, 52.44536 ], [ 5.97175, 52.44527 ], [ 5.97134, 52.44519 ], [ 5.97079, 52.44496 ], [ 5.97004, 52.44482 ], [ 5.96989, 52.44481 ], [ 5.96966, 52.44473 ], [ 5.9698, 52.44454 ], [ 5.97, 52.44431 ], [ 5.96766, 52.44359 ], [ 5.96747, 52.44375 ], [ 5.96726, 52.44367 ], [ 5.96712, 52.44366 ], [ 5.96694, 52.44356 ], [ 5.96668, 52.44355 ], [ 5.96605, 52.4433 ], [ 5.96555, 52.44304 ], [ 5.9654, 52.44302 ], [ 5.96483, 52.44283 ], [ 5.96428, 52.44255 ], [ 5.96392, 52.44252 ], [ 5.9635, 52.44242 ], [ 5.96341, 52.44236 ], [ 5.96272, 52.44299 ], [ 5.96089, 52.44222 ], [ 5.96014, 52.44292 ], [ 5.95954, 52.44306 ], [ 5.95928, 52.44308 ], [ 5.95856, 52.44321 ], [ 5.95838, 52.44337 ], [ 5.95779, 52.44404 ], [ 5.95706, 52.44375 ], [ 5.95328, 52.44218 ], [ 5.95133, 52.44393 ], [ 5.94872, 52.44277 ], [ 5.91311, 52.44267 ], [ 5.91825, 52.43847 ], [ 5.91848, 52.43832 ], [ 5.92047, 52.4367 ], [ 5.92094, 52.43652 ], [ 5.92226, 52.43636 ], [ 5.92239, 52.43636 ], [ 5.92255, 52.43642 ], [ 5.92277, 52.43662 ], [ 5.9229, 52.43663 ], [ 5.92336, 52.43609 ], [ 5.9236, 52.4359 ], [ 5.92397, 52.43575 ], [ 5.92419, 52.43561 ], [ 5.92452, 52.43491 ], [ 5.92508, 52.43363 ], [ 5.9252, 52.43354 ], [ 5.92544, 52.43347 ], [ 5.92531, 52.43312 ], [ 5.92575, 52.43057 ], [ 5.92585, 52.43056 ], [ 5.92809, 52.43117 ], [ 5.92822, 52.43117 ], [ 5.93112, 52.43006 ], [ 5.93134, 52.43001 ], [ 5.93309, 52.43014 ], [ 5.93354, 52.43021 ], [ 5.93398, 52.43032 ], [ 5.93457, 52.43048 ], [ 5.93573, 52.43093 ], [ 5.93665, 52.43145 ], [ 5.93695, 52.43142 ], [ 5.93708, 52.43144 ], [ 5.93723, 52.4315 ], [ 5.93742, 52.43178 ], [ 5.93749, 52.43203 ], [ 5.93763, 52.4321 ], [ 5.93802, 52.43215 ], [ 5.93826, 52.43223 ], [ 5.9379, 52.43261 ], [ 5.93783, 52.43266 ], [ 5.93782, 52.43275 ], [ 5.93931, 52.43342 ], [ 5.93818, 52.43481 ], [ 5.93662, 52.43657 ], [ 5.93792, 52.43702 ], [ 5.93817, 52.4372 ], [ 5.93853, 52.43726 ], [ 5.93917, 52.4367 ], [ 5.93926, 52.43667 ], [ 5.93946, 52.43671 ], [ 5.94074, 52.43719 ], [ 5.94081, 52.43714 ], [ 5.94278, 52.43793 ], [ 5.94293, 52.43807 ], [ 5.94418, 52.43857 ], [ 5.94391, 52.43881 ], [ 5.94376, 52.43888 ], [ 5.94317, 52.43938 ], [ 5.94323, 52.4394 ], [ 5.94327, 52.43951 ], [ 5.94324, 52.43957 ], [ 5.94278, 52.43993 ], [ 5.94266, 52.43992 ], [ 5.9419, 52.44063 ], [ 5.94132, 52.44089 ], [ 5.94106, 52.44092 ], [ 5.94049, 52.44071 ], [ 5.94037, 52.44063 ], [ 5.94005, 52.44058 ], [ 5.93989, 52.44053 ], [ 5.93979, 52.44047 ], [ 5.93946, 52.44014 ], [ 5.93932, 52.44009 ], [ 5.93899, 52.43992 ], [ 5.93881, 52.4398 ], [ 5.93871, 52.43971 ], [ 5.93856, 52.43964 ], [ 5.93827, 52.43983 ], [ 5.93799, 52.43996 ], [ 5.93792, 52.44003 ], [ 5.93798, 52.44014 ], [ 5.93803, 52.44018 ], [ 5.9383, 52.44027 ], [ 5.93793, 52.44072 ], [ 5.93754, 52.44113 ], [ 5.93689, 52.44171 ], [ 5.93687, 52.44177 ], [ 5.93694, 52.44185 ], [ 5.93777, 52.4422 ], [ 5.93849, 52.44246 ], [ 5.93875, 52.44251 ], [ 5.93898, 52.44261 ], [ 5.93952, 52.4428 ], [ 5.93966, 52.44288 ], [ 5.94024, 52.44302 ], [ 5.94059, 52.44307 ], [ 5.94119, 52.44323 ], [ 5.94136, 52.44322 ], [ 5.94167, 52.44282 ], [ 5.94191, 52.44266 ], [ 5.94211, 52.44256 ], [ 5.94244, 52.44245 ], [ 5.94253, 52.44238 ], [ 5.94259, 52.44228 ], [ 5.94272, 52.44222 ], [ 5.94329, 52.44168 ], [ 5.9438, 52.44127 ], [ 5.94404, 52.44103 ], [ 5.94423, 52.44091 ], [ 5.9444, 52.44089 ], [ 5.94528, 52.44123 ], [ 5.94563, 52.4413 ], [ 5.94583, 52.44139 ], [ 5.94609, 52.44148 ], [ 5.94637, 52.44167 ], [ 5.94669, 52.44184 ], [ 5.94683, 52.44182 ], [ 5.9474, 52.44229 ], [ 5.94773, 52.44251 ], [ 5.94787, 52.44258 ], [ 5.94802, 52.44264 ], [ 5.94822, 52.44269 ], [ 5.94847, 52.44271 ], [ 5.94872, 52.44277 ], [ 5.94872, 52.44277 ], [ 5.94875, 52.44278 ] ] } },
{ "type": "Feature", "properties": { "klompenpad_naam": "Vredelantsepad", "url": "https://klompenpaden.nl/klompenpaden/Vredelantsepad/97447254-17cb-4eb8-960c-c8de9406a2dd", "date": null }, "geometry": { "type": "LineString", "coordinates": [ [ 5.03131, 52.23005 ], [ 5.03117, 52.22963 ], [ 5.03101, 52.22932 ], [ 5.03089, 52.22928 ], [ 5.03024, 52.22951 ], [ 5.0268, 52.2297 ], [ 5.0267, 52.22981 ], [ 5.02088, 52.23087 ], [ 5.02069, 52.23087 ], [ 5.02024, 52.23073 ], [ 5.01316, 52.23016 ], [ 5.01227, 52.23007 ], [ 5.01122, 52.23 ], [ 5.00928, 52.22982 ], [ 5.00853, 52.2298 ], [ 5.00892, 52.23132 ], [ 5.00922, 52.23232 ], [ 5.00957, 52.23383 ], [ 5.00976, 52.23451 ], [ 5.01018, 52.23597 ], [ 5.01138, 52.24044 ], [ 5.0115, 52.2407 ], [ 5.01165, 52.2412 ], [ 5.01164, 52.24139 ], [ 5.01166, 52.24143 ], [ 5.01193, 52.24148 ], [ 5.01197, 52.24143 ], [ 5.01499, 52.24205 ], [ 5.01832, 52.24269 ], [ 5.01964, 52.24296 ], [ 5.0197, 52.24284 ], [ 5.02426, 52.24358 ], [ 5.02698, 52.24404 ], [ 5.02656, 52.24495 ], [ 5.02629, 52.24562 ], [ 5.02555, 52.24727 ], [ 5.02542, 52.24738 ], [ 5.02501, 52.24825 ], [ 5.02888, 52.24822 ], [ 5.02928, 52.24824 ], [ 5.03383, 52.24899 ], [ 5.034, 52.24901 ], [ 5.03423, 52.24896 ], [ 5.03503, 52.24923 ], [ 5.03723, 52.25008 ], [ 5.03944, 52.25091 ], [ 5.03969, 52.25112 ], [ 5.04114, 52.25145 ], [ 5.04166, 52.25183 ], [ 5.04183, 52.252 ], [ 5.04255, 52.25222 ], [ 5.04284, 52.25228 ], [ 5.04295, 52.2521 ], [ 5.04314, 52.25192 ], [ 5.04335, 52.251 ], [ 5.04342, 52.25082 ], [ 5.04394, 52.24993 ], [ 5.04426, 52.2495 ], [ 5.04433, 52.24907 ], [ 5.04432, 52.24865 ], [ 5.04425, 52.24817 ], [ 5.04406, 52.24783 ], [ 5.04392, 52.24762 ], [ 5.04338, 52.24751 ], [ 5.04244, 52.24738 ], [ 5.04196, 52.24735 ], [ 5.04135, 52.24744 ], [ 5.04101, 52.24743 ], [ 5.04056, 52.24735 ], [ 5.03921, 52.24724 ], [ 5.03846, 52.24716 ], [ 5.03789, 52.24705 ], [ 5.03695, 52.24679 ], [ 5.03634, 52.24658 ], [ 5.03597, 52.2464 ], [ 5.03577, 52.24625 ], [ 5.03563, 52.24605 ], [ 5.03559, 52.24577 ], [ 5.03561, 52.24563 ], [ 5.03566, 52.24547 ], [ 5.03583, 52.2453 ], [ 5.03596, 52.24518 ], [ 5.0363, 52.24497 ], [ 5.03663, 52.2448 ], [ 5.03747, 52.24444 ], [ 5.03788, 52.24421 ], [ 5.03867, 52.24368 ], [ 5.03944, 52.24302 ], [ 5.03955, 52.24278 ], [ 5.03953, 52.24264 ], [ 5.03885, 52.24184 ], [ 5.0387, 52.24159 ], [ 5.03852, 52.24119 ], [ 5.03828, 52.24099 ], [ 5.03641, 52.23982 ], [ 5.03526, 52.23913 ], [ 5.03397, 52.23833 ], [ 5.03286, 52.23724 ], [ 5.03257, 52.23671 ], [ 5.03233, 52.23635 ], [ 5.03219, 52.23622 ], [ 5.0315, 52.23586 ], [ 5.03095, 52.2351 ], [ 5.03081, 52.23369 ], [ 5.03056, 52.23322 ], [ 5.0305, 52.23303 ], [ 5.03055, 52.23281 ], [ 5.03068, 52.2324 ], [ 5.03077, 52.23228 ], [ 5.03125, 52.23197 ], [ 5.03203, 52.23166 ], [ 5.03219, 52.23157 ], [ 5.03233, 52.23147 ], [ 5.03253, 52.23095 ], [ 5.0325, 52.23034 ], [ 5.03259, 52.2302 ], [ 5.03261, 52.22978 ], [ 5.03327, 52.22981 ], [ 5.03314, 52.23063 ], [ 5.03308, 52.23076 ], [ 5.03318, 52.23137 ], [ 5.03315, 52.2317 ], [ 5.03301, 52.23215 ], [ 5.03371, 52.23202 ], [ 5.03383, 52.23189 ], [ 5.03389, 52.23176 ], [ 5.03395, 52.23173 ], [ 5.03514, 52.23201 ], [ 5.03575, 52.23199 ], [ 5.03609, 52.23188 ], [ 5.03641, 52.23174 ], [ 5.03673, 52.23152 ], [ 5.03686, 52.23141 ], [ 5.03695, 52.23111 ], [ 5.03738, 52.22927 ], [ 5.03716, 52.2292 ], [ 5.03662, 52.22916 ], [ 5.03512, 52.229 ], [ 5.03458, 52.22904 ], [ 5.03357, 52.22889 ], [ 5.03341, 52.22896 ], [ 5.03336, 52.22907 ], [ 5.03326, 52.22937 ], [ 5.03326, 52.22957 ], [ 5.03332, 52.22981 ], [ 5.03185, 52.22972 ], [ 5.03129, 52.22979 ], [ 5.03125, 52.22991 ], [ 5.03131, 52.23004 ] ] } },
{ "type": "Feature", "properties": { "klompenpad_naam": "Vosbergenpad", "url": "https://klompenpaden.nl/klompenpaden/Vosbergenpad/f6a1a98f-ae4e-43e2-aecc-0e5cd8de88eb", "date": null }, "geometry": { "type": "LineString", "coordinates": [ [ 6.0557, 52.41923 ], [ 6.05559, 52.41917 ], [ 6.05542, 52.41912 ], [ 6.05542, 52.41902 ], [ 6.05554, 52.41889 ], [ 6.0557, 52.41864 ], [ 6.0555, 52.41835 ], [ 6.05519, 52.41812 ], [ 6.05505, 52.41796 ], [ 6.05476, 52.41771 ], [ 6.05402, 52.41808 ], [ 6.05046, 52.41905 ], [ 6.0488, 52.41941 ], [ 6.04909, 52.41999 ], [ 6.04962, 52.42118 ], [ 6.04975, 52.42175 ], [ 6.04998, 52.4232 ], [ 6.04953, 52.42324 ], [ 6.04919, 52.42338 ], [ 6.04976, 52.42361 ], [ 6.04997, 52.42375 ], [ 6.05031, 52.42422 ], [ 6.05032, 52.42468 ], [ 6.04951, 52.42514 ], [ 6.04921, 52.42501 ], [ 6.04595, 52.42305 ], [ 6.04229, 52.42096 ], [ 6.04146, 52.42044 ], [ 6.04122, 52.41994 ], [ 6.04106, 52.41951 ], [ 6.041, 52.41942 ], [ 6.04062, 52.41831 ], [ 6.0404, 52.41807 ], [ 6.04041, 52.41788 ], [ 6.0396, 52.41806 ], [ 6.0392, 52.41845 ], [ 6.03861, 52.41869 ], [ 6.03815, 52.41877 ], [ 6.03854, 52.41813 ], [ 6.03857, 52.41773 ], [ 6.03828, 52.41738 ], [ 6.0371, 52.41628 ], [ 6.0366, 52.41607 ], [ 6.03618, 52.41587 ], [ 6.03629, 52.41582 ], [ 6.03689, 52.41559 ], [ 6.03617, 52.41532 ], [ 6.03581, 52.41499 ], [ 6.03565, 52.41461 ], [ 6.03538, 52.41441 ], [ 6.03508, 52.41401 ], [ 6.03482, 52.41377 ], [ 6.03519, 52.4136 ], [ 6.03496, 52.41347 ], [ 6.03439, 52.41329 ], [ 6.0342, 52.4133 ], [ 6.03369, 52.41345 ], [ 6.03348, 52.41346 ], [ 6.03282, 52.41338 ], [ 6.03275, 52.41328 ], [ 6.03287, 52.41313 ], [ 6.03254, 52.41307 ], [ 6.03242, 52.41302 ], [ 6.03236, 52.41282 ], [ 6.0322, 52.4126 ], [ 6.03161, 52.41213 ], [ 6.03145, 52.41193 ], [ 6.03137, 52.4119 ], [ 6.03122, 52.41169 ], [ 6.03104, 52.41153 ], [ 6.03081, 52.41128 ], [ 6.03006, 52.41093 ], [ 6.02979, 52.41094 ], [ 6.02965, 52.41093 ], [ 6.02917, 52.41081 ], [ 6.02891, 52.41053 ], [ 6.02915, 52.41051 ], [ 6.02963, 52.41061 ], [ 6.02985, 52.4106 ], [ 6.03094, 52.40997 ], [ 6.03079, 52.40993 ], [ 6.03038, 52.40999 ], [ 6.03021, 52.40998 ], [ 6.02999, 52.40991 ], [ 6.02993, 52.40981 ], [ 6.02912, 52.40961 ], [ 6.02882, 52.40961 ], [ 6.02874, 52.40923 ], [ 6.02878, 52.40896 ], [ 6.02884, 52.40872 ], [ 6.0297, 52.4083 ], [ 6.03093, 52.40775 ], [ 6.03034, 52.40764 ], [ 6.02994, 52.40761 ], [ 6.02928, 52.40749 ], [ 6.02905, 52.40732 ], [ 6.02889, 52.40726 ], [ 6.0286, 52.40723 ], [ 6.02822, 52.40712 ], [ 6.02786, 52.40688 ], [ 6.02775, 52.40677 ], [ 6.02775, 52.40664 ], [ 6.02772, 52.40656 ], [ 6.02719, 52.40634 ], [ 6.02712, 52.40626 ], [ 6.02714, 52.40619 ], [ 6.02728, 52.4061 ], [ 6.02732, 52.406 ], [ 6.02715, 52.40578 ], [ 6.02698, 52.40565 ], [ 6.02693, 52.40552 ], [ 6.02692, 52.40525 ], [ 6.02697, 52.40506 ], [ 6.02709, 52.40483 ], [ 6.02706, 52.40472 ], [ 6.02695, 52.40466 ], [ 6.02694, 52.40458 ], [ 6.02644, 52.40443 ], [ 6.02607, 52.40434 ], [ 6.02554, 52.40419 ], [ 6.02491, 52.404 ], [ 6.02631, 52.40355 ], [ 6.02694, 52.40333 ], [ 6.03124, 52.40192 ], [ 6.03079, 52.40132 ], [ 6.03047, 52.40135 ], [ 6.03022, 52.40119 ], [ 6.0295, 52.4001 ], [ 6.03292, 52.39964 ], [ 6.03308, 52.39955 ], [ 6.03326, 52.39932 ], [ 6.03341, 52.39919 ], [ 6.03451, 52.39868 ], [ 6.03471, 52.39871 ], [ 6.03611, 52.39803 ], [ 6.03602, 52.39799 ], [ 6.03578, 52.39793 ], [ 6.03589, 52.39766 ], [ 6.03624, 52.39772 ], [ 6.03636, 52.39766 ], [ 6.03775, 52.3971 ], [ 6.03842, 52.39679 ], [ 6.04098, 52.39574 ], [ 6.04141, 52.39598 ], [ 6.04156, 52.39594 ], [ 6.04168, 52.39589 ], [ 6.04206, 52.39561 ], [ 6.04236, 52.39554 ], [ 6.04233, 52.39544 ], [ 6.04211, 52.39529 ], [ 6.04224, 52.39524 ], [ 6.04229, 52.39514 ], [ 6.04237, 52.39507 ], [ 6.04242, 52.39497 ], [ 6.04251, 52.39489 ], [ 6.04277, 52.39477 ], [ 6.04294, 52.39475 ], [ 6.04308, 52.39477 ], [ 6.0432, 52.39484 ], [ 6.04346, 52.39504 ], [ 6.04443, 52.39461 ], [ 6.0448, 52.39447 ], [ 6.0458, 52.39431 ], [ 6.04645, 52.39407 ], [ 6.04687, 52.39438 ], [ 6.04725, 52.39458 ], [ 6.04791, 52.39524 ], [ 6.04812, 52.39561 ], [ 6.04859, 52.39578 ], [ 6.04873, 52.39588 ], [ 6.05378, 52.39478 ], [ 6.05485, 52.39451 ], [ 6.05564, 52.39434 ], [ 6.05428, 52.39198 ], [ 6.05548, 52.39098 ], [ 6.05653, 52.39147 ], [ 6.05728, 52.39198 ], [ 6.05853, 52.39316 ], [ 6.05921, 52.39411 ], [ 6.05596, 52.39481 ], [ 6.05674, 52.39606 ], [ 6.05967, 52.39541 ], [ 6.06021, 52.3954 ], [ 6.06056, 52.39559 ], [ 6.06162, 52.39689 ], [ 6.06371, 52.39917 ], [ 6.06457, 52.40051 ], [ 6.06498, 52.40131 ], [ 6.0653, 52.4018 ], [ 6.06545, 52.40222 ], [ 6.06544, 52.40231 ], [ 6.0654, 52.40232 ], [ 6.06465, 52.40212 ], [ 6.0625, 52.40188 ], [ 6.06197, 52.40179 ], [ 6.06119, 52.40172 ], [ 6.06098, 52.40183 ], [ 6.06088, 52.4018 ], [ 6.0605, 52.40201 ], [ 6.06033, 52.40203 ], [ 6.0597, 52.40263 ], [ 6.05934, 52.40279 ], [ 6.05793, 52.40306 ], [ 6.05679, 52.40384 ], [ 6.05644, 52.40401 ], [ 6.05495, 52.40442 ], [ 6.05445, 52.40442 ], [ 6.05438, 52.40452 ], [ 6.05549, 52.40588 ], [ 6.05571, 52.40603 ], [ 6.05588, 52.40626 ], [ 6.05666, 52.40714 ], [ 6.05777, 52.40848 ], [ 6.05834, 52.4092 ], [ 6.05801, 52.40927 ], [ 6.05757, 52.40959 ], [ 6.05604, 52.41148 ], [ 6.05606, 52.41168 ], [ 6.05648, 52.41208 ], [ 6.05729, 52.4126 ], [ 6.05765, 52.41296 ], [ 6.05795, 52.41333 ], [ 6.05837, 52.41363 ], [ 6.05817, 52.4138 ], [ 6.05785, 52.41393 ], [ 6.05754, 52.41397 ], [ 6.05704, 52.4142 ], [ 6.05674, 52.41442 ], [ 6.05745, 52.41554 ], [ 6.05768, 52.41599 ], [ 6.05776, 52.41626 ], [ 6.05572, 52.41729 ], [ 6.05573, 52.41737 ], [ 6.05545, 52.41754 ], [ 6.05545, 52.41757 ], [ 6.05498, 52.4178 ], [ 6.05516, 52.41803 ], [ 6.05536, 52.41825 ], [ 6.05566, 52.41848 ], [ 6.05565, 52.41874 ], [ 6.05554, 52.41891 ], [ 6.05544, 52.41902 ], [ 6.05563, 52.41914 ], [ 6.0557, 52.41922 ] ] } },
{ "type": "Feature", "properties": { "klompenpad_naam": "Valkschepad", "url": "https://klompenpaden.nl/klompenpaden/Valkschepad/a7df34f5-b94e-40f7-9d35-b2f9b21d3164", "date": null }, "geometry": { "type": "LineString", "coordinates": [ [ 5.68522, 52.11902 ], [ 5.68567, 52.11729 ], [ 5.68635, 52.11502 ], [ 5.68691, 52.1147 ], [ 5.68717, 52.11438 ], [ 5.68715, 52.1136 ], [ 5.68669, 52.11135 ], [ 5.68114, 52.11199 ], [ 5.6798, 52.11163 ], [ 5.67917, 52.11138 ], [ 5.67908, 52.11123 ], [ 5.67881, 52.11044 ], [ 5.67888, 52.11022 ], [ 5.6786, 52.10993 ], [ 5.67743, 52.10994 ], [ 5.6786, 52.10993 ], [ 5.67822, 52.10966 ], [ 5.6781, 52.1093 ], [ 5.67809, 52.10889 ], [ 5.67762, 52.10756 ], [ 5.6777, 52.10723 ], [ 5.67729, 52.10699 ], [ 5.67689, 52.10669 ], [ 5.67666, 52.10645 ], [ 5.67669, 52.10623 ], [ 5.67689, 52.10555 ], [ 5.67765, 52.10497 ], [ 5.67818, 52.10439 ], [ 5.67851, 52.10418 ], [ 5.6787, 52.10391 ], [ 5.67889, 52.10376 ], [ 5.67876, 52.10313 ], [ 5.67823, 52.10287 ], [ 5.67769, 52.10269 ], [ 5.67737, 52.1026 ], [ 5.67643, 52.10243 ], [ 5.67582, 52.10216 ], [ 5.67525, 52.10201 ], [ 5.67462, 52.10169 ], [ 5.67422, 52.10133 ], [ 5.67448, 52.10085 ], [ 5.67538, 52.10047 ], [ 5.67598, 52.10033 ], [ 5.67732, 52.09964 ], [ 5.67786, 52.09941 ], [ 5.67844, 52.0992 ], [ 5.6783, 52.09907 ], [ 5.67754, 52.09853 ], [ 5.67717, 52.09846 ], [ 5.67582, 52.0983 ], [ 5.67536, 52.09816 ], [ 5.67488, 52.09816 ], [ 5.67214, 52.09781 ], [ 5.67218, 52.09733 ], [ 5.67345, 52.09598 ], [ 5.67385, 52.0955 ], [ 5.67431, 52.09504 ], [ 5.67419, 52.095 ], [ 5.66902, 52.0943 ], [ 5.66909, 52.09411 ], [ 5.66795, 52.0935 ], [ 5.66815, 52.09313 ], [ 5.66871, 52.09283 ], [ 5.66873, 52.0922 ], [ 5.6689, 52.09198 ], [ 5.6686, 52.09178 ], [ 5.66844, 52.09177 ], [ 5.66803, 52.09193 ], [ 5.66716, 52.09261 ], [ 5.66681, 52.09267 ], [ 5.66476, 52.09481 ], [ 5.66461, 52.09486 ], [ 5.66366, 52.09461 ], [ 5.66221, 52.09645 ], [ 5.662, 52.09663 ], [ 5.66143, 52.09655 ], [ 5.66131, 52.09665 ], [ 5.66101, 52.09754 ], [ 5.66095, 52.09787 ], [ 5.66101, 52.09803 ], [ 5.66065, 52.09855 ], [ 5.66072, 52.09872 ], [ 5.66054, 52.09901 ], [ 5.66032, 52.09955 ], [ 5.66019, 52.09975 ], [ 5.65998, 52.09993 ], [ 5.65971, 52.09997 ], [ 5.65975, 52.10015 ], [ 5.65969, 52.10025 ], [ 5.65939, 52.10029 ], [ 5.65945, 52.10038 ], [ 5.66376, 52.1011 ], [ 5.66374, 52.10136 ], [ 5.66394, 52.10149 ], [ 5.66497, 52.10159 ], [ 5.66502, 52.1017 ], [ 5.66427, 52.10279 ], [ 5.66349, 52.10398 ], [ 5.66344, 52.10416 ], [ 5.6642, 52.10422 ], [ 5.66517, 52.10434 ], [ 5.66301, 52.10655 ], [ 5.66298, 52.10664 ], [ 5.66501, 52.10694 ], [ 5.66525, 52.10695 ], [ 5.66534, 52.10717 ], [ 5.66532, 52.10735 ], [ 5.66578, 52.10726 ], [ 5.6663, 52.10772 ], [ 5.66667, 52.10767 ], [ 5.66684, 52.10768 ], [ 5.66698, 52.10775 ], [ 5.66701, 52.108 ], [ 5.66712, 52.10824 ], [ 5.66727, 52.10847 ], [ 5.66755, 52.1086 ], [ 5.66765, 52.10884 ], [ 5.66794, 52.1091 ], [ 5.6719, 52.11062 ], [ 5.67274, 52.11542 ], [ 5.6761, 52.11521 ], [ 5.67636, 52.11652 ], [ 5.67651, 52.11654 ], [ 5.67668, 52.1175 ], [ 5.68052, 52.11756 ], [ 5.68059, 52.11762 ], [ 5.68271, 52.11676 ], [ 5.68567, 52.11729 ] ] } },
{ "type": "Feature", "properties": { "klompenpad_naam": "Ugcheler-Markepad", "url": "https://klompenpaden.nl/klompenpaden/Ugcheler-Markepad/665848fb-64a1-4dd6-9f0c-d539ba2332e6", "date": null }, "geometry": { "type": "LineString", "coordinates": [ [ 5.91219, 52.17883 ], [ 5.91203, 52.17888 ], [ 5.91166, 52.17878 ], [ 5.91121, 52.17858 ], [ 5.91086, 52.17836 ], [ 5.91026, 52.17817 ], [ 5.90928, 52.17806 ], [ 5.90828, 52.17797 ], [ 5.90868, 52.17734 ], [ 5.90882, 52.17716 ], [ 5.9094, 52.17689 ], [ 5.91008, 52.17678 ], [ 5.9107, 52.1766 ], [ 5.91103, 52.17655 ], [ 5.91137, 52.17656 ], [ 5.91174, 52.17661 ], [ 5.9117, 52.17639 ], [ 5.91132, 52.17604 ], [ 5.91109, 52.17592 ], [ 5.9106, 52.17586 ], [ 5.90995, 52.17569 ], [ 5.90953, 52.1757 ], [ 5.90904, 52.17585 ], [ 5.90594, 52.17512 ], [ 5.90559, 52.1753 ], [ 5.90531, 52.17533 ], [ 5.90479, 52.17547 ], [ 5.90448, 52.17548 ], [ 5.90382, 52.17577 ], [ 5.90285, 52.17712 ], [ 5.90202, 52.17729 ], [ 5.90098, 52.17685 ], [ 5.89794, 52.17667 ], [ 5.89634, 52.17786 ], [ 5.89506, 52.17634 ], [ 5.89874, 52.17556 ], [ 5.89847, 52.17514 ], [ 5.89714, 52.17389 ], [ 5.89695, 52.1736 ], [ 5.89898, 52.17354 ], [ 5.89937, 52.17347 ], [ 5.90001, 52.17318 ], [ 5.90038, 52.17327 ], [ 5.90266, 52.17364 ], [ 5.90285, 52.17349 ], [ 5.90327, 52.1733 ], [ 5.90365, 52.17318 ], [ 5.90409, 52.17312 ], [ 5.90474, 52.17307 ], [ 5.9052, 52.17308 ], [ 5.90601, 52.17301 ], [ 5.90666, 52.17299 ], [ 5.90798, 52.17277 ], [ 5.90817, 52.17269 ], [ 5.90803, 52.17227 ], [ 5.90794, 52.17195 ], [ 5.90798, 52.17177 ], [ 5.9083, 52.17153 ], [ 5.90743, 52.17076 ], [ 5.90846, 52.17041 ], [ 5.90965, 52.16988 ], [ 5.90929, 52.16963 ], [ 5.90868, 52.16915 ], [ 5.90844, 52.169 ], [ 5.90815, 52.16891 ], [ 5.90812, 52.16874 ], [ 5.90782, 52.16864 ], [ 5.90762, 52.16847 ], [ 5.90732, 52.16813 ], [ 5.90715, 52.16787 ], [ 5.90736, 52.16788 ], [ 5.90747, 52.16784 ], [ 5.90758, 52.16776 ], [ 5.90765, 52.16755 ], [ 5.90789, 52.16734 ], [ 5.90806, 52.16723 ], [ 5.90835, 52.1669 ], [ 5.9089, 52.16706 ], [ 5.90896, 52.16702 ], [ 5.90886, 52.16658 ], [ 5.9089, 52.16642 ], [ 5.90888, 52.16634 ], [ 5.90888, 52.16622 ], [ 5.90882, 52.16613 ], [ 5.90822, 52.16608 ], [ 5.90811, 52.16606 ], [ 5.90807, 52.16601 ], [ 5.90807, 52.16586 ], [ 5.90802, 52.1657 ], [ 5.90784, 52.16547 ], [ 5.9076, 52.16528 ], [ 5.90787, 52.16495 ], [ 5.9068, 52.16542 ], [ 5.90673, 52.16548 ], [ 5.90671, 52.16558 ], [ 5.90663, 52.16565 ], [ 5.90641, 52.16574 ], [ 5.90636, 52.1658 ], [ 5.90636, 52.16598 ], [ 5.90624, 52.16614 ], [ 5.9061, 52.16626 ], [ 5.90574, 52.16647 ], [ 5.90535, 52.16615 ], [ 5.90527, 52.16597 ], [ 5.90509, 52.16544 ], [ 5.90477, 52.16469 ], [ 5.90459, 52.16388 ], [ 5.90458, 52.1636 ], [ 5.90441, 52.1633 ], [ 5.90405, 52.16262 ], [ 5.90373, 52.16194 ], [ 5.90361, 52.16161 ], [ 5.90308, 52.16094 ], [ 5.90432, 52.16024 ], [ 5.90465, 52.16017 ], [ 5.90495, 52.16024 ], [ 5.90756, 52.16044 ], [ 5.90876, 52.16237 ], [ 5.90941, 52.16348 ], [ 5.91145, 52.16481 ], [ 5.91246, 52.1655 ], [ 5.91322, 52.16505 ], [ 5.91338, 52.16492 ], [ 5.91351, 52.16479 ], [ 5.91361, 52.16476 ], [ 5.91377, 52.16467 ], [ 5.9141, 52.16469 ], [ 5.91425, 52.16473 ], [ 5.91463, 52.16468 ], [ 5.91488, 52.16468 ], [ 5.91549, 52.1647 ], [ 5.91624, 52.16521 ], [ 5.91682, 52.16524 ], [ 5.91694, 52.16531 ], [ 5.91697, 52.16538 ], [ 5.91723, 52.16571 ], [ 5.91734, 52.1658 ], [ 5.91769, 52.16586 ], [ 5.91818, 52.16621 ], [ 5.91863, 52.16658 ], [ 5.91922, 52.16721 ], [ 5.91962, 52.16749 ], [ 5.92261, 52.16908 ], [ 5.92555, 52.16727 ], [ 5.92757, 52.1689 ], [ 5.9255, 52.16982 ], [ 5.92689, 52.17124 ], [ 5.92398, 52.17205 ], [ 5.921, 52.17275 ], [ 5.91809, 52.1721 ], [ 5.91815, 52.17216 ], [ 5.92457, 52.1753 ], [ 5.92482, 52.17547 ], [ 5.92497, 52.17564 ], [ 5.92284, 52.17646 ], [ 5.9222, 52.17667 ], [ 5.92141, 52.17687 ], [ 5.92089, 52.17695 ], [ 5.92091, 52.17671 ], [ 5.92035, 52.17627 ], [ 5.92014, 52.17609 ], [ 5.91992, 52.17598 ], [ 5.91957, 52.17591 ], [ 5.91951, 52.17585 ], [ 5.91952, 52.17576 ], [ 5.92005, 52.1757 ], [ 5.92017, 52.17559 ], [ 5.92018, 52.17551 ], [ 5.92004, 52.17537 ], [ 5.91952, 52.17516 ], [ 5.91943, 52.17503 ], [ 5.91935, 52.17486 ], [ 5.91931, 52.17461 ], [ 5.91924, 52.1745 ], [ 5.91909, 52.17447 ], [ 5.91904, 52.17444 ], [ 5.91899, 52.17438 ], [ 5.91899, 52.17426 ], [ 5.91891, 52.1742 ], [ 5.9189, 52.17413 ], [ 5.91886, 52.17407 ], [ 5.91868, 52.174 ], [ 5.91863, 52.17395 ], [ 5.91847, 52.17373 ], [ 5.91838, 52.17368 ], [ 5.9182, 52.1735 ], [ 5.91791, 52.17326 ], [ 5.91719, 52.17308 ], [ 5.91692, 52.17306 ], [ 5.91636, 52.17297 ], [ 5.91621, 52.17291 ], [ 5.91612, 52.17285 ], [ 5.91595, 52.17267 ], [ 5.91575, 52.17275 ], [ 5.91537, 52.17274 ], [ 5.91522, 52.1729 ], [ 5.91419, 52.17364 ], [ 5.91484, 52.17415 ], [ 5.91394, 52.17443 ], [ 5.91379, 52.17443 ], [ 5.91372, 52.17507 ], [ 5.91363, 52.17555 ], [ 5.91448, 52.17561 ], [ 5.91475, 52.17585 ], [ 5.91451, 52.17622 ], [ 5.9143, 52.17631 ], [ 5.91443, 52.17673 ], [ 5.91313, 52.17656 ], [ 5.9128, 52.17637 ], [ 5.91189, 52.17654 ], [ 5.91224, 52.17697 ], [ 5.91254, 52.17719 ], [ 5.91295, 52.17797 ], [ 5.91281, 52.17805 ], [ 5.91217, 52.17866 ], [ 5.91214, 52.17879 ], [ 5.91219, 52.17883 ] ] } },
{ "type": "Feature", "properties": { "klompenpad_naam": "Uddelermeerpad", "url": "https://klompenpaden.nl/klompenpaden/Uddelermeerpad/e3838f7d-3eac-47f4-91aa-77a2594a43e0", "date": null }, "geometry": { "type": "LineString", "coordinates": [ [ 5.76102, 52.24858 ], [ 5.76147, 52.24808 ], [ 5.76205, 52.24785 ], [ 5.76277, 52.24784 ], [ 5.76332, 52.24794 ], [ 5.76376, 52.24789 ], [ 5.76458, 52.24774 ], [ 5.7649, 52.24754 ], [ 5.76524, 52.24723 ], [ 5.76521, 52.24696 ], [ 5.76318, 52.24681 ], [ 5.76335, 52.2462 ], [ 5.76359, 52.24592 ], [ 5.76321, 52.24552 ], [ 5.76317, 52.245 ], [ 5.76293, 52.24445 ], [ 5.76421, 52.24348 ], [ 5.76572, 52.2422 ], [ 5.76616, 52.24142 ], [ 5.76648, 52.2408 ], [ 5.76337, 52.24014 ], [ 5.75734, 52.23991 ], [ 5.75764, 52.23666 ], [ 5.7548, 52.23642 ], [ 5.75316, 52.23358 ], [ 5.75234, 52.23332 ], [ 5.75166, 52.23316 ], [ 5.75237, 52.23177 ], [ 5.75297, 52.23115 ], [ 5.75364, 52.23081 ], [ 5.75447, 52.23088 ], [ 5.75618, 52.23147 ], [ 5.75673, 52.2307 ], [ 5.75861, 52.23086 ], [ 5.75894, 52.23101 ], [ 5.75884, 52.23186 ], [ 5.76059, 52.23188 ], [ 5.76027, 52.23355 ], [ 5.7603, 52.23362 ], [ 5.76303, 52.2337 ], [ 5.76318, 52.23355 ], [ 5.76665, 52.23382 ], [ 5.76823, 52.23396 ], [ 5.7682, 52.23428 ], [ 5.76868, 52.23436 ], [ 5.76962, 52.23441 ], [ 5.77001, 52.23384 ], [ 5.77217, 52.23431 ], [ 5.78701, 52.23614 ], [ 5.78651, 52.23675 ], [ 5.78543, 52.2382 ], [ 5.78749, 52.23864 ], [ 5.78787, 52.2387 ], [ 5.78854, 52.23905 ], [ 5.78907, 52.23929 ], [ 5.78917, 52.2394 ], [ 5.78368, 52.24514 ], [ 5.77694, 52.24732 ], [ 5.78115, 52.24822 ], [ 5.78061, 52.24965 ], [ 5.78109, 52.24972 ], [ 5.78034, 52.25138 ], [ 5.78167, 52.25189 ], [ 5.7822, 52.25222 ], [ 5.78398, 52.25295 ], [ 5.78464, 52.25337 ], [ 5.78486, 52.25342 ], [ 5.78518, 52.25345 ], [ 5.78563, 52.25356 ], [ 5.78729, 52.25426 ], [ 5.78995, 52.25457 ], [ 5.79387, 52.25526 ], [ 5.79536, 52.25604 ], [ 5.79616, 52.25747 ], [ 5.79711, 52.25929 ], [ 5.79766, 52.25968 ], [ 5.79822, 52.26048 ], [ 5.79822, 52.26246 ], [ 5.79727, 52.26388 ], [ 5.79696, 52.26394 ], [ 5.79667, 52.26393 ], [ 5.79527, 52.26372 ], [ 5.79494, 52.2636 ], [ 5.79217, 52.26238 ], [ 5.79147, 52.26214 ], [ 5.79084, 52.26184 ], [ 5.79046, 52.26159 ], [ 5.78916, 52.2612 ], [ 5.78878, 52.26115 ], [ 5.78475, 52.25946 ], [ 5.78384, 52.25949 ], [ 5.78361, 52.25887 ], [ 5.78332, 52.25845 ], [ 5.78244, 52.25768 ], [ 5.78132, 52.25825 ], [ 5.77897, 52.25924 ], [ 5.77863, 52.25936 ], [ 5.77673, 52.25958 ], [ 5.77678, 52.25944 ], [ 5.7694, 52.25884 ], [ 5.76994, 52.25732 ], [ 5.7632, 52.25687 ], [ 5.7634, 52.25613 ], [ 5.76356, 52.25522 ], [ 5.76364, 52.25459 ], [ 5.76181, 52.25446 ], [ 5.76188, 52.25434 ], [ 5.76194, 52.25428 ], [ 5.76146, 52.25411 ], [ 5.76095, 52.25381 ], [ 5.76048, 52.2537 ], [ 5.76062, 52.25332 ], [ 5.76089, 52.25299 ], [ 5.76139, 52.25275 ], [ 5.76164, 52.25111 ], [ 5.7617, 52.25086 ], [ 5.76158, 52.25087 ], [ 5.76136, 52.25084 ], [ 5.75979, 52.25094 ], [ 5.7598, 52.25082 ], [ 5.76034, 52.25 ], [ 5.76024, 52.24982 ], [ 5.76074, 52.24907 ], [ 5.76102, 52.24858 ] ] } },
{ "type": "Feature", "properties": { "klompenpad_naam": "Tuylermarkerpad", "url": "https://klompenpaden.nl/klompenpaden/Tuylermarkerpad/93cba80c-d1f2-4c7d-b3bc-1d27410ef8d7", "date": null }, "geometry": { "type": "LineString", "coordinates": [ [ 6.09878, 52.28344 ], [ 6.09889, 52.28332 ], [ 6.09928, 52.28316 ], [ 6.0994, 52.28297 ], [ 6.09966, 52.28235 ], [ 6.09981, 52.28205 ], [ 6.09993, 52.28194 ], [ 6.09987, 52.28175 ], [ 6.10039, 52.28152 ], [ 6.10081, 52.2811 ], [ 6.10155, 52.28042 ], [ 6.10305, 52.27909 ], [ 6.1036, 52.27873 ], [ 6.10346, 52.27853 ], [ 6.1034, 52.27839 ], [ 6.10342, 52.27825 ], [ 6.10367, 52.27752 ], [ 6.10484, 52.27469 ], [ 6.10499, 52.27428 ], [ 6.10513, 52.27396 ], [ 6.10522, 52.27382 ], [ 6.10537, 52.27363 ], [ 6.10566, 52.27317 ], [ 6.10581, 52.2729 ], [ 6.10586, 52.2726 ], [ 6.10574, 52.27176 ], [ 6.10869, 52.27267 ], [ 6.10915, 52.27251 ], [ 6.10974, 52.27233 ], [ 6.11056, 52.27171 ], [ 6.10903, 52.27076 ], [ 6.10925, 52.27071 ], [ 6.1094, 52.27065 ], [ 6.10961, 52.27052 ], [ 6.10971, 52.27038 ], [ 6.11002, 52.26863 ], [ 6.11015, 52.26827 ], [ 6.11052, 52.26739 ], [ 6.1108, 52.26683 ], [ 6.11093, 52.2662 ], [ 6.11106, 52.26582 ], [ 6.11116, 52.26558 ], [ 6.11101, 52.26548 ], [ 6.11062, 52.26543 ], [ 6.11165, 52.2632 ], [ 6.11279, 52.2634 ], [ 6.11339, 52.26348 ], [ 6.1138, 52.26357 ], [ 6.11428, 52.26373 ], [ 6.11499, 52.26412 ], [ 6.11598, 52.26471 ], [ 6.1163, 52.26487 ], [ 6.11781, 52.26526 ], [ 6.1182, 52.26494 ], [ 6.11862, 52.26471 ], [ 6.11943, 52.26454 ], [ 6.12142, 52.26509 ], [ 6.12197, 52.26491 ], [ 6.12229, 52.2649 ], [ 6.12251, 52.265 ], [ 6.12265, 52.26492 ], [ 6.12278, 52.26445 ], [ 6.12287, 52.26426 ], [ 6.12314, 52.26403 ], [ 6.12322, 52.26385 ], [ 6.12346, 52.26357 ], [ 6.12372, 52.26331 ], [ 6.12403, 52.26288 ], [ 6.12416, 52.26274 ], [ 6.12496, 52.26204 ], [ 6.12615, 52.26147 ], [ 6.1264, 52.26111 ], [ 6.12736, 52.26026 ], [ 6.12846, 52.2592 ], [ 6.12812, 52.25904 ], [ 6.12807, 52.25895 ], [ 6.12824, 52.2588 ], [ 6.12822, 52.25875 ], [ 6.12736, 52.25873 ], [ 6.12726, 52.25868 ], [ 6.12723, 52.25848 ], [ 6.12643, 52.25837 ], [ 6.12621, 52.25821 ], [ 6.12604, 52.25807 ], [ 6.12549, 52.25766 ], [ 6.12511, 52.25742 ], [ 6.12475, 52.25717 ], [ 6.12467, 52.25715 ], [ 6.12458, 52.25715 ], [ 6.12444, 52.25718 ], [ 6.12442, 52.25728 ], [ 6.12429, 52.25732 ], [ 6.12427, 52.25752 ], [ 6.12437, 52.2577 ], [ 6.12438, 52.25779 ], [ 6.12292, 52.25811 ], [ 6.12063, 52.25842 ], [ 6.12029, 52.25846 ], [ 6.12017, 52.25849 ], [ 6.11851, 52.25868 ], [ 6.11841, 52.25871 ], [ 6.1197, 52.25983 ], [ 6.11942, 52.26005 ], [ 6.11926, 52.26024 ], [ 6.11893, 52.26054 ], [ 6.11871, 52.26069 ], [ 6.11856, 52.26085 ], [ 6.11825, 52.26109 ], [ 6.11808, 52.26126 ], [ 6.11732, 52.26188 ], [ 6.11777, 52.26221 ], [ 6.11778, 52.26242 ], [ 6.11755, 52.26312 ], [ 6.11717, 52.26306 ], [ 6.11673, 52.26305 ], [ 6.11511, 52.2632 ], [ 6.11498, 52.26328 ], [ 6.11435, 52.26376 ], [ 6.11356, 52.26352 ], [ 6.11304, 52.26343 ], [ 6.11218, 52.2633 ], [ 6.10734, 52.26233 ], [ 6.10708, 52.2623 ], [ 6.10707, 52.26238 ], [ 6.10575, 52.26219 ], [ 6.10536, 52.26263 ], [ 6.10521, 52.26277 ], [ 6.10478, 52.26291 ], [ 6.10421, 52.26299 ], [ 6.10305, 52.2629 ], [ 6.10163, 52.26289 ], [ 6.1011, 52.26294 ], [ 6.10081, 52.26302 ], [ 6.1007, 52.26338 ], [ 6.10063, 52.26386 ], [ 6.10058, 52.26401 ], [ 6.10025, 52.26407 ], [ 6.10007, 52.26408 ], [ 6.09935, 52.26595 ], [ 6.09897, 52.26622 ], [ 6.09763, 52.26703 ], [ 6.09485, 52.26816 ], [ 6.09471, 52.26823 ], [ 6.09459, 52.26841 ], [ 6.09429, 52.269 ], [ 6.09379, 52.26994 ], [ 6.09224, 52.27265 ], [ 6.09153, 52.2737 ], [ 6.09141, 52.27409 ], [ 6.0904, 52.27585 ], [ 6.09055, 52.27587 ], [ 6.09056, 52.27592 ], [ 6.09064, 52.27595 ], [ 6.09227, 52.27622 ], [ 6.09285, 52.27633 ], [ 6.0935, 52.27665 ], [ 6.09439, 52.27703 ], [ 6.09509, 52.27718 ], [ 6.09636, 52.27737 ], [ 6.097, 52.27743 ], [ 6.09764, 52.27745 ], [ 6.09862, 52.27737 ], [ 6.09925, 52.27911 ], [ 6.10055, 52.27901 ], [ 6.10074, 52.27807 ], [ 6.10079, 52.27802 ], [ 6.10092, 52.27799 ], [ 6.10128, 52.27805 ], [ 6.10194, 52.27812 ], [ 6.10281, 52.27817 ], [ 6.10342, 52.27825 ], [ 6.10349, 52.27801 ], [ 6.10342, 52.27825 ] ] } },
{ "type": "Feature", "properties": { "klompenpad_naam": "Turfvelderpad", "url": "https://klompenpaden.nl/klompenpaden/Turfvelderpad/c2e095e6-641d-4085-92db-066d5cc9db50", "date": null }, "geometry": { "type": "LineString", "coordinates": [ [ 5.57644, 52.0617 ], [ 5.57642, 52.06142 ], [ 5.57733, 52.06132 ], [ 5.57708, 52.05899 ], [ 5.58387, 52.05848 ], [ 5.58381, 52.05818 ], [ 5.5838, 52.05805 ], [ 5.584, 52.058 ], [ 5.58473, 52.05794 ], [ 5.5847, 52.05781 ], [ 5.58963, 52.0574 ], [ 5.58978, 52.05808 ], [ 5.59155, 52.05794 ], [ 5.59165, 52.05884 ], [ 5.59254, 52.05879 ], [ 5.59258, 52.05931 ], [ 5.59207, 52.05934 ], [ 5.5921, 52.06024 ], [ 5.59285, 52.06026 ], [ 5.59374, 52.06023 ], [ 5.59373, 52.06092 ], [ 5.59356, 52.06197 ], [ 5.59355, 52.06229 ], [ 5.59362, 52.06267 ], [ 5.59913, 52.06271 ], [ 5.59911, 52.06316 ], [ 5.59987, 52.06318 ], [ 5.59982, 52.06395 ], [ 5.60135, 52.06401 ], [ 5.60138, 52.06459 ], [ 5.60131, 52.06464 ], [ 5.6012, 52.06489 ], [ 5.60103, 52.06566 ], [ 5.59098, 52.06524 ], [ 5.59142, 52.066 ], [ 5.59116, 52.06831 ], [ 5.5882, 52.06805 ], [ 5.58265, 52.06755 ], [ 5.57965, 52.06732 ], [ 5.58034, 52.0688 ], [ 5.58091, 52.07019 ], [ 5.58254, 52.07368 ], [ 5.58263, 52.07382 ], [ 5.58333, 52.07443 ], [ 5.58363, 52.07514 ], [ 5.58413, 52.07604 ], [ 5.58444, 52.07664 ], [ 5.58451, 52.07768 ], [ 5.58456, 52.07794 ], [ 5.58449, 52.07795 ], [ 5.58417, 52.07782 ], [ 5.58396, 52.07786 ], [ 5.58363, 52.07779 ], [ 5.58344, 52.07778 ], [ 5.58344, 52.07782 ], [ 5.58312, 52.07797 ], [ 5.58289, 52.07801 ], [ 5.58262, 52.07798 ], [ 5.58239, 52.07799 ], [ 5.58219, 52.07801 ], [ 5.58198, 52.07811 ], [ 5.58198, 52.07826 ], [ 5.58146, 52.07834 ], [ 5.5814, 52.07851 ], [ 5.57672, 52.07874 ], [ 5.57609, 52.07759 ], [ 5.57556, 52.07655 ], [ 5.57502, 52.07664 ], [ 5.57472, 52.07667 ], [ 5.5744, 52.0768 ], [ 5.57417, 52.07686 ], [ 5.5739, 52.07679 ], [ 5.5736, 52.07675 ], [ 5.5731, 52.07695 ], [ 5.57308, 52.07684 ], [ 5.57323, 52.07668 ], [ 5.57316, 52.07571 ], [ 5.57364, 52.07573 ], [ 5.57516, 52.07568 ], [ 5.57354, 52.07253 ], [ 5.57277, 52.07283 ], [ 5.57217, 52.07309 ], [ 5.5712, 52.07384 ], [ 5.56898, 52.07194 ], [ 5.56727, 52.07262 ], [ 5.56691, 52.07228 ], [ 5.56707, 52.07213 ], [ 5.56718, 52.07198 ], [ 5.56734, 52.07188 ], [ 5.56763, 52.0718 ], [ 5.56805, 52.07173 ], [ 5.56815, 52.07158 ], [ 5.56809, 52.0714 ], [ 5.568, 52.07125 ], [ 5.56802, 52.07115 ], [ 5.56798, 52.07099 ], [ 5.56779, 52.07084 ], [ 5.56754, 52.07077 ], [ 5.56709, 52.07076 ], [ 5.5667, 52.07085 ], [ 5.56603, 52.07123 ], [ 5.56573, 52.07134 ], [ 5.56477, 52.07144 ], [ 5.56437, 52.07154 ], [ 5.56414, 52.07162 ], [ 5.56396, 52.07146 ], [ 5.56322, 52.07162 ], [ 5.56269, 52.07178 ], [ 5.56321, 52.07213 ], [ 5.56317, 52.07218 ], [ 5.56264, 52.0722 ], [ 5.56249, 52.07228 ], [ 5.56203, 52.07228 ], [ 5.56194, 52.07233 ], [ 5.56199, 52.07251 ], [ 5.56111, 52.07309 ], [ 5.56015, 52.07214 ], [ 5.55907, 52.07103 ], [ 5.55909, 52.0709 ], [ 5.56067, 52.06852 ], [ 5.56066, 52.06793 ], [ 5.56063, 52.06781 ], [ 5.56076, 52.06778 ], [ 5.5607, 52.06723 ], [ 5.56059, 52.06712 ], [ 5.5605, 52.06699 ], [ 5.56029, 52.06624 ], [ 5.56021, 52.06572 ], [ 5.55997, 52.06375 ], [ 5.5604, 52.06375 ], [ 5.56059, 52.06365 ], [ 5.56505, 52.06315 ], [ 5.56521, 52.06305 ], [ 5.56521, 52.06277 ], [ 5.56523, 52.06272 ], [ 5.56534, 52.06265 ], [ 5.5686, 52.06231 ], [ 5.57215, 52.06187 ], [ 5.57604, 52.06146 ], [ 5.57612, 52.06173 ], [ 5.57644, 52.0617 ] ] } },
{ "type": "Feature", "properties": { "klompenpad_naam": "Thornspiccerpad", "url": "https://klompenpaden.nl/klompenpaden/Thornspiccerpad/650f9960-bdd4-4523-a3c2-9ed48fe27f59", "date": null }, "geometry": { "type": "LineString", "coordinates": [ [ 5.85771, 52.43844 ], [ 5.85875, 52.43871 ], [ 5.85977, 52.43925 ], [ 5.86069, 52.43982 ], [ 5.86134, 52.43796 ], [ 5.86132, 52.4377 ], [ 5.86122, 52.43738 ], [ 5.86131, 52.43697 ], [ 5.86183, 52.43546 ], [ 5.86156, 52.43541 ], [ 5.86193, 52.43499 ], [ 5.86278, 52.43435 ], [ 5.86334, 52.43385 ], [ 5.86372, 52.43336 ], [ 5.86412, 52.43268 ], [ 5.86414, 52.43234 ], [ 5.86409, 52.43193 ], [ 5.86391, 52.43155 ], [ 5.86496, 52.43184 ], [ 5.86606, 52.43064 ], [ 5.8665, 52.43032 ], [ 5.86684, 52.43001 ], [ 5.86627, 52.42998 ], [ 5.86517, 52.43053 ], [ 5.8647, 52.43045 ], [ 5.86447, 52.43032 ], [ 5.8646, 52.43022 ], [ 5.86608, 52.42852 ], [ 5.86613, 52.42836 ], [ 5.86612, 52.42821 ], [ 5.866, 52.42799 ], [ 5.86589, 52.42789 ], [ 5.86593, 52.42773 ], [ 5.86608, 52.42759 ], [ 5.86846, 52.42499 ], [ 5.86377, 52.42315 ], [ 5.86407, 52.42283 ], [ 5.86419, 52.42264 ], [ 5.86493, 52.42195 ], [ 5.86534, 52.42161 ], [ 5.86589, 52.42107 ], [ 5.86607, 52.42079 ], [ 5.86664, 52.42027 ], [ 5.86699, 52.42002 ], [ 5.86701, 52.4198 ], [ 5.86686, 52.41958 ], [ 5.86518, 52.41752 ], [ 5.86494, 52.41703 ], [ 5.85969, 52.41633 ], [ 5.85973, 52.41587 ], [ 5.85987, 52.41468 ], [ 5.86004, 52.41265 ], [ 5.8599, 52.41269 ], [ 5.85952, 52.41267 ], [ 5.85932, 52.41262 ], [ 5.85874, 52.4126 ], [ 5.85861, 52.41265 ], [ 5.85854, 52.41281 ], [ 5.85784, 52.41279 ], [ 5.85785, 52.41256 ], [ 5.85811, 52.41163 ], [ 5.85853, 52.4114 ], [ 5.85841, 52.41066 ], [ 5.85984, 52.40835 ], [ 5.8601, 52.40771 ], [ 5.85901, 52.40742 ], [ 5.85882, 52.40708 ], [ 5.8559, 52.40612 ], [ 5.85506, 52.4069 ], [ 5.85408, 52.40644 ], [ 5.85299, 52.40604 ], [ 5.85738, 52.40176 ], [ 5.85733, 52.40149 ], [ 5.85841, 52.40028 ], [ 5.85841, 52.39976 ], [ 5.85797, 52.39947 ], [ 5.85762, 52.39928 ], [ 5.85747, 52.39913 ], [ 5.85729, 52.39891 ], [ 5.85672, 52.39875 ], [ 5.85767, 52.3977 ], [ 5.85458, 52.39659 ], [ 5.85409, 52.39604 ], [ 5.85277, 52.39536 ], [ 5.85064, 52.39488 ], [ 5.84949, 52.39467 ], [ 5.84741, 52.39447 ], [ 5.84681, 52.39434 ], [ 5.84262, 52.39291 ], [ 5.84215, 52.39292 ], [ 5.84106, 52.39283 ], [ 5.84051, 52.39281 ], [ 5.83982, 52.39265 ], [ 5.83845, 52.39209 ], [ 5.83805, 52.39221 ], [ 5.8376, 52.39233 ], [ 5.83616, 52.39331 ], [ 5.8359, 52.39304 ], [ 5.83511, 52.39288 ], [ 5.83453, 52.39253 ], [ 5.8342, 52.39242 ], [ 5.8334, 52.39236 ], [ 5.83304, 52.39218 ], [ 5.833, 52.39187 ], [ 5.8325, 52.39136 ], [ 5.83205, 52.39104 ], [ 5.83056, 52.39211 ], [ 5.82962, 52.39547 ], [ 5.82951, 52.39545 ], [ 5.82872, 52.39788 ], [ 5.82805, 52.39986 ], [ 5.82812, 52.3999 ], [ 5.82876, 52.40001 ], [ 5.83032, 52.40004 ], [ 5.83052, 52.40007 ], [ 5.83063, 52.40014 ], [ 5.83046, 52.40041 ], [ 5.83032, 52.40059 ], [ 5.83029, 52.40075 ], [ 5.83037, 52.40088 ], [ 5.83028, 52.40103 ], [ 5.83054, 52.40116 ], [ 5.82995, 52.40174 ], [ 5.82937, 52.40176 ], [ 5.82903, 52.40194 ], [ 5.82863, 52.40251 ], [ 5.82772, 52.40399 ], [ 5.82657, 52.40561 ], [ 5.82496, 52.40667 ], [ 5.82414, 52.40643 ], [ 5.82393, 52.40652 ], [ 5.82274, 52.40788 ], [ 5.82151, 52.40893 ], [ 5.82168, 52.40895 ], [ 5.82236, 52.40917 ], [ 5.82237, 52.40935 ], [ 5.82312, 52.40953 ], [ 5.82496, 52.40948 ], [ 5.82425, 52.41037 ], [ 5.82396, 52.41053 ], [ 5.82378, 52.41086 ], [ 5.8235, 52.41123 ], [ 5.82304, 52.41139 ], [ 5.82256, 52.41167 ], [ 5.82248, 52.41197 ], [ 5.82202, 52.41228 ], [ 5.82194, 52.41257 ], [ 5.82172, 52.41281 ], [ 5.8215, 52.41285 ], [ 5.82132, 52.4133 ], [ 5.82056, 52.41419 ], [ 5.81979, 52.4149 ], [ 5.82, 52.41512 ], [ 5.81995, 52.41536 ], [ 5.81978, 52.4156 ], [ 5.8195, 52.41595 ], [ 5.81897, 52.41645 ], [ 5.81881, 52.41674 ], [ 5.81857, 52.41704 ], [ 5.81808, 52.41761 ], [ 5.81805, 52.4177 ], [ 5.81788, 52.41781 ], [ 5.81864, 52.41837 ], [ 5.81925, 52.41859 ], [ 5.82019, 52.41901 ], [ 5.82102, 52.41948 ], [ 5.82163, 52.41999 ], [ 5.82225, 52.42063 ], [ 5.82217, 52.42091 ], [ 5.82199, 52.421 ], [ 5.82216, 52.42112 ], [ 5.82195, 52.42125 ], [ 5.8213, 52.42255 ], [ 5.82091, 52.42343 ], [ 5.82032, 52.42408 ], [ 5.81999, 52.42497 ], [ 5.81933, 52.42595 ], [ 5.81934, 52.42603 ], [ 5.81888, 52.42707 ], [ 5.81886, 52.42737 ], [ 5.81893, 52.42814 ], [ 5.81889, 52.42825 ], [ 5.81847, 52.42911 ], [ 5.81792, 52.42968 ], [ 5.81708, 52.43027 ], [ 5.81589, 52.43082 ], [ 5.81536, 52.43121 ], [ 5.81523, 52.43137 ], [ 5.81439, 52.43293 ], [ 5.81425, 52.43316 ], [ 5.81394, 52.43343 ], [ 5.81375, 52.43358 ], [ 5.81306, 52.43392 ], [ 5.81255, 52.43431 ], [ 5.81257, 52.43448 ], [ 5.81511, 52.43607 ], [ 5.81568, 52.43665 ], [ 5.81624, 52.4371 ], [ 5.81817, 52.43855 ], [ 5.81892, 52.43917 ], [ 5.81918, 52.43933 ], [ 5.82037, 52.43989 ], [ 5.82153, 52.44067 ], [ 5.82252, 52.44138 ], [ 5.82394, 52.44238 ], [ 5.82463, 52.44291 ], [ 5.82527, 52.44349 ], [ 5.82548, 52.44374 ], [ 5.82602, 52.44384 ], [ 5.82584, 52.44416 ], [ 5.82592, 52.4443 ], [ 5.82689, 52.44523 ], [ 5.82794, 52.44612 ], [ 5.82849, 52.44661 ], [ 5.82857, 52.44678 ], [ 5.82945, 52.44772 ], [ 5.8295, 52.4478 ], [ 5.83029, 52.44767 ], [ 5.83084, 52.44752 ], [ 5.83222, 52.447 ], [ 5.8322, 52.4469 ], [ 5.83235, 52.44689 ], [ 5.83271, 52.44676 ], [ 5.83496, 52.44547 ], [ 5.8353, 52.4454 ], [ 5.83547, 52.4454 ], [ 5.83562, 52.44543 ], [ 5.8358, 52.44555 ], [ 5.83594, 52.44569 ], [ 5.83608, 52.44577 ], [ 5.83651, 52.44573 ], [ 5.83674, 52.44568 ], [ 5.83836, 52.44564 ], [ 5.83964, 52.44593 ], [ 5.84058, 52.44527 ], [ 5.84122, 52.44464 ], [ 5.84105, 52.44461 ], [ 5.83893, 52.44432 ], [ 5.83872, 52.44423 ], [ 5.83852, 52.4442 ], [ 5.83806, 52.4428 ], [ 5.83817, 52.44274 ], [ 5.83826, 52.44263 ], [ 5.83839, 52.44242 ], [ 5.8384, 52.44234 ], [ 5.83813, 52.44159 ], [ 5.83917, 52.441 ], [ 5.8396, 52.44026 ], [ 5.83936, 52.4389 ], [ 5.83608, 52.43677 ], [ 5.83641, 52.43573 ], [ 5.83658, 52.4357 ], [ 5.83654, 52.43542 ], [ 5.83883, 52.43573 ], [ 5.83895, 52.43571 ], [ 5.83898, 52.43578 ], [ 5.8391, 52.43578 ], [ 5.83913, 52.4357 ], [ 5.84082, 52.43608 ], [ 5.84252, 52.43643 ], [ 5.84272, 52.4365 ], [ 5.84675, 52.4369 ], [ 5.84746, 52.43492 ], [ 5.84765, 52.43496 ], [ 5.84763, 52.43525 ], [ 5.85189, 52.43609 ], [ 5.85171, 52.43661 ], [ 5.8519, 52.43665 ], [ 5.85117, 52.43875 ], [ 5.85623, 52.43852 ], [ 5.8572, 52.43845 ], [ 5.85742, 52.43846 ], [ 5.85771, 52.43844 ] ] } },
{ "type": "Feature", "properties": { "klompenpad_naam": "Teylingenpad", "url": "https://klompenpaden.nl/klompenpaden/Teylingenpad/cf153584-7d0c-47be-b4b8-d5df64f49e06", "date": null }, "geometry": { "type": "LineString", "coordinates": [ [ 4.90353, 52.12887 ], [ 4.90585, 52.12918 ], [ 4.90901, 52.12963 ], [ 4.91055, 52.12984 ], [ 4.91033, 52.13046 ], [ 4.91191, 52.13073 ], [ 4.9118, 52.13267 ], [ 4.91174, 52.1333 ], [ 4.91202, 52.13338 ], [ 4.91182, 52.138 ], [ 4.91172, 52.13972 ], [ 4.9063, 52.13959 ], [ 4.90547, 52.13958 ], [ 4.9032, 52.13949 ], [ 4.9032, 52.13917 ], [ 4.90109, 52.13915 ], [ 4.90108, 52.13947 ], [ 4.89334, 52.13925 ], [ 4.89334, 52.13899 ], [ 4.8931, 52.13898 ], [ 4.87316, 52.1388 ], [ 4.87316, 52.13873 ], [ 4.87285, 52.13858 ], [ 4.87251, 52.13852 ], [ 4.87218, 52.1385 ], [ 4.87183, 52.13855 ], [ 4.87156, 52.13853 ], [ 4.87143, 52.13838 ], [ 4.87141, 52.13817 ], [ 4.87131, 52.13792 ], [ 4.8713, 52.13771 ], [ 4.87131, 52.13741 ], [ 4.8712, 52.13697 ], [ 4.87103, 52.13649 ], [ 4.87082, 52.136 ], [ 4.87069, 52.1358 ], [ 4.87064, 52.13539 ], [ 4.87047, 52.13498 ], [ 4.87023, 52.13481 ], [ 4.86974, 52.13459 ], [ 4.86938, 52.13441 ], [ 4.8691, 52.13423 ], [ 4.86887, 52.13385 ], [ 4.86874, 52.13354 ], [ 4.86857, 52.13335 ], [ 4.86779, 52.13274 ], [ 4.86735, 52.13252 ], [ 4.86675, 52.13229 ], [ 4.86642, 52.13213 ], [ 4.86629, 52.13191 ], [ 4.8661, 52.13137 ], [ 4.86595, 52.13108 ], [ 4.86571, 52.13083 ], [ 4.86554, 52.13062 ], [ 4.86532, 52.1305 ], [ 4.86507, 52.13045 ], [ 4.86467, 52.13042 ], [ 4.86229, 52.13044 ], [ 4.86211, 52.13038 ], [ 4.86141, 52.12989 ], [ 4.86104, 52.12961 ], [ 4.86077, 52.12937 ], [ 4.8605, 52.12908 ], [ 4.86027, 52.12874 ], [ 4.86005, 52.12813 ], [ 4.85991, 52.12791 ], [ 4.85979, 52.12752 ], [ 4.85957, 52.12717 ], [ 4.85933, 52.1267 ], [ 4.85917, 52.12629 ], [ 4.859, 52.1257 ], [ 4.85894, 52.12541 ], [ 4.85885, 52.12517 ], [ 4.85859, 52.12464 ], [ 4.8584, 52.12403 ], [ 4.85838, 52.1236 ], [ 4.85834, 52.12338 ], [ 4.85824, 52.12305 ], [ 4.85812, 52.12274 ], [ 4.85811, 52.12254 ], [ 4.85814, 52.12227 ], [ 4.85837, 52.12198 ], [ 4.85857, 52.12161 ], [ 4.85874, 52.12071 ], [ 4.85878, 52.12032 ], [ 4.85894, 52.12002 ], [ 4.85914, 52.11977 ], [ 4.85948, 52.11943 ], [ 4.85985, 52.1191 ], [ 4.8601, 52.11882 ], [ 4.86023, 52.11854 ], [ 4.86077, 52.11777 ], [ 4.86113, 52.11721 ], [ 4.86161, 52.11671 ], [ 4.8621, 52.11626 ], [ 4.8633, 52.11441 ], [ 4.86384, 52.11392 ], [ 4.86415, 52.11346 ], [ 4.86421, 52.11328 ], [ 4.86441, 52.11295 ], [ 4.86449, 52.11276 ], [ 4.86446, 52.11242 ], [ 4.86427, 52.11171 ], [ 4.86399, 52.11141 ], [ 4.86376, 52.11121 ], [ 4.86364, 52.11075 ], [ 4.86361, 52.11049 ], [ 4.8637, 52.11025 ], [ 4.86382, 52.11004 ], [ 4.86418, 52.10977 ], [ 4.86447, 52.10951 ], [ 4.86513, 52.10885 ], [ 4.86522, 52.10865 ], [ 4.86531, 52.10841 ], [ 4.86523, 52.10819 ], [ 4.86531, 52.10799 ], [ 4.86551, 52.10775 ], [ 4.86606, 52.10727 ], [ 4.8664, 52.10694 ], [ 4.86695, 52.10649 ], [ 4.867, 52.10631 ], [ 4.86698, 52.10616 ], [ 4.86684, 52.1059 ], [ 4.8667, 52.10575 ], [ 4.86662, 52.10562 ], [ 4.86668, 52.10547 ], [ 4.86702, 52.10497 ], [ 4.86951, 52.105 ], [ 4.86982, 52.10502 ], [ 4.86988, 52.10508 ], [ 4.87032, 52.10506 ], [ 4.87042, 52.10572 ], [ 4.87069, 52.10575 ], [ 4.87239, 52.10578 ], [ 4.87676, 52.10578 ], [ 4.87777, 52.1058 ], [ 4.87982, 52.1058 ], [ 4.88035, 52.10577 ], [ 4.8827, 52.10578 ], [ 4.88396, 52.10577 ], [ 4.88417, 52.10578 ], [ 4.88438, 52.10577 ], [ 4.88463, 52.10572 ], [ 4.88582, 52.10574 ], [ 4.88583, 52.10522 ], [ 4.8861, 52.10523 ], [ 4.8862, 52.10529 ], [ 4.88626, 52.10579 ], [ 4.88667, 52.10582 ], [ 4.88939, 52.10582 ], [ 4.89407, 52.10584 ], [ 4.89409, 52.10594 ], [ 4.89407, 52.10646 ], [ 4.89407, 52.10772 ], [ 4.89403, 52.10839 ], [ 4.89404, 52.10929 ], [ 4.89406, 52.10984 ], [ 4.89405, 52.11041 ], [ 4.89411, 52.11083 ], [ 4.89413, 52.11166 ], [ 4.89408, 52.1127 ], [ 4.89399, 52.11304 ], [ 4.89395, 52.11323 ], [ 4.89391, 52.1153 ], [ 4.89389, 52.11562 ], [ 4.89385, 52.11592 ], [ 4.89388, 52.11665 ], [ 4.89384, 52.1172 ], [ 4.89386, 52.11791 ], [ 4.8938, 52.11913 ], [ 4.89383, 52.11981 ], [ 4.89382, 52.12158 ], [ 4.89378, 52.12238 ], [ 4.89371, 52.12301 ], [ 4.89375, 52.12441 ], [ 4.89373, 52.12505 ], [ 4.89364, 52.12528 ], [ 4.89393, 52.1253 ], [ 4.89392, 52.12593 ], [ 4.89387, 52.12646 ], [ 4.89393, 52.12733 ], [ 4.89391, 52.12795 ], [ 4.89388, 52.1284 ], [ 4.89387, 52.12905 ], [ 4.89437, 52.12906 ], [ 4.89511, 52.12913 ], [ 4.89601, 52.12929 ], [ 4.89959, 52.1298 ], [ 4.90099, 52.13002 ], [ 4.90103, 52.12985 ], [ 4.90103, 52.12972 ], [ 4.90095, 52.12956 ], [ 4.90072, 52.12926 ], [ 4.90092, 52.12872 ], [ 4.90172, 52.12859 ], [ 4.90209, 52.12862 ], [ 4.90345, 52.12875 ], [ 4.9035, 52.12884 ], [ 4.8931, 52.13898 ], [ 4.89309, 52.13913 ], [ 4.89026, 52.1391 ], [ 4.87322, 52.13874 ] ] } },
{ "type": "Feature", "properties": { "klompenpad_naam": "Terbroeksepad", "url": "https://klompenpaden.nl/klompenpaden/Terbroeksepad/890339eb-55ad-4341-901c-b58459ba6564", "date": null }, "geometry": { "type": "LineString", "coordinates": [ [ 5.51865, 52.16701 ], [ 5.51939, 52.16724 ], [ 5.51943, 52.16764 ], [ 5.51865, 52.16846 ], [ 5.51871, 52.16858 ], [ 5.52111, 52.16923 ], [ 5.52217, 52.1696 ], [ 5.52232, 52.16976 ], [ 5.52164, 52.17046 ], [ 5.51996, 52.17214 ], [ 5.51905, 52.1732 ], [ 5.51857, 52.17365 ], [ 5.52376, 52.17542 ], [ 5.52878, 52.17721 ], [ 5.52702, 52.1792 ], [ 5.52724, 52.17926 ], [ 5.52645, 52.18011 ], [ 5.53119, 52.18179 ], [ 5.53639, 52.18357 ], [ 5.53471, 52.18598 ], [ 5.5309, 52.18469 ], [ 5.52972, 52.18599 ], [ 5.52269, 52.18347 ], [ 5.52228, 52.1839 ], [ 5.52014, 52.18382 ], [ 5.52046, 52.1832 ], [ 5.51869, 52.18254 ], [ 5.51887, 52.18186 ], [ 5.51891, 52.18155 ], [ 5.51888, 52.18146 ], [ 5.51877, 52.18069 ], [ 5.51832, 52.17845 ], [ 5.51749, 52.17819 ], [ 5.51667, 52.17922 ], [ 5.51425, 52.17841 ], [ 5.51325, 52.1795 ], [ 5.51037, 52.17938 ], [ 5.50921, 52.18039 ], [ 5.5072, 52.18203 ], [ 5.50688, 52.18238 ], [ 5.50734, 52.18314 ], [ 5.50729, 52.18331 ], [ 5.50644, 52.18398 ], [ 5.5056, 52.18468 ], [ 5.50452, 52.18413 ], [ 5.50387, 52.18384 ], [ 5.50369, 52.184 ], [ 5.5026, 52.1836 ], [ 5.50102, 52.18489 ], [ 5.50046, 52.18466 ], [ 5.49982, 52.18521 ], [ 5.49969, 52.18516 ], [ 5.49821, 52.18498 ], [ 5.49812, 52.18507 ], [ 5.4977, 52.18489 ], [ 5.49773, 52.18484 ], [ 5.49735, 52.18461 ], [ 5.4985, 52.18373 ], [ 5.49596, 52.18263 ], [ 5.49541, 52.18223 ], [ 5.49529, 52.18202 ], [ 5.49598, 52.18197 ], [ 5.49585, 52.18153 ], [ 5.49594, 52.18153 ], [ 5.49546, 52.17961 ], [ 5.49559, 52.17954 ], [ 5.49621, 52.17853 ], [ 5.49713, 52.17729 ], [ 5.49743, 52.17698 ], [ 5.49767, 52.17665 ], [ 5.49954, 52.17688 ], [ 5.50131, 52.17755 ], [ 5.50141, 52.17747 ], [ 5.50147, 52.17733 ], [ 5.50182, 52.17697 ], [ 5.50183, 52.17685 ], [ 5.50209, 52.17657 ], [ 5.5022, 52.17655 ], [ 5.50262, 52.1761 ], [ 5.50278, 52.17617 ], [ 5.5033, 52.17633 ], [ 5.50336, 52.17627 ], [ 5.50372, 52.17644 ], [ 5.50456, 52.17626 ], [ 5.50502, 52.17632 ], [ 5.50587, 52.17537 ], [ 5.50669, 52.1758 ], [ 5.50685, 52.17575 ], [ 5.50692, 52.17566 ], [ 5.5073, 52.17578 ], [ 5.50762, 52.1758 ], [ 5.50793, 52.17597 ], [ 5.50811, 52.17595 ], [ 5.50943, 52.17638 ], [ 5.51056, 52.17502 ], [ 5.50888, 52.17432 ], [ 5.50739, 52.17372 ], [ 5.50922, 52.17193 ], [ 5.51262, 52.17301 ], [ 5.51438, 52.17111 ], [ 5.51503, 52.17042 ], [ 5.51584, 52.16962 ], [ 5.51661, 52.16879 ], [ 5.51738, 52.16791 ], [ 5.51783, 52.16745 ], [ 5.51865, 52.16701 ] ] } },
{ "type": "Feature", "properties": { "klompenpad_naam": "Teisterbantpad", "url": "https://klompenpaden.nl/klompenpaden/Teisterbantpad/aa6027f9-6a3a-4d70-9ab0-ffa4a2b3be1f", "date": null }, "geometry": { "type": "LineString", "coordinates": [ [ 5.37913, 51.89516 ], [ 5.3794, 51.89526 ], [ 5.37915, 51.89571 ], [ 5.37921, 51.89577 ], [ 5.37943, 51.89585 ], [ 5.37926, 51.8961 ], [ 5.37914, 51.89611 ], [ 5.37891, 51.89604 ], [ 5.37859, 51.89623 ], [ 5.37913, 51.89645 ], [ 5.38133, 51.89693 ], [ 5.38143, 51.89701 ], [ 5.38142, 51.89725 ], [ 5.38104, 51.89773 ], [ 5.38045, 51.8984 ], [ 5.38041, 51.89862 ], [ 5.38051, 51.89878 ], [ 5.38101, 51.89889 ], [ 5.38172, 51.899 ], [ 5.38175, 51.89995 ], [ 5.38152, 51.90073 ], [ 5.38127, 51.90137 ], [ 5.38068, 51.90161 ], [ 5.38, 51.90193 ], [ 5.37844, 51.90357 ], [ 5.37794, 51.90418 ], [ 5.38024, 51.90498 ], [ 5.3803, 51.9051 ], [ 5.38024, 51.90784 ], [ 5.3803, 51.9079 ], [ 5.38155, 51.90767 ], [ 5.3822, 51.9074 ], [ 5.38285, 51.90698 ], [ 5.38346, 51.90629 ], [ 5.38371, 51.90597 ], [ 5.384, 51.90585 ], [ 5.38611, 51.90658 ], [ 5.38669, 51.90662 ], [ 5.39009, 51.90664 ], [ 5.39162, 51.90652 ], [ 5.39232, 51.90632 ], [ 5.39286, 51.90624 ], [ 5.39288, 51.9063 ], [ 5.3928, 51.90639 ], [ 5.39298, 51.90644 ], [ 5.39633, 51.90793 ], [ 5.39633, 51.90806 ], [ 5.3947, 51.91022 ], [ 5.39161, 51.91443 ], [ 5.39048, 51.91421 ], [ 5.38941, 51.91406 ], [ 5.38838, 51.91372 ], [ 5.38819, 51.91387 ], [ 5.38567, 51.91333 ], [ 5.38444, 51.91438 ], [ 5.38435, 51.91545 ], [ 5.38732, 51.9164 ], [ 5.38432, 51.91878 ], [ 5.38394, 51.9186 ], [ 5.38377, 51.91867 ], [ 5.38332, 51.91848 ], [ 5.38075, 51.92052 ], [ 5.38117, 51.92065 ], [ 5.38106, 51.92075 ], [ 5.38161, 51.92093 ], [ 5.38771, 51.92347 ], [ 5.38793, 51.92297 ], [ 5.38892, 51.92217 ], [ 5.3895, 51.92244 ], [ 5.39033, 51.92262 ], [ 5.39442, 51.92338 ], [ 5.39485, 51.9235 ], [ 5.39497, 51.92332 ], [ 5.39538, 51.92343 ], [ 5.39644, 51.92256 ], [ 5.39588, 51.92242 ], [ 5.39842, 51.92031 ], [ 5.39864, 51.92044 ], [ 5.3988, 51.92033 ], [ 5.3976, 51.91968 ], [ 5.39653, 51.91921 ], [ 5.3958, 51.91862 ], [ 5.39593, 51.91854 ], [ 5.39598, 51.9184 ], [ 5.39941, 51.91635 ], [ 5.39887, 51.91618 ], [ 5.39848, 51.91595 ], [ 5.39878, 51.91568 ], [ 5.39913, 51.91527 ], [ 5.399, 51.91518 ], [ 5.39907, 51.91494 ], [ 5.39918, 51.91482 ], [ 5.39918, 51.91467 ], [ 5.39926, 51.91459 ], [ 5.39927, 51.91445 ], [ 5.39937, 51.91439 ], [ 5.39939, 51.91417 ], [ 5.39951, 51.91407 ], [ 5.39968, 51.91352 ], [ 5.3998, 51.91338 ], [ 5.39976, 51.91322 ], [ 5.39988, 51.91309 ], [ 5.39993, 51.91283 ], [ 5.4001, 51.91241 ], [ 5.4001, 51.91231 ], [ 5.39916, 51.91133 ], [ 5.39895, 51.91091 ], [ 5.39893, 51.91065 ], [ 5.39914, 51.91042 ], [ 5.40012, 51.90966 ], [ 5.40047, 51.90963 ], [ 5.40094, 51.90964 ], [ 5.40241, 51.90812 ], [ 5.40295, 51.90759 ], [ 5.4044, 51.90702 ], [ 5.40469, 51.90634 ], [ 5.40405, 51.90574 ], [ 5.40294, 51.90488 ], [ 5.40249, 51.90438 ], [ 5.40216, 51.90381 ], [ 5.40342, 51.9035 ], [ 5.40261, 51.9025 ], [ 5.40214, 51.90221 ], [ 5.40134, 51.90193 ], [ 5.40115, 51.90175 ], [ 5.40101, 51.90139 ], [ 5.40058, 51.90158 ], [ 5.39675, 51.90366 ], [ 5.39701, 51.90396 ], [ 5.39552, 51.90519 ], [ 5.39502, 51.90564 ], [ 5.3948, 51.90592 ], [ 5.39474, 51.90588 ], [ 5.39481, 51.90582 ], [ 5.39294, 51.90445 ], [ 5.392, 51.90378 ], [ 5.3887, 51.90211 ], [ 5.38602, 51.90069 ], [ 5.38358, 51.8995 ], [ 5.38383, 51.89891 ], [ 5.38198, 51.89864 ], [ 5.38211, 51.89836 ], [ 5.38274, 51.8978 ], [ 5.38309, 51.89726 ], [ 5.38335, 51.89647 ], [ 5.3823, 51.89611 ], [ 5.38187, 51.89584 ], [ 5.38108, 51.89556 ], [ 5.37939, 51.89504 ], [ 5.37922, 51.89501 ], [ 5.37911, 51.89516 ] ] } },
{ "type": "Feature", "properties": { "klompenpad_naam": "Stoutenburgerpad", "url": "https://klompenpaden.nl/klompenpaden/Stoutenburgerpad/ce174c0e-961d-42d3-8983-604bd95e1731", "date": null }, "geometry": { "type": "LineString", "coordinates": [ [ 5.4254, 52.15896 ], [ 5.42529, 52.15893 ], [ 5.42516, 52.15884 ], [ 5.42496, 52.15866 ], [ 5.42488, 52.15861 ], [ 5.42479, 52.15859 ], [ 5.42464, 52.15858 ], [ 5.42429, 52.15859 ], [ 5.42415, 52.15858 ], [ 5.42392, 52.15852 ], [ 5.42368, 52.15842 ], [ 5.42217, 52.15759 ], [ 5.42246, 52.15741 ], [ 5.4228, 52.15724 ], [ 5.42305, 52.15715 ], [ 5.42323, 52.15713 ], [ 5.42307, 52.15704 ], [ 5.423, 52.15691 ], [ 5.42219, 52.15636 ], [ 5.42197, 52.15595 ], [ 5.42189, 52.15589 ], [ 5.42117, 52.15562 ], [ 5.42024, 52.15549 ], [ 5.42003, 52.1554 ], [ 5.4198, 52.15536 ], [ 5.41931, 52.15534 ], [ 5.4184, 52.15494 ], [ 5.41823, 52.15489 ], [ 5.41806, 52.15482 ], [ 5.41794, 52.15473 ], [ 5.41792, 52.15464 ], [ 5.41795, 52.15456 ], [ 5.4181, 52.15447 ], [ 5.41817, 52.15441 ], [ 5.41828, 52.15422 ], [ 5.4184, 52.1541 ], [ 5.41853, 52.15408 ], [ 5.41865, 52.1541 ], [ 5.41891, 52.15422 ], [ 5.42219, 52.15221 ], [ 5.42026, 52.15103 ], [ 5.4192, 52.15025 ], [ 5.41912, 52.15017 ], [ 5.41915, 52.14988 ], [ 5.41925, 52.14968 ], [ 5.41939, 52.14952 ], [ 5.41989, 52.14926 ], [ 5.4197, 52.14906 ], [ 5.4212, 52.14878 ], [ 5.42168, 52.14865 ], [ 5.42356, 52.14864 ], [ 5.42511, 52.14871 ], [ 5.4254, 52.14868 ], [ 5.4257, 52.14862 ], [ 5.42615, 52.14835 ], [ 5.4304, 52.14865 ], [ 5.43324, 52.14901 ], [ 5.43386, 52.14903 ], [ 5.43532, 52.14894 ], [ 5.43581, 52.14895 ], [ 5.43776, 52.14934 ], [ 5.43833, 52.14944 ], [ 5.43898, 52.1495 ], [ 5.43928, 52.14969 ], [ 5.43926, 52.15011 ], [ 5.43929, 52.15069 ], [ 5.44217, 52.15001 ], [ 5.44929, 52.1521 ], [ 5.4491, 52.1523 ], [ 5.44928, 52.15251 ], [ 5.44941, 52.15249 ], [ 5.44954, 52.15249 ], [ 5.44968, 52.15254 ], [ 5.44973, 52.15264 ], [ 5.44993, 52.1526 ], [ 5.45013, 52.15259 ], [ 5.4502, 52.15264 ], [ 5.45022, 52.1527 ], [ 5.45017, 52.15278 ], [ 5.45011, 52.15281 ], [ 5.45032, 52.15282 ], [ 5.45116, 52.15374 ], [ 5.45145, 52.15298 ], [ 5.45166, 52.15232 ], [ 5.45155, 52.15199 ], [ 5.45087, 52.15133 ], [ 5.45104, 52.15126 ], [ 5.45058, 52.15079 ], [ 5.45036, 52.15084 ], [ 5.44981, 52.15035 ], [ 5.4502, 52.1499 ], [ 5.45215, 52.14954 ], [ 5.45243, 52.14957 ], [ 5.45324, 52.14946 ], [ 5.45244, 52.14777 ], [ 5.45334, 52.14787 ], [ 5.45481, 52.14819 ], [ 5.45549, 52.14842 ], [ 5.45824, 52.149 ], [ 5.46154, 52.15007 ], [ 5.46087, 52.1505 ], [ 5.46083, 52.15061 ], [ 5.46137, 52.15143 ], [ 5.46139, 52.15156 ], [ 5.46132, 52.15165 ], [ 5.46098, 52.15182 ], [ 5.46058, 52.15206 ], [ 5.46048, 52.15215 ], [ 5.46036, 52.15232 ], [ 5.46025, 52.15244 ], [ 5.46008, 52.15252 ], [ 5.45997, 52.15259 ], [ 5.45997, 52.15268 ], [ 5.46007, 52.15283 ], [ 5.46009, 52.15297 ], [ 5.45966, 52.153 ], [ 5.45931, 52.15306 ], [ 5.45861, 52.15332 ], [ 5.45636, 52.15428 ], [ 5.45572, 52.15458 ], [ 5.45567, 52.15466 ], [ 5.45566, 52.15472 ], [ 5.4555, 52.15469 ], [ 5.45463, 52.1551 ], [ 5.4544, 52.15525 ], [ 5.45432, 52.15541 ], [ 5.45415, 52.15592 ], [ 5.45395, 52.15612 ], [ 5.45358, 52.15638 ], [ 5.45324, 52.1563 ], [ 5.45159, 52.1571 ], [ 5.45058, 52.15748 ], [ 5.44965, 52.15762 ], [ 5.44903, 52.15779 ], [ 5.44862, 52.15809 ], [ 5.44752, 52.15898 ], [ 5.44658, 52.15966 ], [ 5.44631, 52.15979 ], [ 5.44603, 52.15981 ], [ 5.44522, 52.1598 ], [ 5.44521, 52.16005 ], [ 5.44504, 52.16007 ], [ 5.44481, 52.16014 ], [ 5.44457, 52.16028 ], [ 5.4441, 52.16069 ], [ 5.44372, 52.16096 ], [ 5.4427, 52.16155 ], [ 5.44229, 52.16169 ], [ 5.44094, 52.16163 ], [ 5.44153, 52.16186 ], [ 5.44216, 52.16234 ], [ 5.44241, 52.1625 ], [ 5.44224, 52.16262 ], [ 5.44222, 52.16267 ], [ 5.44224, 52.16281 ], [ 5.43999, 52.16288 ], [ 5.4395, 52.16291 ], [ 5.43905, 52.16302 ], [ 5.43873, 52.16318 ], [ 5.43837, 52.16346 ], [ 5.43792, 52.16408 ], [ 5.43777, 52.16439 ], [ 5.4371, 52.16551 ], [ 5.4365, 52.16535 ], [ 5.43615, 52.16514 ], [ 5.43578, 52.16497 ], [ 5.4349, 52.1648 ], [ 5.43491, 52.16426 ], [ 5.43502, 52.16408 ], [ 5.43542, 52.16381 ], [ 5.4356, 52.1636 ], [ 5.43572, 52.16342 ], [ 5.43581, 52.16321 ], [ 5.43581, 52.16309 ], [ 5.43574, 52.16302 ], [ 5.43535, 52.16294 ], [ 5.43513, 52.16285 ], [ 5.43501, 52.16273 ], [ 5.43484, 52.16239 ], [ 5.43459, 52.162 ], [ 5.43456, 52.16182 ], [ 5.43463, 52.16167 ], [ 5.43488, 52.16148 ], [ 5.43502, 52.1613 ], [ 5.43503, 52.16116 ], [ 5.43499, 52.16103 ], [ 5.4347, 52.16079 ], [ 5.4345, 52.16049 ], [ 5.43418, 52.16013 ], [ 5.43392, 52.15991 ], [ 5.4334, 52.15956 ], [ 5.43284, 52.15935 ], [ 5.43186, 52.15913 ], [ 5.43034, 52.15887 ], [ 5.42883, 52.15874 ], [ 5.4273, 52.15863 ], [ 5.42697, 52.15859 ], [ 5.42679, 52.15854 ], [ 5.4267, 52.15849 ], [ 5.42656, 52.15849 ], [ 5.42644, 52.15854 ], [ 5.42565, 52.159 ], [ 5.4254, 52.15896 ] ] } },
{ "type": "Feature", "properties": { "klompenpad_naam": "Stoetwegenpad", "url": "https://klompenpaden.nl/klompenpaden/Stoetwegenpad/9de6fb16-0eb7-4c2e-98d6-ba6db364145f", "date": null }, "geometry": { "type": "LineString", "coordinates": [ [ 5.25981, 52.06655 ], [ 5.26017, 52.06675 ], [ 5.26031, 52.06686 ], [ 5.26005, 52.06698 ], [ 5.2599, 52.06709 ], [ 5.25986, 52.06715 ], [ 5.25979, 52.06721 ], [ 5.25987, 52.06729 ], [ 5.25993, 52.06777 ], [ 5.26027, 52.06772 ], [ 5.26051, 52.06773 ], [ 5.26078, 52.0679 ], [ 5.26098, 52.06813 ], [ 5.26111, 52.0685 ], [ 5.26125, 52.06948 ], [ 5.26134, 52.06963 ], [ 5.26243, 52.07017 ], [ 5.2624, 52.07039 ], [ 5.26224, 52.07053 ], [ 5.26198, 52.0706 ], [ 5.26176, 52.07063 ], [ 5.26142, 52.07055 ], [ 5.2612, 52.07044 ], [ 5.26104, 52.07021 ], [ 5.26065, 52.06945 ], [ 5.26052, 52.06931 ], [ 5.26032, 52.06922 ], [ 5.2599, 52.06918 ], [ 5.25956, 52.06918 ], [ 5.25948, 52.06929 ], [ 5.25928, 52.06944 ], [ 5.25863, 52.06981 ], [ 5.25793, 52.07013 ], [ 5.2575, 52.06997 ], [ 5.25603, 52.06975 ], [ 5.25498, 52.07055 ], [ 5.25465, 52.07044 ], [ 5.2536, 52.0713 ], [ 5.25047, 52.06902 ], [ 5.24976, 52.06846 ], [ 5.24671, 52.06616 ], [ 5.24248, 52.06849 ], [ 5.24389, 52.06959 ], [ 5.23819, 52.07525 ], [ 5.23819, 52.07535 ], [ 5.23839, 52.07546 ], [ 5.23821, 52.07557 ], [ 5.2365, 52.07443 ], [ 5.2363, 52.07438 ], [ 5.23574, 52.07458 ], [ 5.23556, 52.07457 ], [ 5.23372, 52.07333 ], [ 5.23304, 52.07283 ], [ 5.23302, 52.07277 ], [ 5.23307, 52.07273 ], [ 5.23494, 52.07165 ], [ 5.23442, 52.07129 ], [ 5.23458, 52.07116 ], [ 5.234, 52.07074 ], [ 5.23379, 52.07067 ], [ 5.23341, 52.07071 ], [ 5.23146, 52.07107 ], [ 5.23089, 52.07068 ], [ 5.23055, 52.07084 ], [ 5.23045, 52.07078 ], [ 5.2306, 52.07051 ], [ 5.231, 52.07025 ], [ 5.23109, 52.07009 ], [ 5.2311, 52.06983 ], [ 5.23084, 52.06944 ], [ 5.23057, 52.06917 ], [ 5.23062, 52.06898 ], [ 5.22962, 52.06824 ], [ 5.22838, 52.06745 ], [ 5.228, 52.06706 ], [ 5.22547, 52.06524 ], [ 5.22449, 52.06518 ], [ 5.22364, 52.06556 ], [ 5.22176, 52.06425 ], [ 5.22151, 52.06398 ], [ 5.22133, 52.06392 ], [ 5.21649, 52.06059 ], [ 5.21761, 52.05981 ], [ 5.21851, 52.05924 ], [ 5.21977, 52.05855 ], [ 5.22096, 52.05801 ], [ 5.22184, 52.05765 ], [ 5.22271, 52.05717 ], [ 5.2233, 52.05709 ], [ 5.22546, 52.05693 ], [ 5.22617, 52.05704 ], [ 5.22649, 52.05718 ], [ 5.22748, 52.05731 ], [ 5.22805, 52.05745 ], [ 5.22859, 52.05761 ], [ 5.22944, 52.05771 ], [ 5.23189, 52.0581 ], [ 5.23357, 52.05794 ], [ 5.2343, 52.058 ], [ 5.23471, 52.05813 ], [ 5.23516, 52.05817 ], [ 5.23646, 52.05812 ], [ 5.23678, 52.05813 ], [ 5.23933, 52.05771 ], [ 5.23978, 52.05765 ], [ 5.24019, 52.05757 ], [ 5.24052, 52.0574 ], [ 5.24101, 52.05706 ], [ 5.24146, 52.05686 ], [ 5.24183, 52.05665 ], [ 5.24251, 52.05599 ], [ 5.24265, 52.05606 ], [ 5.24222, 52.05663 ], [ 5.24194, 52.05696 ], [ 5.2405, 52.0577 ], [ 5.24013, 52.05781 ], [ 5.24045, 52.05809 ], [ 5.24073, 52.05823 ], [ 5.24116, 52.05826 ], [ 5.24167, 52.05874 ], [ 5.24167, 52.05891 ], [ 5.2431, 52.06016 ], [ 5.24346, 52.06017 ], [ 5.2437, 52.0602 ], [ 5.24449, 52.06081 ], [ 5.24578, 52.06176 ], [ 5.24992, 52.06048 ], [ 5.25014, 52.06043 ], [ 5.25194, 52.0619 ], [ 5.25228, 52.0621 ], [ 5.25468, 52.06268 ], [ 5.25599, 52.06284 ], [ 5.2563, 52.06285 ], [ 5.25653, 52.06305 ], [ 5.25707, 52.06462 ], [ 5.25734, 52.06468 ], [ 5.25859, 52.06451 ], [ 5.25905, 52.06455 ], [ 5.25978, 52.0649 ], [ 5.26014, 52.06515 ], [ 5.26027, 52.06532 ], [ 5.26009, 52.06549 ], [ 5.25967, 52.06565 ], [ 5.259, 52.06585 ], [ 5.25872, 52.06598 ], [ 5.25842, 52.06631 ], [ 5.25869, 52.06649 ], [ 5.25911, 52.06673 ], [ 5.25913, 52.06683 ], [ 5.25934, 52.06699 ], [ 5.25959, 52.06706 ], [ 5.25979, 52.06721 ] ] } },
{ "type": "Feature", "properties": { "klompenpad_naam": "Speuldepad", "url": "https://klompenpaden.nl/klompenpaden/Speuldepad/fca189a5-6289-49c4-8bc0-ac63420728a1", "date": null }, "geometry": { "type": "LineString", "coordinates": [ [ 5.71936, 52.26665 ], [ 5.73584, 52.26703 ], [ 5.73587, 52.267 ], [ 5.73604, 52.267 ], [ 5.7362, 52.26703 ], [ 5.73659, 52.26701 ], [ 5.73688, 52.26707 ], [ 5.73799, 52.26732 ], [ 5.73845, 52.26744 ], [ 5.73879, 52.26757 ], [ 5.73934, 52.26796 ], [ 5.7407, 52.26884 ], [ 5.74113, 52.26904 ], [ 5.74209, 52.2691 ], [ 5.74234, 52.26918 ], [ 5.74248, 52.26934 ], [ 5.74367, 52.27118 ], [ 5.74454, 52.27128 ], [ 5.74635, 52.27164 ], [ 5.74634, 52.27174 ], [ 5.7462, 52.27188 ], [ 5.74615, 52.27242 ], [ 5.74642, 52.27255 ], [ 5.74637, 52.27291 ], [ 5.74632, 52.27314 ], [ 5.74615, 52.27348 ], [ 5.74608, 52.27358 ], [ 5.74572, 52.27432 ], [ 5.74553, 52.27477 ], [ 5.74538, 52.27523 ], [ 5.74518, 52.27661 ], [ 5.7451, 52.27703 ], [ 5.74509, 52.27731 ], [ 5.74523, 52.27757 ], [ 5.74422, 52.27763 ], [ 5.74375, 52.27762 ], [ 5.74343, 52.27757 ], [ 5.74324, 52.27746 ], [ 5.74284, 52.27757 ], [ 5.74184, 52.27833 ], [ 5.74214, 52.28037 ], [ 5.74225, 52.28116 ], [ 5.74235, 52.28115 ], [ 5.74247, 52.28202 ], [ 5.7426, 52.28217 ], [ 5.74265, 52.2823 ], [ 5.74253, 52.28274 ], [ 5.74267, 52.28292 ], [ 5.74225, 52.28328 ], [ 5.74247, 52.28361 ], [ 5.74278, 52.284 ], [ 5.74283, 52.28418 ], [ 5.74253, 52.28418 ], [ 5.74253, 52.28404 ], [ 5.74248, 52.28397 ], [ 5.74234, 52.28393 ], [ 5.74195, 52.28385 ], [ 5.74169, 52.28386 ], [ 5.74151, 52.28382 ], [ 5.74119, 52.28358 ], [ 5.741, 52.28369 ], [ 5.74067, 52.28359 ], [ 5.74016, 52.28362 ], [ 5.74014, 52.28378 ], [ 5.74021, 52.28394 ], [ 5.74011, 52.28401 ], [ 5.73937, 52.28404 ], [ 5.73909, 52.28432 ], [ 5.73881, 52.28496 ], [ 5.73883, 52.28506 ], [ 5.73866, 52.28513 ], [ 5.73843, 52.28514 ], [ 5.73827, 52.28513 ], [ 5.73814, 52.28517 ], [ 5.73805, 52.28516 ], [ 5.73799, 52.28508 ], [ 5.73757, 52.28517 ], [ 5.73729, 52.28514 ], [ 5.73723, 52.28521 ], [ 5.73681, 52.28513 ], [ 5.73656, 52.28504 ], [ 5.73628, 52.28498 ], [ 5.73477, 52.28473 ], [ 5.73459, 52.28485 ], [ 5.73427, 52.28528 ], [ 5.73408, 52.28559 ], [ 5.73377, 52.28602 ], [ 5.73358, 52.28621 ], [ 5.73329, 52.28633 ], [ 5.73325, 52.28639 ], [ 5.73333, 52.2866 ], [ 5.73317, 52.28675 ], [ 5.73281, 52.28698 ], [ 5.73268, 52.28716 ], [ 5.73277, 52.28728 ], [ 5.73303, 52.28748 ], [ 5.73318, 52.28767 ], [ 5.73315, 52.28778 ], [ 5.73315, 52.28792 ], [ 5.73308, 52.28812 ], [ 5.73303, 52.28821 ], [ 5.73243, 52.28839 ], [ 5.73228, 52.2885 ], [ 5.73223, 52.28884 ], [ 5.73207, 52.28915 ], [ 5.732, 52.28924 ], [ 5.73179, 52.2894 ], [ 5.73087, 52.28941 ], [ 5.73064, 52.28934 ], [ 5.72959, 52.28883 ], [ 5.72902, 52.2886 ], [ 5.7289, 52.28857 ], [ 5.72837, 52.28912 ], [ 5.72755, 52.29 ], [ 5.72739, 52.29014 ], [ 5.72703, 52.29039 ], [ 5.72659, 52.29061 ], [ 5.72608, 52.29075 ], [ 5.72604, 52.29087 ], [ 5.72604, 52.29115 ], [ 5.72619, 52.29139 ], [ 5.72628, 52.29151 ], [ 5.7269, 52.29178 ], [ 5.72699, 52.29188 ], [ 5.727, 52.29204 ], [ 5.72729, 52.29243 ], [ 5.72754, 52.29268 ], [ 5.7275, 52.29289 ], [ 5.72739, 52.29316 ], [ 5.7271, 52.29339 ], [ 5.72695, 52.29355 ], [ 5.72667, 52.29367 ], [ 5.72632, 52.29372 ], [ 5.72607, 52.29383 ], [ 5.72573, 52.29409 ], [ 5.72564, 52.29442 ], [ 5.72549, 52.2945 ], [ 5.72529, 52.29464 ], [ 5.7252, 52.29481 ], [ 5.72497, 52.29516 ], [ 5.72471, 52.29546 ], [ 5.72448, 52.29564 ], [ 5.72379, 52.29625 ], [ 5.72354, 52.29652 ], [ 5.72348, 52.29662 ], [ 5.72366, 52.29725 ], [ 5.72365, 52.29742 ], [ 5.72295, 52.29751 ], [ 5.72244, 52.29759 ], [ 5.72219, 52.29787 ], [ 5.72067, 52.2979 ], [ 5.72046, 52.29755 ], [ 5.71934, 52.29774 ], [ 5.71905, 52.29796 ], [ 5.71911, 52.29839 ], [ 5.71899, 52.29847 ], [ 5.71851, 52.29859 ], [ 5.71836, 52.29873 ], [ 5.71821, 52.299 ], [ 5.7182, 52.29919 ], [ 5.71864, 52.29919 ], [ 5.71875, 52.29937 ], [ 5.71916, 52.2998 ], [ 5.71924, 52.30003 ], [ 5.71948, 52.30019 ], [ 5.71957, 52.30034 ], [ 5.71967, 52.30044 ], [ 5.71967, 52.30056 ], [ 5.71949, 52.30065 ], [ 5.71967, 52.30098 ], [ 5.71936, 52.301 ], [ 5.71887, 52.30095 ], [ 5.71839, 52.30095 ], [ 5.71828, 52.30089 ], [ 5.71783, 52.30033 ], [ 5.71731, 52.29961 ], [ 5.71715, 52.29944 ], [ 5.71588, 52.299 ], [ 5.71556, 52.29886 ], [ 5.71537, 52.29873 ], [ 5.71493, 52.29824 ], [ 5.71469, 52.29809 ], [ 5.71425, 52.29789 ], [ 5.71364, 52.29768 ], [ 5.71305, 52.29744 ], [ 5.71253, 52.29716 ], [ 5.71222, 52.2967 ], [ 5.71213, 52.29655 ], [ 5.71205, 52.29623 ], [ 5.71193, 52.29599 ], [ 5.71119, 52.29525 ], [ 5.71117, 52.29504 ], [ 5.71102, 52.29485 ], [ 5.71078, 52.2946 ], [ 5.71076, 52.29424 ], [ 5.71064, 52.29402 ], [ 5.71043, 52.29374 ], [ 5.70991, 52.29312 ], [ 5.70962, 52.293 ], [ 5.70907, 52.29274 ], [ 5.70864, 52.29225 ], [ 5.70813, 52.29177 ], [ 5.70781, 52.29156 ], [ 5.70357, 52.28995 ], [ 5.70127, 52.28912 ], [ 5.70145, 52.28842 ], [ 5.70045, 52.28777 ], [ 5.69957, 52.28716 ], [ 5.7051, 52.28525 ], [ 5.70457, 52.28358 ], [ 5.70427, 52.28286 ], [ 5.70416, 52.28232 ], [ 5.70383, 52.28126 ], [ 5.70369, 52.281 ], [ 5.70391, 52.28094 ], [ 5.70384, 52.2808 ], [ 5.70367, 52.28074 ], [ 5.70371, 52.28056 ], [ 5.70322, 52.27886 ], [ 5.70298, 52.27907 ], [ 5.70265, 52.2792 ], [ 5.70254, 52.27944 ], [ 5.70146, 52.2791 ], [ 5.70107, 52.27915 ], [ 5.70076, 52.27908 ], [ 5.70055, 52.27901 ], [ 5.70005, 52.27893 ], [ 5.69973, 52.2788 ], [ 5.6995, 52.27874 ], [ 5.69898, 52.27864 ], [ 5.69801, 52.27848 ], [ 5.69754, 52.27835 ], [ 5.69688, 52.2782 ], [ 5.69606, 52.27805 ], [ 5.69532, 52.27802 ], [ 5.69427, 52.27815 ], [ 5.69385, 52.27812 ], [ 5.69469, 52.2774 ], [ 5.69481, 52.27737 ], [ 5.69488, 52.27728 ], [ 5.6949, 52.27721 ], [ 5.69489, 52.27713 ], [ 5.69491, 52.2769 ], [ 5.69507, 52.27668 ], [ 5.69515, 52.27659 ], [ 5.69516, 52.27653 ], [ 5.69528, 52.2764 ], [ 5.69546, 52.2764 ], [ 5.696, 52.27631 ], [ 5.69613, 52.27628 ], [ 5.69617, 52.27616 ], [ 5.696, 52.27598 ], [ 5.69585, 52.27574 ], [ 5.69584, 52.27558 ], [ 5.69607, 52.27547 ], [ 5.6967, 52.27538 ], [ 5.69693, 52.27531 ], [ 5.69713, 52.27531 ], [ 5.69728, 52.27527 ], [ 5.69749, 52.27514 ], [ 5.69752, 52.27506 ], [ 5.69747, 52.27498 ], [ 5.69746, 52.27488 ], [ 5.69748, 52.27477 ], [ 5.6977, 52.27456 ], [ 5.69775, 52.27443 ], [ 5.69739, 52.27429 ], [ 5.69686, 52.2742 ], [ 5.69653, 52.27419 ], [ 5.69627, 52.27408 ], [ 5.69645, 52.27401 ], [ 5.69663, 52.27375 ], [ 5.69699, 52.27351 ], [ 5.69717, 52.27326 ], [ 5.69747, 52.27273 ], [ 5.69771, 52.27261 ], [ 5.69839, 52.27244 ], [ 5.69868, 52.27231 ], [ 5.69923, 52.27181 ], [ 5.69947, 52.27153 ], [ 5.69935, 52.27132 ], [ 5.69849, 52.27072 ], [ 5.69764, 52.27008 ], [ 5.69713, 52.26973 ], [ 5.69672, 52.26949 ], [ 5.69638, 52.26937 ], [ 5.69567, 52.26917 ], [ 5.69566, 52.26708 ], [ 5.69715, 52.26726 ], [ 5.69764, 52.26727 ], [ 5.69807, 52.26722 ], [ 5.69826, 52.26723 ], [ 5.69909, 52.26729 ], [ 5.69909, 52.26731 ], [ 5.69925, 52.26732 ], [ 5.69926, 52.26728 ], [ 5.70129, 52.2674 ], [ 5.70171, 52.26749 ], [ 5.70399, 52.26755 ], [ 5.70405, 52.26749 ], [ 5.70409, 52.26661 ], [ 5.70414, 52.26636 ], [ 5.70439, 52.26581 ], [ 5.70475, 52.26514 ], [ 5.70518, 52.26439 ], [ 5.70528, 52.26432 ], [ 5.7054, 52.26419 ], [ 5.70551, 52.26421 ], [ 5.70577, 52.26419 ], [ 5.70634, 52.26394 ], [ 5.70774, 52.26372 ], [ 5.70792, 52.26359 ], [ 5.7084, 52.2633 ], [ 5.70907, 52.26285 ], [ 5.71058, 52.26179 ], [ 5.71087, 52.2617 ], [ 5.71446, 52.2609 ], [ 5.71467, 52.26125 ], [ 5.71606, 52.26388 ], [ 5.7208, 52.26216 ], [ 5.72089, 52.26255 ], [ 5.72093, 52.26293 ], [ 5.72093, 52.2631 ], [ 5.72099, 52.26335 ], [ 5.72106, 52.26355 ], [ 5.72115, 52.26373 ], [ 5.72006, 52.26548 ], [ 5.71936, 52.26665 ] ] } },
{ "type": "Feature", "properties": { "klompenpad_naam": "Snorrenhoefpad", "url": "https://klompenpaden.nl/klompenpaden/Snorrenhoefpad/fb9bdd2b-3a1b-4c18-b27b-9aa47d5256b2", "date": null }, "geometry": { "type": "LineString", "coordinates": [ [ 5.48782, 52.13298 ], [ 5.48815, 52.13289 ], [ 5.48979, 52.13265 ], [ 5.49293, 52.13223 ], [ 5.49477, 52.13203 ], [ 5.49609, 52.13192 ], [ 5.49779, 52.13184 ], [ 5.50142, 52.13182 ], [ 5.50116, 52.13316 ], [ 5.50099, 52.13409 ], [ 5.50095, 52.13443 ], [ 5.50059, 52.13435 ], [ 5.49886, 52.13418 ], [ 5.49811, 52.13414 ], [ 5.49761, 52.13422 ], [ 5.49745, 52.13428 ], [ 5.4976, 52.13423 ], [ 5.49811, 52.13414 ], [ 5.49885, 52.13419 ], [ 5.50059, 52.13435 ], [ 5.50094, 52.13443 ], [ 5.50099, 52.13408 ], [ 5.50133, 52.13229 ], [ 5.50168, 52.13061 ], [ 5.50176, 52.13001 ], [ 5.50184, 52.12973 ], [ 5.50159, 52.12926 ], [ 5.50128, 52.12852 ], [ 5.50175, 52.12779 ], [ 5.50142, 52.1261 ], [ 5.50102, 52.12356 ], [ 5.50074, 52.12173 ], [ 5.50081, 52.12151 ], [ 5.5037, 52.12051 ], [ 5.50429, 52.12039 ], [ 5.50603, 52.12015 ], [ 5.50604, 52.1201 ], [ 5.50616, 52.11998 ], [ 5.50631, 52.11993 ], [ 5.50626, 52.11977 ], [ 5.50625, 52.11965 ], [ 5.50529, 52.11975 ], [ 5.50495, 52.11893 ], [ 5.50437, 52.11762 ], [ 5.50386, 52.11663 ], [ 5.5033, 52.11689 ], [ 5.50111, 52.11811 ], [ 5.50072, 52.11821 ], [ 5.49914, 52.11824 ], [ 5.49779, 52.11817 ], [ 5.49615, 52.11755 ], [ 5.49505, 52.11814 ], [ 5.49409, 52.11832 ], [ 5.4933, 52.1184 ], [ 5.49213, 52.11874 ], [ 5.49125, 52.11911 ], [ 5.49097, 52.11927 ], [ 5.49066, 52.11934 ], [ 5.48949, 52.11932 ], [ 5.48872, 52.11947 ], [ 5.48763, 52.11933 ], [ 5.48479, 52.11892 ], [ 5.48385, 52.11881 ], [ 5.48326, 52.11884 ], [ 5.48294, 52.11887 ], [ 5.48178, 52.11923 ], [ 5.48134, 52.11927 ], [ 5.4809, 52.11925 ], [ 5.48094, 52.11933 ], [ 5.48121, 52.11955 ], [ 5.48097, 52.11964 ], [ 5.48167, 52.12012 ], [ 5.48063, 52.12054 ], [ 5.48013, 52.12063 ], [ 5.48051, 52.12107 ], [ 5.47993, 52.12129 ], [ 5.48002, 52.12154 ], [ 5.4807, 52.12207 ], [ 5.48098, 52.12238 ], [ 5.48136, 52.12294 ], [ 5.48034, 52.12416 ], [ 5.47999, 52.12412 ], [ 5.47963, 52.12418 ], [ 5.47945, 52.12425 ], [ 5.47923, 52.12471 ], [ 5.47899, 52.12474 ], [ 5.47915, 52.1257 ], [ 5.47921, 52.12577 ], [ 5.48034, 52.12537 ], [ 5.48042, 52.12532 ], [ 5.4806, 52.12505 ], [ 5.48084, 52.12498 ], [ 5.48115, 52.12485 ], [ 5.48144, 52.12487 ], [ 5.48272, 52.12485 ], [ 5.48446, 52.12486 ], [ 5.48456, 52.12488 ], [ 5.48474, 52.12548 ], [ 5.48483, 52.12556 ], [ 5.48553, 52.1257 ], [ 5.48583, 52.12575 ], [ 5.48645, 52.1259 ], [ 5.48674, 52.126 ], [ 5.487, 52.12613 ], [ 5.48715, 52.12613 ], [ 5.48728, 52.1261 ], [ 5.4876, 52.12594 ], [ 5.4879, 52.12585 ], [ 5.48807, 52.12584 ], [ 5.48836, 52.12579 ], [ 5.489, 52.12551 ], [ 5.48926, 52.12538 ], [ 5.48947, 52.12523 ], [ 5.48968, 52.12515 ], [ 5.4902, 52.12521 ], [ 5.49032, 52.1252 ], [ 5.49032, 52.12543 ], [ 5.49039, 52.12553 ], [ 5.49112, 52.12616 ], [ 5.49117, 52.12617 ], [ 5.49164, 52.12609 ], [ 5.49181, 52.12636 ], [ 5.4919, 52.12639 ], [ 5.49211, 52.12639 ], [ 5.49286, 52.13037 ], [ 5.49291, 52.13051 ], [ 5.49301, 52.13062 ], [ 5.49138, 52.13108 ], [ 5.49082, 52.13121 ], [ 5.48952, 52.13146 ], [ 5.48914, 52.13158 ], [ 5.48909, 52.13109 ], [ 5.48628, 52.13157 ], [ 5.48688, 52.13233 ], [ 5.48782, 52.13298 ], [ 5.48775, 52.1329 ], [ 5.48775, 52.1329 ] ] } },
{ "type": "Feature", "properties": { "klompenpad_naam": "Slagmaatpad-KIDS", "url": "https://klompenpaden.nl/klompenpaden/Slagmaatpad-KIDS/80760d40-1ead-49ed-8cd0-f50ed69e7d59", "date": null }, "geometry": { "type": "LineString", "coordinates": [ [ 5.1712, 52.06114 ], [ 5.1711, 52.06111 ], [ 5.16961, 52.06095 ], [ 5.16827, 52.05952 ], [ 5.16848, 52.05929 ], [ 5.1691, 52.05915 ], [ 5.16921, 52.05909 ], [ 5.16921, 52.05898 ], [ 5.16919, 52.05894 ], [ 5.1689, 52.05876 ], [ 5.16873, 52.05882 ], [ 5.16811, 52.05823 ], [ 5.16831, 52.05813 ], [ 5.16825, 52.05805 ], [ 5.16807, 52.05791 ], [ 5.1678, 52.05785 ], [ 5.16716, 52.05825 ], [ 5.16676, 52.05826 ], [ 5.16659, 52.0583 ], [ 5.16636, 52.05839 ], [ 5.1661, 52.05852 ], [ 5.16589, 52.05875 ], [ 5.1658, 52.05878 ], [ 5.16563, 52.0588 ], [ 5.16522, 52.05898 ], [ 5.16513, 52.05913 ], [ 5.1651, 52.05928 ], [ 5.16495, 52.0593 ], [ 5.16391, 52.05884 ], [ 5.16167, 52.05794 ], [ 5.16324, 52.05639 ], [ 5.16376, 52.05565 ], [ 5.16382, 52.05559 ], [ 5.16391, 52.05541 ], [ 5.16249, 52.05507 ], [ 5.16199, 52.055 ], [ 5.16272, 52.05157 ], [ 5.16471, 52.05173 ], [ 5.16476, 52.05153 ], [ 5.16479, 52.05132 ], [ 5.1667, 52.05133 ], [ 5.16732, 52.05132 ], [ 5.16738, 52.05128 ], [ 5.1674, 52.05096 ], [ 5.16735, 52.05074 ], [ 5.16703, 52.05018 ], [ 5.16675, 52.04994 ], [ 5.16789, 52.04989 ], [ 5.17266, 52.04943 ], [ 5.17272, 52.04965 ], [ 5.17347, 52.04957 ], [ 5.17467, 52.04949 ], [ 5.17459, 52.04938 ], [ 5.17457, 52.04926 ], [ 5.17369, 52.0487 ], [ 5.1735, 52.04859 ], [ 5.17374, 52.0485 ], [ 5.17379, 52.04843 ], [ 5.17383, 52.04835 ], [ 5.1738, 52.04804 ], [ 5.17381, 52.04789 ], [ 5.1737, 52.04751 ], [ 5.17366, 52.0474 ], [ 5.17439, 52.0473 ], [ 5.17449, 52.0473 ], [ 5.17449, 52.0472 ], [ 5.17453, 52.04712 ], [ 5.17467, 52.04704 ], [ 5.17461, 52.04665 ], [ 5.17456, 52.04657 ], [ 5.17445, 52.04648 ], [ 5.17431, 52.04628 ], [ 5.17429, 52.04607 ], [ 5.1743, 52.04597 ], [ 5.17441, 52.04589 ], [ 5.1742, 52.04574 ], [ 5.17334, 52.04575 ], [ 5.17319, 52.04578 ], [ 5.17339, 52.04652 ], [ 5.17339, 52.0466 ], [ 5.17327, 52.04676 ], [ 5.17319, 52.04682 ], [ 5.17308, 52.04687 ], [ 5.17243, 52.04708 ], [ 5.1721, 52.04714 ], [ 5.1713, 52.04721 ], [ 5.17069, 52.04731 ], [ 5.17086, 52.04825 ], [ 5.17035, 52.0483 ], [ 5.17019, 52.04827 ], [ 5.16993, 52.04826 ], [ 5.16985, 52.04828 ], [ 5.16963, 52.04839 ], [ 5.16953, 52.04842 ], [ 5.16883, 52.04849 ], [ 5.16984, 52.0497 ], [ 5.16808, 52.04987 ], [ 5.1653, 52.05002 ], [ 5.16462, 52.05003 ], [ 5.16412, 52.05002 ], [ 5.16366, 52.04998 ], [ 5.16263, 52.04978 ], [ 5.1625, 52.04985 ], [ 5.16238, 52.04986 ], [ 5.1617, 52.05001 ], [ 5.1602, 52.05026 ], [ 5.1599, 52.05029 ], [ 5.15988, 52.05023 ], [ 5.15916, 52.05013 ], [ 5.1586, 52.05022 ], [ 5.15807, 52.05033 ], [ 5.15774, 52.05046 ], [ 5.15748, 52.05066 ], [ 5.15732, 52.05086 ], [ 5.15713, 52.05118 ], [ 5.1571, 52.0513 ], [ 5.15711, 52.05146 ], [ 5.15762, 52.05145 ], [ 5.15762, 52.05157 ], [ 5.15815, 52.05154 ], [ 5.15863, 52.05154 ], [ 5.1597, 52.05426 ], [ 5.15982, 52.0543 ], [ 5.15996, 52.0543 ], [ 5.16215, 52.05421 ], [ 5.16199, 52.055 ], [ 5.16249, 52.05507 ], [ 5.16488, 52.05565 ], [ 5.16553, 52.05583 ], [ 5.1655, 52.05589 ], [ 5.1661, 52.05598 ], [ 5.16612, 52.05608 ], [ 5.16617, 52.05606 ], [ 5.1663, 52.05612 ], [ 5.16645, 52.05621 ], [ 5.16659, 52.05618 ], [ 5.1667, 52.05618 ], [ 5.16699, 52.05613 ], [ 5.16735, 52.05617 ], [ 5.16742, 52.05623 ], [ 5.16773, 52.05633 ], [ 5.16786, 52.05633 ], [ 5.16819, 52.05655 ], [ 5.1683, 52.05667 ], [ 5.16867, 52.05695 ], [ 5.1687, 52.05704 ], [ 5.1687, 52.05711 ], [ 5.16874, 52.05716 ], [ 5.16904, 52.05721 ], [ 5.16916, 52.05721 ], [ 5.16985, 52.05728 ], [ 5.17006, 52.05732 ], [ 5.17013, 52.05727 ], [ 5.17017, 52.05727 ], [ 5.17027, 52.05729 ], [ 5.17061, 52.05745 ], [ 5.17074, 52.05758 ], [ 5.17083, 52.05772 ], [ 5.17089, 52.05776 ], [ 5.17094, 52.0579 ], [ 5.17092, 52.05799 ], [ 5.17074, 52.05841 ], [ 5.17065, 52.05865 ], [ 5.17059, 52.05868 ], [ 5.17049, 52.0587 ], [ 5.17047, 52.05878 ], [ 5.17054, 52.05884 ], [ 5.17074, 52.0589 ], [ 5.17098, 52.0591 ], [ 5.17113, 52.05927 ], [ 5.17137, 52.05944 ], [ 5.17148, 52.05954 ], [ 5.17155, 52.05978 ], [ 5.17155, 52.06006 ], [ 5.17197, 52.06042 ], [ 5.17145, 52.06102 ], [ 5.17132, 52.06106 ], [ 5.1711, 52.06111 ] ] } },
{ "type": "Feature", "properties": { "klompenpad_naam": "Schutpad", "url": "https://klompenpaden.nl/klompenpaden/Schutpad/58bc213f-ffde-49b1-86c6-2016f3b42f1d", "date": null }, "geometry": { "type": "LineString", "coordinates": [ [ 5.42719, 52.10564 ], [ 5.42738, 52.10536 ], [ 5.42795, 52.10475 ], [ 5.42885, 52.10372 ], [ 5.43045, 52.10196 ], [ 5.43153, 52.10073 ], [ 5.43214, 52.10008 ], [ 5.4317, 52.09899 ], [ 5.43119, 52.09789 ], [ 5.43094, 52.09742 ], [ 5.43098, 52.09719 ], [ 5.43078, 52.09698 ], [ 5.43065, 52.09687 ], [ 5.43013, 52.09672 ], [ 5.42972, 52.09668 ], [ 5.42946, 52.09661 ], [ 5.4293, 52.09642 ], [ 5.42901, 52.09629 ], [ 5.42869, 52.09633 ], [ 5.4284, 52.0964 ], [ 5.428, 52.09674 ], [ 5.42742, 52.09688 ], [ 5.42613, 52.09714 ], [ 5.42541, 52.09706 ], [ 5.42497, 52.09706 ], [ 5.42467, 52.09702 ], [ 5.42451, 52.0969 ], [ 5.42448, 52.09676 ], [ 5.42436, 52.09666 ], [ 5.42343, 52.09683 ], [ 5.42245, 52.09667 ], [ 5.42215, 52.09675 ], [ 5.42192, 52.09694 ], [ 5.4217, 52.097 ], [ 5.42143, 52.09694 ], [ 5.42123, 52.09687 ], [ 5.421, 52.09691 ], [ 5.42082, 52.097 ], [ 5.42165, 52.0993 ], [ 5.4223, 52.10103 ], [ 5.42307, 52.10332 ], [ 5.42392, 52.10566 ], [ 5.42478, 52.10563 ], [ 5.42541, 52.10565 ], [ 5.42664, 52.10564 ], [ 5.42666, 52.10573 ], [ 5.42712, 52.10564 ], [ 5.42721, 52.10565 ] ] } },
{ "type": "Feature", "properties": { "klompenpad_naam": "Rosandepad", "url": "https://klompenpaden.nl/klompenpaden/Rosandepad/75aedc8c-4369-42f8-ba93-f8d67fc0590c", "date": null }, "geometry": { "type": "LineString", "coordinates": [ [ 5.83314, 51.98775 ], [ 5.83296, 51.98762 ], [ 5.83275, 51.98755 ], [ 5.83285, 51.9872 ], [ 5.83253, 51.98704 ], [ 5.83239, 51.98695 ], [ 5.83227, 51.98681 ], [ 5.83225, 51.98667 ], [ 5.83217, 51.98641 ], [ 5.83199, 51.98626 ], [ 5.832, 51.98613 ], [ 5.83188, 51.98601 ], [ 5.83118, 51.98603 ], [ 5.83097, 51.98601 ], [ 5.8309, 51.98595 ], [ 5.83107, 51.9859 ], [ 5.83107, 51.98575 ], [ 5.83115, 51.9855 ], [ 5.83113, 51.98523 ], [ 5.83101, 51.9851 ], [ 5.83088, 51.98501 ], [ 5.83057, 51.98485 ], [ 5.83041, 51.98467 ], [ 5.83036, 51.98459 ], [ 5.83035, 51.98424 ], [ 5.8284, 51.98387 ], [ 5.82691, 51.98363 ], [ 5.82654, 51.98321 ], [ 5.82644, 51.98303 ], [ 5.82608, 51.9827 ], [ 5.82652, 51.98172 ], [ 5.82614, 51.98176 ], [ 5.82629, 51.98171 ], [ 5.82638, 51.98165 ], [ 5.82619, 51.98154 ], [ 5.82622, 51.98151 ], [ 5.82608, 51.98146 ], [ 5.82639, 51.98112 ], [ 5.82625, 51.98109 ], [ 5.82604, 51.98109 ], [ 5.82604, 51.98092 ], [ 5.82572, 51.98073 ], [ 5.82554, 51.98067 ], [ 5.82546, 51.98065 ], [ 5.82519, 51.9807 ], [ 5.82489, 51.9807 ], [ 5.82494, 51.98061 ], [ 5.82493, 51.98052 ], [ 5.82503, 51.98011 ], [ 5.82523, 51.98015 ], [ 5.82541, 51.98026 ], [ 5.82561, 51.98024 ], [ 5.82568, 51.9802 ], [ 5.82645, 51.98018 ], [ 5.82653, 51.98008 ], [ 5.82661, 51.97972 ], [ 5.82672, 51.97971 ], [ 5.82697, 51.97965 ], [ 5.82701, 51.97948 ], [ 5.82699, 51.97943 ], [ 5.82716, 51.97935 ], [ 5.82727, 51.97927 ], [ 5.82765, 51.97934 ], [ 5.82823, 51.97925 ], [ 5.82876, 51.97923 ], [ 5.82889, 51.97925 ], [ 5.82899, 51.97923 ], [ 5.82946, 51.97907 ], [ 5.82969, 51.97903 ], [ 5.82987, 51.979 ], [ 5.83066, 51.979 ], [ 5.83081, 51.97904 ], [ 5.83092, 51.9791 ], [ 5.83108, 51.97935 ], [ 5.83151, 51.97997 ], [ 5.83169, 51.98001 ], [ 5.83166, 51.98012 ], [ 5.83186, 51.98042 ], [ 5.83206, 51.98055 ], [ 5.8323, 51.98061 ], [ 5.8325, 51.98081 ], [ 5.83259, 51.98098 ], [ 5.83257, 51.98107 ], [ 5.83259, 51.98157 ], [ 5.83278, 51.98154 ], [ 5.83306, 51.98169 ], [ 5.83315, 51.98167 ], [ 5.83331, 51.98158 ], [ 5.83333, 51.98152 ], [ 5.83344, 51.98144 ], [ 5.83353, 51.98126 ], [ 5.83354, 51.98102 ], [ 5.83348, 51.98088 ], [ 5.8333, 51.98065 ], [ 5.83316, 51.98059 ], [ 5.83303, 51.98056 ], [ 5.83281, 51.98057 ], [ 5.83279, 51.98055 ], [ 5.8328, 51.98051 ], [ 5.83275, 51.98048 ], [ 5.83272, 51.98039 ], [ 5.83264, 51.98032 ], [ 5.83254, 51.9803 ], [ 5.83239, 51.98039 ], [ 5.83227, 51.98028 ], [ 5.83214, 51.9801 ], [ 5.83204, 51.97991 ], [ 5.83208, 51.97988 ], [ 5.83221, 51.97983 ], [ 5.83231, 51.97983 ], [ 5.8324, 51.97963 ], [ 5.8325, 51.97958 ], [ 5.83257, 51.97947 ], [ 5.8328, 51.9792 ], [ 5.83288, 51.97916 ], [ 5.83291, 51.97906 ], [ 5.8329, 51.97893 ], [ 5.83283, 51.97889 ], [ 5.83259, 51.97886 ], [ 5.83197, 51.97908 ], [ 5.83194, 51.97901 ], [ 5.8319, 51.97898 ], [ 5.83189, 51.97883 ], [ 5.83184, 51.97866 ], [ 5.8318, 51.9786 ], [ 5.83188, 51.97807 ], [ 5.832, 51.97758 ], [ 5.83206, 51.97751 ], [ 5.83216, 51.9775 ], [ 5.83294, 51.97759 ], [ 5.83377, 51.97753 ], [ 5.83393, 51.97754 ], [ 5.8352, 51.97772 ], [ 5.83721, 51.9779 ], [ 5.83734, 51.97792 ], [ 5.83744, 51.978 ], [ 5.83752, 51.97797 ], [ 5.83757, 51.97789 ], [ 5.83774, 51.97791 ], [ 5.83791, 51.9779 ], [ 5.838, 51.97787 ], [ 5.83806, 51.97788 ], [ 5.83807, 51.97792 ], [ 5.83805, 51.97803 ], [ 5.83798, 51.97814 ], [ 5.83802, 51.9782 ], [ 5.83816, 51.97821 ], [ 5.84006, 51.97809 ], [ 5.8396, 51.97752 ], [ 5.83957, 51.97745 ], [ 5.83957, 51.97741 ], [ 5.83965, 51.97734 ], [ 5.84012, 51.97713 ], [ 5.84053, 51.97692 ], [ 5.84087, 51.9767 ], [ 5.84114, 51.97648 ], [ 5.8418, 51.97583 ], [ 5.84213, 51.97561 ], [ 5.84315, 51.97504 ], [ 5.84363, 51.9747 ], [ 5.84425, 51.97436 ], [ 5.84464, 51.97417 ], [ 5.84506, 51.974 ], [ 5.84534, 51.97392 ], [ 5.84578, 51.97386 ], [ 5.84623, 51.97378 ], [ 5.84642, 51.97373 ], [ 5.84691, 51.97352 ], [ 5.84696, 51.97344 ], [ 5.84695, 51.97335 ], [ 5.84702, 51.97332 ], [ 5.84733, 51.97327 ], [ 5.84746, 51.97326 ], [ 5.84761, 51.97346 ], [ 5.84813, 51.97337 ], [ 5.84828, 51.97332 ], [ 5.84889, 51.97328 ], [ 5.85025, 51.97303 ], [ 5.85031, 51.97301 ], [ 5.85035, 51.97295 ], [ 5.85034, 51.97286 ], [ 5.85026, 51.97266 ], [ 5.85031, 51.97259 ], [ 5.85056, 51.97254 ], [ 5.85071, 51.97249 ], [ 5.85194, 51.97222 ], [ 5.85446, 51.97162 ], [ 5.85459, 51.9716 ], [ 5.85481, 51.97162 ], [ 5.85525, 51.97175 ], [ 5.85543, 51.97174 ], [ 5.85577, 51.9717 ], [ 5.85617, 51.97169 ], [ 5.85656, 51.97171 ], [ 5.85736, 51.97177 ], [ 5.85751, 51.97183 ], [ 5.85756, 51.97194 ], [ 5.85796, 51.97264 ], [ 5.85818, 51.97289 ], [ 5.8595, 51.97499 ], [ 5.85969, 51.97517 ], [ 5.85989, 51.97531 ], [ 5.86021, 51.97541 ], [ 5.86054, 51.97549 ], [ 5.861, 51.9755 ], [ 5.86308, 51.97552 ], [ 5.86339, 51.97546 ], [ 5.8638, 51.97536 ], [ 5.86385, 51.97537 ], [ 5.86387, 51.97539 ], [ 5.86371, 51.97555 ], [ 5.86321, 51.97598 ], [ 5.86299, 51.97609 ], [ 5.8628, 51.97614 ], [ 5.8623, 51.97619 ], [ 5.86212, 51.97627 ], [ 5.86202, 51.97639 ], [ 5.86205, 51.97697 ], [ 5.86204, 51.97732 ], [ 5.86197, 51.97762 ], [ 5.86179, 51.97822 ], [ 5.86178, 51.97831 ], [ 5.8614, 51.97823 ], [ 5.86113, 51.97815 ], [ 5.85921, 51.9777 ], [ 5.85891, 51.97767 ], [ 5.85869, 51.97762 ], [ 5.85905, 51.97821 ], [ 5.85924, 51.97848 ], [ 5.85975, 51.97899 ], [ 5.85994, 51.97946 ], [ 5.86037, 51.98021 ], [ 5.86097, 51.98146 ], [ 5.86095, 51.98154 ], [ 5.86134, 51.98199 ], [ 5.8619, 51.98237 ], [ 5.8621, 51.9826 ], [ 5.86208, 51.98266 ], [ 5.86197, 51.9827 ], [ 5.86103, 51.98257 ], [ 5.86098, 51.9827 ], [ 5.86087, 51.98335 ], [ 5.86057, 51.98549 ], [ 5.86052, 51.98555 ], [ 5.86037, 51.98562 ], [ 5.86022, 51.98564 ], [ 5.86007, 51.98659 ], [ 5.86015, 51.98662 ], [ 5.8603, 51.98662 ], [ 5.86325, 51.98647 ], [ 5.8635, 51.98644 ], [ 5.86412, 51.98642 ], [ 5.86419, 51.98646 ], [ 5.86424, 51.98699 ], [ 5.8642, 51.9871 ], [ 5.86408, 51.98717 ], [ 5.86386, 51.98722 ], [ 5.86369, 51.9873 ], [ 5.86378, 51.98768 ], [ 5.86392, 51.98772 ], [ 5.86422, 51.98772 ], [ 5.8644, 51.98775 ], [ 5.86439, 51.98805 ], [ 5.86441, 51.98819 ], [ 5.86456, 51.9885 ], [ 5.86461, 51.98856 ], [ 5.86444, 51.98854 ], [ 5.86449, 51.98867 ], [ 5.86487, 51.98907 ], [ 5.86506, 51.98919 ], [ 5.86487, 51.98932 ], [ 5.86489, 51.98941 ], [ 5.86499, 51.9895 ], [ 5.86507, 51.9896 ], [ 5.86519, 51.98967 ], [ 5.86528, 51.98968 ], [ 5.86536, 51.98967 ], [ 5.86552, 51.98955 ], [ 5.86576, 51.98946 ], [ 5.86579, 51.98971 ], [ 5.8659, 51.98999 ], [ 5.86549, 51.98996 ], [ 5.86552, 51.99009 ], [ 5.86566, 51.99019 ], [ 5.86588, 51.99061 ], [ 5.86591, 51.99083 ], [ 5.86585, 51.99101 ], [ 5.86586, 51.99111 ], [ 5.86604, 51.99122 ], [ 5.86578, 51.9913 ], [ 5.86572, 51.99141 ], [ 5.86563, 51.99248 ], [ 5.86503, 51.99241 ], [ 5.86491, 51.99244 ], [ 5.86554, 51.99532 ], [ 5.86393, 51.99523 ], [ 5.86375, 51.9953 ], [ 5.86374, 51.99546 ], [ 5.86378, 51.99565 ], [ 5.86376, 51.99579 ], [ 5.86364, 51.99588 ], [ 5.86248, 51.99638 ], [ 5.86118, 51.99691 ], [ 5.86046, 51.99621 ], [ 5.86034, 51.99618 ], [ 5.86016, 51.99615 ], [ 5.85968, 51.99623 ], [ 5.85933, 51.99622 ], [ 5.85914, 51.99617 ], [ 5.85943, 51.99581 ], [ 5.85945, 51.99554 ], [ 5.85939, 51.99514 ], [ 5.85928, 51.99485 ], [ 5.85915, 51.99477 ], [ 5.85863, 51.99482 ], [ 5.85807, 51.99492 ], [ 5.85633, 51.99508 ], [ 5.8564, 51.9956 ], [ 5.85657, 51.99608 ], [ 5.85681, 51.99654 ], [ 5.8527, 51.99733 ], [ 5.8525, 51.99738 ], [ 5.85239, 51.99716 ], [ 5.85242, 51.99687 ], [ 5.85263, 51.9967 ], [ 5.85268, 51.99652 ], [ 5.85252, 51.99619 ], [ 5.85181, 51.99547 ], [ 5.8517, 51.99531 ], [ 5.85124, 51.99504 ], [ 5.85115, 51.99493 ], [ 5.85124, 51.99476 ], [ 5.85144, 51.9947 ], [ 5.85149, 51.99464 ], [ 5.85126, 51.99457 ], [ 5.85068, 51.99395 ], [ 5.85042, 51.99365 ], [ 5.85019, 51.99341 ], [ 5.84823, 51.99409 ], [ 5.84717, 51.99447 ], [ 5.84699, 51.99432 ], [ 5.8468, 51.99422 ], [ 5.8467, 51.99412 ], [ 5.84672, 51.99405 ], [ 5.84735, 51.99354 ], [ 5.8474, 51.99344 ], [ 5.84732, 51.9933 ], [ 5.84705, 51.99264 ], [ 5.84698, 51.99259 ], [ 5.84672, 51.99271 ], [ 5.84363, 51.99384 ], [ 5.84332, 51.99393 ], [ 5.84271, 51.99415 ], [ 5.84199, 51.99445 ], [ 5.8415, 51.99396 ], [ 5.84121, 51.99363 ], [ 5.84105, 51.99342 ], [ 5.84023, 51.99202 ], [ 5.84009, 51.99182 ], [ 5.84044, 51.99177 ], [ 5.84044, 51.99166 ], [ 5.84059, 51.99141 ], [ 5.84064, 51.99126 ], [ 5.84059, 51.99069 ], [ 5.84054, 51.99033 ], [ 5.84051, 51.99003 ], [ 5.8411, 51.98998 ], [ 5.84117, 51.98987 ], [ 5.8414, 51.9897 ], [ 5.84153, 51.98954 ], [ 5.84136, 51.98938 ], [ 5.84102, 51.98919 ], [ 5.84083, 51.98901 ], [ 5.84076, 51.9886 ], [ 5.84072, 51.98827 ], [ 5.8407, 51.98817 ], [ 5.84056, 51.98801 ], [ 5.84027, 51.98778 ], [ 5.84019, 51.98771 ], [ 5.84017, 51.9876 ], [ 5.838, 51.98786 ], [ 5.83789, 51.98785 ], [ 5.8377, 51.9872 ], [ 5.8375, 51.98725 ], [ 5.83695, 51.9873 ], [ 5.83671, 51.98725 ], [ 5.83627, 51.98721 ], [ 5.83593, 51.9872 ], [ 5.83562, 51.98724 ], [ 5.83542, 51.98723 ], [ 5.83524, 51.98719 ], [ 5.83504, 51.98709 ], [ 5.83475, 51.98702 ], [ 5.83445, 51.98691 ], [ 5.83399, 51.98684 ], [ 5.83367, 51.98697 ], [ 5.83352, 51.98706 ], [ 5.83308, 51.98721 ], [ 5.83296, 51.98722 ], [ 5.83285, 51.9872 ], [ 5.83275, 51.98755 ], [ 5.83296, 51.98762 ], [ 5.83314, 51.98775 ], [ 5.83314, 51.98775 ], [ 5.83348, 51.98804 ] ] } },
{ "type": "Feature", "properties": { "klompenpad_naam": "Rijnweidepad", "url": "https://klompenpaden.nl/klompenpaden/Rijnweidepad/d7815a3f-a0bb-40cc-874c-8f17037d03dd", "date": null }, "geometry": { "type": "LineString", "coordinates": [ [ 6.151, 51.85028 ], [ 6.15095, 51.8503 ], [ 6.14932, 51.84905 ], [ 6.14841, 51.84966 ], [ 6.14747, 51.8504 ], [ 6.14533, 51.85197 ], [ 6.14441, 51.85237 ], [ 6.14378, 51.85249 ], [ 6.14223, 51.85263 ], [ 6.14154, 51.85267 ], [ 6.14146, 51.85304 ], [ 6.14145, 51.8534 ], [ 6.13972, 51.85331 ], [ 6.13984, 51.85272 ], [ 6.13844, 51.85266 ], [ 6.13557, 51.85249 ], [ 6.13201, 51.85222 ], [ 6.1318, 51.85269 ], [ 6.13174, 51.85336 ], [ 6.13155, 51.8536 ], [ 6.13109, 51.85382 ], [ 6.12984, 51.85408 ], [ 6.12948, 51.85417 ], [ 6.12904, 51.85437 ], [ 6.12854, 51.85477 ], [ 6.12839, 51.85495 ], [ 6.12755, 51.85486 ], [ 6.12719, 51.85488 ], [ 6.12664, 51.85508 ], [ 6.12614, 51.8555 ], [ 6.12471, 51.85656 ], [ 6.12446, 51.85681 ], [ 6.12428, 51.85709 ], [ 6.12361, 51.85792 ], [ 6.12317, 51.85858 ], [ 6.12291, 51.85903 ], [ 6.12263, 51.85929 ], [ 6.12252, 51.85948 ], [ 6.12288, 51.85961 ], [ 6.12292, 51.85964 ], [ 6.12274, 51.85997 ], [ 6.12253, 51.86015 ], [ 6.12287, 51.86036 ], [ 6.12324, 51.86012 ], [ 6.12346, 51.86011 ], [ 6.12428, 51.8603 ], [ 6.12462, 51.86045 ], [ 6.12519, 51.86036 ], [ 6.12537, 51.86026 ], [ 6.12659, 51.86057 ], [ 6.12695, 51.86062 ], [ 6.12755, 51.86079 ], [ 6.12847, 51.86118 ], [ 6.12997, 51.86134 ], [ 6.13111, 51.86158 ], [ 6.13148, 51.86171 ], [ 6.13192, 51.86195 ], [ 6.1321, 51.86202 ], [ 6.1338, 51.86256 ], [ 6.13474, 51.86289 ], [ 6.13617, 51.86362 ], [ 6.13651, 51.86369 ], [ 6.13809, 51.86458 ], [ 6.13835, 51.86469 ], [ 6.13926, 51.86484 ], [ 6.13946, 51.86489 ], [ 6.13962, 51.86496 ], [ 6.13968, 51.86503 ], [ 6.14079, 51.86757 ], [ 6.14114, 51.86847 ], [ 6.14129, 51.86878 ], [ 6.14305, 51.87063 ], [ 6.14311, 51.87073 ], [ 6.14308, 51.87092 ], [ 6.14303, 51.87101 ], [ 6.1442, 51.8714 ], [ 6.14402, 51.87125 ], [ 6.14415, 51.8706 ], [ 6.14422, 51.87034 ], [ 6.14388, 51.86991 ], [ 6.14368, 51.86952 ], [ 6.14373, 51.86936 ], [ 6.14383, 51.86923 ], [ 6.14403, 51.86918 ], [ 6.14424, 51.8692 ], [ 6.14451, 51.8696 ], [ 6.14555, 51.8692 ], [ 6.14581, 51.86913 ], [ 6.14624, 51.86913 ], [ 6.14644, 51.8691 ], [ 6.14752, 51.86866 ], [ 6.148, 51.86841 ], [ 6.14846, 51.86811 ], [ 6.14868, 51.86794 ], [ 6.14889, 51.86762 ], [ 6.14896, 51.86747 ], [ 6.149, 51.86717 ], [ 6.14913, 51.867 ], [ 6.1496, 51.86657 ], [ 6.14994, 51.86639 ], [ 6.1508, 51.86612 ], [ 6.15094, 51.86609 ], [ 6.15135, 51.86612 ], [ 6.15241, 51.86608 ], [ 6.15394, 51.86586 ], [ 6.15355, 51.86552 ], [ 6.15291, 51.86451 ], [ 6.15255, 51.86417 ], [ 6.15197, 51.8637 ], [ 6.15092, 51.86306 ], [ 6.15195, 51.86246 ], [ 6.15309, 51.8617 ], [ 6.15449, 51.86072 ], [ 6.15597, 51.86011 ], [ 6.15756, 51.85941 ], [ 6.15898, 51.85874 ], [ 6.15998, 51.85808 ], [ 6.16055, 51.85782 ], [ 6.16076, 51.85769 ], [ 6.16078, 51.85751 ], [ 6.16018, 51.85709 ], [ 6.15877, 51.85644 ], [ 6.1585, 51.85626 ], [ 6.15844, 51.8559 ], [ 6.1586, 51.85571 ], [ 6.15907, 51.85537 ], [ 6.16049, 51.85469 ], [ 6.16088, 51.85456 ], [ 6.16118, 51.85439 ], [ 6.16123, 51.85431 ], [ 6.16189, 51.85442 ], [ 6.16231, 51.85444 ], [ 6.16295, 51.85433 ], [ 6.16374, 51.85412 ], [ 6.16526, 51.85383 ], [ 6.16646, 51.85346 ], [ 6.16872, 51.85255 ], [ 6.16959, 51.85226 ], [ 6.17004, 51.85225 ], [ 6.17042, 51.85215 ], [ 6.16985, 51.85181 ], [ 6.16912, 51.85141 ], [ 6.16851, 51.85111 ], [ 6.16793, 51.85103 ], [ 6.16761, 51.85078 ], [ 6.16715, 51.85012 ], [ 6.16668, 51.84927 ], [ 6.16704, 51.84885 ], [ 6.16721, 51.8485 ], [ 6.1674, 51.84771 ], [ 6.16732, 51.84686 ], [ 6.16686, 51.84638 ], [ 6.16647, 51.84609 ], [ 6.16611, 51.84606 ], [ 6.16602, 51.84579 ], [ 6.16582, 51.84565 ], [ 6.16547, 51.84564 ], [ 6.16453, 51.84571 ], [ 6.16248, 51.84582 ], [ 6.16189, 51.84579 ], [ 6.16137, 51.84571 ], [ 6.16068, 51.84571 ], [ 6.15961, 51.84585 ], [ 6.15642, 51.84649 ], [ 6.15476, 51.84687 ], [ 6.15512, 51.8474 ], [ 6.15526, 51.84814 ], [ 6.15534, 51.84838 ], [ 6.15558, 51.84875 ], [ 6.15571, 51.849 ], [ 6.15567, 51.84914 ], [ 6.15547, 51.84929 ], [ 6.15486, 51.84936 ], [ 6.15461, 51.84941 ], [ 6.15335, 51.85018 ], [ 6.15299, 51.84997 ], [ 6.15269, 51.84976 ], [ 6.15228, 51.84966 ], [ 6.15198, 51.84973 ], [ 6.151, 51.85028 ], [ 6.15136, 51.85052 ] ] } },
{ "type": "Feature", "properties": { "klompenpad_naam": "Rijnstrangenpad", "url": "https://klompenpaden.nl/klompenpaden/Rijnstrangenpad/521a59a0-ee84-441c-a6aa-7a25546510c4", "date": null }, "geometry": { "type": "LineString", "coordinates": [ [ 6.08291, 51.91358 ], [ 6.08284, 51.91336 ], [ 6.08283, 51.91312 ], [ 6.08304, 51.91283 ], [ 6.08303, 51.91277 ], [ 6.08292, 51.91279 ], [ 6.08268, 51.91297 ], [ 6.08243, 51.91343 ], [ 6.08206, 51.91367 ], [ 6.08174, 51.91374 ], [ 6.08202, 51.91354 ], [ 6.08217, 51.91337 ], [ 6.08218, 51.91327 ], [ 6.08075, 51.91278 ], [ 6.07889, 51.91317 ], [ 6.07821, 51.91339 ], [ 6.07712, 51.91366 ], [ 6.076, 51.91358 ], [ 6.07528, 51.91362 ], [ 6.07335, 51.91379 ], [ 6.07264, 51.91392 ], [ 6.07248, 51.91401 ], [ 6.07228, 51.91384 ], [ 6.07212, 51.91346 ], [ 6.07159, 51.91157 ], [ 6.07157, 51.91137 ], [ 6.07027, 51.91155 ], [ 6.06953, 51.91157 ], [ 6.06893, 51.91156 ], [ 6.06757, 51.91184 ], [ 6.06703, 51.91063 ], [ 6.06691, 51.9105 ], [ 6.06657, 51.91059 ], [ 6.06594, 51.91061 ], [ 6.06547, 51.91049 ], [ 6.06493, 51.91041 ], [ 6.06445, 51.91042 ], [ 6.06418, 51.91047 ], [ 6.06394, 51.91067 ], [ 6.06359, 51.91105 ], [ 6.06322, 51.91139 ], [ 6.06286, 51.91158 ], [ 6.062, 51.9117 ], [ 6.06139, 51.91165 ], [ 6.06057, 51.91152 ], [ 6.0601, 51.91115 ], [ 6.06, 51.91088 ], [ 6.05989, 51.91072 ], [ 6.05921, 51.91053 ], [ 6.05891, 51.91038 ], [ 6.0574, 51.91004 ], [ 6.05696, 51.9099 ], [ 6.05597, 51.90971 ], [ 6.05547, 51.90971 ], [ 6.05492, 51.90978 ], [ 6.05377, 51.90982 ], [ 6.05234, 51.90984 ], [ 6.05173, 51.9101 ], [ 6.04969, 51.91086 ], [ 6.04932, 51.91105 ], [ 6.04918, 51.91124 ], [ 6.04895, 51.91138 ], [ 6.04859, 51.91153 ], [ 6.04827, 51.91173 ], [ 6.04763, 51.91234 ], [ 6.04735, 51.91253 ], [ 6.0473, 51.91281 ], [ 6.04664, 51.91267 ], [ 6.04559, 51.91252 ], [ 6.04538, 51.9124 ], [ 6.04527, 51.91227 ], [ 6.04523, 51.91228 ], [ 6.04529, 51.91271 ], [ 6.04514, 51.91279 ], [ 6.04489, 51.91282 ], [ 6.04397, 51.91323 ], [ 6.04383, 51.91324 ], [ 6.04368, 51.91318 ], [ 6.04345, 51.91301 ], [ 6.03826, 51.9113 ], [ 6.03816, 51.91124 ], [ 6.03773, 51.91085 ], [ 6.03727, 51.91039 ], [ 6.03706, 51.91007 ], [ 6.03693, 51.90949 ], [ 6.03667, 51.9088 ], [ 6.03652, 51.90828 ], [ 6.0364, 51.90814 ], [ 6.03626, 51.90785 ], [ 6.0361, 51.90762 ], [ 6.0359, 51.90718 ], [ 6.03592, 51.90707 ], [ 6.03602, 51.90692 ], [ 6.03668, 51.90621 ], [ 6.0369, 51.90578 ], [ 6.0371, 51.90519 ], [ 6.03733, 51.90517 ], [ 6.03747, 51.90518 ], [ 6.03768, 51.90526 ], [ 6.03778, 51.90538 ], [ 6.03781, 51.90546 ], [ 6.03808, 51.90559 ], [ 6.0382, 51.90558 ], [ 6.0383, 51.90547 ], [ 6.0388, 51.9051 ], [ 6.03898, 51.90488 ], [ 6.03906, 51.90485 ], [ 6.03936, 51.9049 ], [ 6.04003, 51.90452 ], [ 6.04034, 51.90421 ], [ 6.04049, 51.90396 ], [ 6.04059, 51.90389 ], [ 6.04069, 51.90377 ], [ 6.04104, 51.90351 ], [ 6.04132, 51.90337 ], [ 6.04191, 51.90295 ], [ 6.0422, 51.90267 ], [ 6.04237, 51.90245 ], [ 6.04285, 51.90241 ], [ 6.04297, 51.90249 ], [ 6.04312, 51.90245 ], [ 6.04426, 51.90172 ], [ 6.04473, 51.90139 ], [ 6.04509, 51.90106 ], [ 6.04508, 51.90097 ], [ 6.04426, 51.90028 ], [ 6.04427, 51.90001 ], [ 6.04489, 51.89808 ], [ 6.0449, 51.89798 ], [ 6.04484, 51.89785 ], [ 6.04451, 51.89758 ], [ 6.04496, 51.89737 ], [ 6.04524, 51.89733 ], [ 6.04569, 51.89736 ], [ 6.04752, 51.89763 ], [ 6.04812, 51.89766 ], [ 6.04851, 51.89763 ], [ 6.04976, 51.89745 ], [ 6.05038, 51.89758 ], [ 6.05077, 51.89763 ], [ 6.05119, 51.89766 ], [ 6.05387, 51.8975 ], [ 6.05438, 51.8975 ], [ 6.05687, 51.89773 ], [ 6.05977, 51.8977 ], [ 6.0596, 51.89789 ], [ 6.05949, 51.89806 ], [ 6.0594, 51.89854 ], [ 6.05938, 51.89873 ], [ 6.05923, 51.8988 ], [ 6.05914, 51.89938 ], [ 6.05923, 51.89992 ], [ 6.06045, 51.90017 ], [ 6.06152, 51.90044 ], [ 6.06139, 51.90069 ], [ 6.06167, 51.9008 ], [ 6.06187, 51.90083 ], [ 6.06235, 51.90085 ], [ 6.0635, 51.90111 ], [ 6.06408, 51.90128 ], [ 6.06477, 51.90137 ], [ 6.06542, 51.9015 ], [ 6.06676, 51.90161 ], [ 6.06729, 51.90162 ], [ 6.06805, 51.90173 ], [ 6.0685, 51.90182 ], [ 6.07013, 51.90188 ], [ 6.07176, 51.90184 ], [ 6.07174, 51.90177 ], [ 6.07239, 51.9018 ], [ 6.07222, 51.90071 ], [ 6.07295, 51.90061 ], [ 6.07536, 51.89956 ], [ 6.07681, 51.89931 ], [ 6.07799, 51.89956 ], [ 6.07947, 51.89943 ], [ 6.08012, 51.89924 ], [ 6.08204, 51.8982 ], [ 6.08239, 51.89792 ], [ 6.08275, 51.8976 ], [ 6.08333, 51.89724 ], [ 6.08364, 51.89714 ], [ 6.08409, 51.89705 ], [ 6.08651, 51.89636 ], [ 6.08766, 51.89595 ], [ 6.08977, 51.89514 ], [ 6.09113, 51.8947 ], [ 6.09131, 51.89481 ], [ 6.09189, 51.89543 ], [ 6.09208, 51.89581 ], [ 6.09208, 51.89596 ], [ 6.09074, 51.89634 ], [ 6.09289, 51.89684 ], [ 6.0945, 51.89716 ], [ 6.0957, 51.89731 ], [ 6.09578, 51.89741 ], [ 6.09591, 51.89748 ], [ 6.0959, 51.89792 ], [ 6.09575, 51.89816 ], [ 6.09555, 51.8983 ], [ 6.0952, 51.89842 ], [ 6.09497, 51.8986 ], [ 6.0949, 51.89878 ], [ 6.09468, 51.89884 ], [ 6.09424, 51.899 ], [ 6.09394, 51.89917 ], [ 6.09306, 51.89992 ], [ 6.09382, 51.90116 ], [ 6.09379, 51.90128 ], [ 6.09387, 51.90136 ], [ 6.0939, 51.90148 ], [ 6.0939, 51.90163 ], [ 6.09369, 51.90207 ], [ 6.09376, 51.90216 ], [ 6.09432, 51.9023 ], [ 6.09487, 51.90255 ], [ 6.0951, 51.9026 ], [ 6.09521, 51.90269 ], [ 6.09509, 51.90281 ], [ 6.09503, 51.90298 ], [ 6.09519, 51.90461 ], [ 6.09507, 51.90479 ], [ 6.09462, 51.90508 ], [ 6.09238, 51.90666 ], [ 6.09154, 51.90706 ], [ 6.09208, 51.90775 ], [ 6.09294, 51.90862 ], [ 6.09383, 51.90961 ], [ 6.09277, 51.90999 ], [ 6.0915, 51.91032 ], [ 6.08932, 51.91076 ], [ 6.08907, 51.91083 ], [ 6.08873, 51.91098 ], [ 6.08827, 51.91104 ], [ 6.0869, 51.91096 ], [ 6.08564, 51.91104 ], [ 6.08482, 51.91103 ], [ 6.08412, 51.91106 ], [ 6.08334, 51.91152 ], [ 6.08327, 51.91189 ], [ 6.08306, 51.91226 ], [ 6.08309, 51.9126 ], [ 6.08262, 51.91274 ], [ 6.08247, 51.91289 ], [ 6.08227, 51.91322 ], [ 6.0822, 51.9134 ], [ 6.08205, 51.91357 ], [ 6.08176, 51.91376 ], [ 6.08177, 51.91379 ], [ 6.08217, 51.91373 ], [ 6.08251, 51.91371 ], [ 6.08282, 51.91372 ], [ 6.08291, 51.91358 ] ] } },
{ "type": "Feature", "properties": { "klompenpad_naam": "Rhenoijschepad", "url": "https://klompenpaden.nl/klompenpaden/Rhenoijschepad/b7b6bf9e-f569-47e8-ab2f-597c5a1f1427", "date": null }, "geometry": { "type": "LineString", "coordinates": [ [ 5.15111, 51.88097 ], [ 5.15178, 51.88097 ], [ 5.15372, 51.88138 ], [ 5.15418, 51.8815 ], [ 5.15453, 51.88166 ], [ 5.15506, 51.88179 ], [ 5.15545, 51.88192 ], [ 5.15547, 51.88222 ], [ 5.15568, 51.88233 ], [ 5.15609, 51.88247 ], [ 5.156, 51.8828 ], [ 5.15594, 51.88339 ], [ 5.15567, 51.88421 ], [ 5.15553, 51.88453 ], [ 5.15532, 51.88475 ], [ 5.1552, 51.88504 ], [ 5.15498, 51.88544 ], [ 5.15481, 51.88562 ], [ 5.15456, 51.88623 ], [ 5.15411, 51.88788 ], [ 5.15394, 51.88863 ], [ 5.15393, 51.88889 ], [ 5.15383, 51.88921 ], [ 5.1539, 51.8904 ], [ 5.15397, 51.89088 ], [ 5.15425, 51.89187 ], [ 5.15445, 51.89199 ], [ 5.15507, 51.8929 ], [ 5.15549, 51.89339 ], [ 5.15584, 51.89439 ], [ 5.1557, 51.8946 ], [ 5.15356, 51.8959 ], [ 5.15304, 51.89626 ], [ 5.1526, 51.89661 ], [ 5.15227, 51.89711 ], [ 5.15054, 51.89706 ], [ 5.14784, 51.89695 ], [ 5.14621, 51.89684 ], [ 5.14484, 51.89678 ], [ 5.14467, 51.89691 ], [ 5.14465, 51.89716 ], [ 5.14448, 51.89723 ], [ 5.1416, 51.89713 ], [ 5.13711, 51.89692 ], [ 5.13626, 51.89693 ], [ 5.13399, 51.89682 ], [ 5.13338, 51.89669 ], [ 5.13317, 51.89671 ], [ 5.13311, 51.89677 ], [ 5.13318, 51.89697 ], [ 5.12842, 51.89673 ], [ 5.12802, 51.89677 ], [ 5.12691, 51.89671 ], [ 5.12675, 51.8968 ], [ 5.12668, 51.89675 ], [ 5.12497, 51.89748 ], [ 5.1207, 51.89937 ], [ 5.12069, 51.89935 ], [ 5.11946, 51.89829 ], [ 5.11993, 51.89779 ], [ 5.12, 51.89762 ], [ 5.11975, 51.89726 ], [ 5.11977, 51.89711 ], [ 5.11997, 51.89701 ], [ 5.12091, 51.8965 ], [ 5.12103, 51.89625 ], [ 5.12106, 51.89594 ], [ 5.12107, 51.89549 ], [ 5.12093, 51.89506 ], [ 5.12073, 51.89485 ], [ 5.12048, 51.89453 ], [ 5.12002, 51.8944 ], [ 5.11941, 51.89427 ], [ 5.11819, 51.89404 ], [ 5.11803, 51.89326 ], [ 5.11792, 51.89248 ], [ 5.11787, 51.89189 ], [ 5.11781, 51.89173 ], [ 5.11757, 51.89174 ], [ 5.11744, 51.89154 ], [ 5.11738, 51.89091 ], [ 5.11724, 51.89045 ], [ 5.11701, 51.89005 ], [ 5.11685, 51.88999 ], [ 5.11604, 51.89011 ], [ 5.11581, 51.89005 ], [ 5.11549, 51.88951 ], [ 5.11528, 51.88931 ], [ 5.11451, 51.88875 ], [ 5.11497, 51.88816 ], [ 5.1152, 51.88781 ], [ 5.11543, 51.88761 ], [ 5.11537, 51.88756 ], [ 5.11562, 51.88732 ], [ 5.11617, 51.8869 ], [ 5.117, 51.88645 ], [ 5.11757, 51.88618 ], [ 5.11811, 51.88586 ], [ 5.11861, 51.88533 ], [ 5.11889, 51.88483 ], [ 5.11941, 51.88427 ], [ 5.11996, 51.88378 ], [ 5.1203, 51.8834 ], [ 5.12054, 51.88309 ], [ 5.12051, 51.88244 ], [ 5.12036, 51.881 ], [ 5.12022, 51.87986 ], [ 5.12013, 51.87973 ], [ 5.12017, 51.87963 ], [ 5.11986, 51.87921 ], [ 5.11941, 51.87868 ], [ 5.11939, 51.87863 ], [ 5.11951, 51.87821 ], [ 5.11985, 51.87794 ], [ 5.1202, 51.8777 ], [ 5.12022, 51.87753 ], [ 5.1201, 51.87733 ], [ 5.11994, 51.87697 ], [ 5.11984, 51.87669 ], [ 5.12006, 51.8761 ], [ 5.12058, 51.87546 ], [ 5.12129, 51.87417 ], [ 5.12151, 51.87388 ], [ 5.12175, 51.87377 ], [ 5.12273, 51.87345 ], [ 5.12309, 51.87307 ], [ 5.12319, 51.87257 ], [ 5.12324, 51.87244 ], [ 5.12413, 51.87202 ], [ 5.12492, 51.87176 ], [ 5.12591, 51.87164 ], [ 5.12643, 51.87168 ], [ 5.12835, 51.87217 ], [ 5.13164, 51.87285 ], [ 5.13219, 51.87313 ], [ 5.13283, 51.87356 ], [ 5.13374, 51.87424 ], [ 5.13401, 51.87455 ], [ 5.13406, 51.87476 ], [ 5.13443, 51.87472 ], [ 5.13469, 51.87477 ], [ 5.13486, 51.87489 ], [ 5.13547, 51.8762 ], [ 5.1357, 51.87663 ], [ 5.13624, 51.87688 ], [ 5.13729, 51.87752 ], [ 5.1375, 51.87763 ], [ 5.1378, 51.87826 ], [ 5.13782, 51.87866 ], [ 5.13777, 51.8788 ], [ 5.13756, 51.87905 ], [ 5.13755, 51.87919 ], [ 5.13662, 51.8795 ], [ 5.13555, 51.88011 ], [ 5.13526, 51.88032 ], [ 5.13489, 51.88129 ], [ 5.13444, 51.88153 ], [ 5.13432, 51.8818 ], [ 5.13435, 51.88211 ], [ 5.13448, 51.88223 ], [ 5.13559, 51.88247 ], [ 5.13612, 51.88274 ], [ 5.13645, 51.88296 ], [ 5.13679, 51.88308 ], [ 5.13891, 51.88362 ], [ 5.13918, 51.88363 ], [ 5.1396, 51.88354 ], [ 5.13972, 51.88344 ], [ 5.14017, 51.88273 ], [ 5.14046, 51.88266 ], [ 5.14131, 51.88282 ], [ 5.14124, 51.88256 ], [ 5.14109, 51.88229 ], [ 5.14094, 51.88215 ], [ 5.14093, 51.88197 ], [ 5.1411, 51.88176 ], [ 5.14279, 51.8806 ], [ 5.14289, 51.88049 ], [ 5.14358, 51.88092 ], [ 5.14526, 51.87978 ], [ 5.14553, 51.87964 ], [ 5.14636, 51.87925 ], [ 5.14738, 51.87887 ], [ 5.14849, 51.87863 ], [ 5.14871, 51.87884 ], [ 5.14889, 51.87885 ], [ 5.14911, 51.87881 ], [ 5.14935, 51.8788 ], [ 5.15134, 51.87943 ], [ 5.15165, 51.87978 ], [ 5.1525, 51.88004 ], [ 5.15274, 51.88023 ], [ 5.15094, 51.88075 ], [ 5.15113, 51.88099 ] ] } },
{ "type": "Feature", "properties": { "klompenpad_naam": "Reckense-Markepad", "url": "https://klompenpaden.nl/klompenpaden/Reckense-Markepad/647648ed-4b55-4839-b3fe-2b5d177e6852", "date": null }, "geometry": { "type": "LineString", "coordinates": [ [ 6.75267, 52.09721 ], [ 6.7525, 52.09771 ], [ 6.75327, 52.09784 ], [ 6.75347, 52.09828 ], [ 6.75432, 52.09818 ], [ 6.75558, 52.09781 ], [ 6.75567, 52.09784 ], [ 6.75558, 52.09781 ], [ 6.75553, 52.0978 ], [ 6.755, 52.09798 ], [ 6.75567, 52.09784 ], [ 6.75558, 52.09781 ], [ 6.75567, 52.09784 ], [ 6.75574, 52.09786 ], [ 6.75574, 52.09786 ], [ 6.75567, 52.09784 ], [ 6.75574, 52.09786 ], [ 6.75582, 52.09791 ], [ 6.75582, 52.09791 ], [ 6.75574, 52.09786 ], [ 6.75582, 52.09791 ], [ 6.75586, 52.09795 ], [ 6.75586, 52.09795 ], [ 6.75582, 52.09791 ], [ 6.75586, 52.09795 ], [ 6.75596, 52.09804 ], [ 6.755, 52.09798 ], [ 6.75554, 52.0978 ], [ 6.75558, 52.09781 ], [ 6.755, 52.09798 ], [ 6.75448, 52.09815 ], [ 6.75596, 52.09804 ], [ 6.75586, 52.09795 ], [ 6.75596, 52.09804 ], [ 6.75617, 52.09824 ], [ 6.75596, 52.09804 ], [ 6.75448, 52.09815 ], [ 6.755, 52.09798 ], [ 6.75448, 52.09815 ], [ 6.75432, 52.09818 ], [ 6.75432, 52.09818 ], [ 6.75448, 52.09815 ], [ 6.75432, 52.09818 ], [ 6.7542, 52.09821 ], [ 6.75409, 52.09838 ], [ 6.75115, 52.09874 ], [ 6.751, 52.09873 ], [ 6.7508, 52.09865 ], [ 6.74819, 52.09895 ], [ 6.74682, 52.09913 ], [ 6.74608, 52.09922 ], [ 6.74598, 52.09936 ], [ 6.74512, 52.09945 ], [ 6.74305, 52.0997 ], [ 6.74252, 52.09979 ], [ 6.74275, 52.10007 ], [ 6.74374, 52.10108 ], [ 6.74446, 52.102 ], [ 6.74538, 52.10292 ], [ 6.74649, 52.10416 ], [ 6.74621, 52.10445 ], [ 6.74331, 52.10569 ], [ 6.74523, 52.10638 ], [ 6.74419, 52.10815 ], [ 6.74411, 52.10813 ], [ 6.74384, 52.1086 ], [ 6.74372, 52.10871 ], [ 6.74315, 52.10848 ], [ 6.74264, 52.10831 ], [ 6.7423, 52.10817 ], [ 6.74115, 52.10774 ], [ 6.74098, 52.10794 ], [ 6.74142, 52.10799 ], [ 6.7417, 52.10808 ], [ 6.7417, 52.10815 ], [ 6.74166, 52.10823 ], [ 6.74085, 52.10902 ], [ 6.74046, 52.10945 ], [ 6.73884, 52.10885 ], [ 6.73817, 52.10864 ], [ 6.73755, 52.10834 ], [ 6.73721, 52.10779 ], [ 6.73726, 52.10663 ], [ 6.73712, 52.10664 ], [ 6.7354, 52.10705 ], [ 6.73512, 52.10708 ], [ 6.7348, 52.10705 ], [ 6.73379, 52.10678 ], [ 6.73152, 52.10626 ], [ 6.73125, 52.10613 ], [ 6.72947, 52.10566 ], [ 6.72825, 52.10536 ], [ 6.7279, 52.10537 ], [ 6.72691, 52.10511 ], [ 6.72522, 52.10473 ], [ 6.7238, 52.10512 ], [ 6.72375, 52.10507 ], [ 6.72331, 52.10436 ], [ 6.72226, 52.1028 ], [ 6.72209, 52.1025 ], [ 6.72183, 52.10212 ], [ 6.72166, 52.10199 ], [ 6.72109, 52.10167 ], [ 6.72049, 52.1014 ], [ 6.71946, 52.10103 ], [ 6.71957, 52.1009 ], [ 6.71989, 52.10075 ], [ 6.72016, 52.10059 ], [ 6.7198, 52.10039 ], [ 6.71808, 52.09949 ], [ 6.71729, 52.09928 ], [ 6.71677, 52.09912 ], [ 6.71643, 52.09901 ], [ 6.71634, 52.09894 ], [ 6.71545, 52.09727 ], [ 6.71481, 52.09732 ], [ 6.71393, 52.09723 ], [ 6.71372, 52.09702 ], [ 6.71241, 52.09672 ], [ 6.71194, 52.09658 ], [ 6.71208, 52.09646 ], [ 6.71916, 52.09355 ], [ 6.72078, 52.09498 ], [ 6.72151, 52.09489 ], [ 6.72176, 52.09471 ], [ 6.72204, 52.09445 ], [ 6.72264, 52.09402 ], [ 6.72286, 52.09389 ], [ 6.72345, 52.09378 ], [ 6.72391, 52.09377 ], [ 6.72436, 52.09362 ], [ 6.72455, 52.0935 ], [ 6.72517, 52.09344 ], [ 6.72557, 52.09336 ], [ 6.72643, 52.0933 ], [ 6.72662, 52.09316 ], [ 6.7264, 52.09297 ], [ 6.72613, 52.09245 ], [ 6.72584, 52.09215 ], [ 6.72569, 52.0918 ], [ 6.72512, 52.09175 ], [ 6.72404, 52.09188 ], [ 6.72188, 52.09243 ], [ 6.72049, 52.09293 ], [ 6.71913, 52.09351 ], [ 6.71874, 52.0931 ], [ 6.71859, 52.0929 ], [ 6.71813, 52.09277 ], [ 6.7176, 52.09288 ], [ 6.71621, 52.09327 ], [ 6.71572, 52.09336 ], [ 6.71541, 52.09332 ], [ 6.71514, 52.09325 ], [ 6.71567, 52.09287 ], [ 6.71587, 52.09278 ], [ 6.71568, 52.09249 ], [ 6.71656, 52.09221 ], [ 6.71829, 52.09172 ], [ 6.71904, 52.09162 ], [ 6.72036, 52.09116 ], [ 6.72082, 52.09163 ], [ 6.72126, 52.09212 ], [ 6.72197, 52.09193 ], [ 6.72218, 52.09201 ], [ 6.72645, 52.09066 ], [ 6.72908, 52.08993 ], [ 6.7305, 52.0896 ], [ 6.73159, 52.08928 ], [ 6.73215, 52.08896 ], [ 6.73303, 52.08852 ], [ 6.73346, 52.08852 ], [ 6.73398, 52.08881 ], [ 6.7359, 52.08873 ], [ 6.73581, 52.08885 ], [ 6.73543, 52.08919 ], [ 6.73502, 52.08952 ], [ 6.73489, 52.08958 ], [ 6.73433, 52.08957 ], [ 6.73465, 52.08982 ], [ 6.73481, 52.08984 ], [ 6.73508, 52.08996 ], [ 6.73563, 52.09017 ], [ 6.73579, 52.09026 ], [ 6.73672, 52.09081 ], [ 6.73722, 52.09121 ], [ 6.73751, 52.09137 ], [ 6.73816, 52.09145 ], [ 6.73877, 52.09158 ], [ 6.74016, 52.09172 ], [ 6.74018, 52.09197 ], [ 6.7401, 52.09221 ], [ 6.74082, 52.09235 ], [ 6.74152, 52.09251 ], [ 6.74208, 52.09262 ], [ 6.7423, 52.09261 ], [ 6.74288, 52.09279 ], [ 6.74302, 52.09284 ], [ 6.74307, 52.09292 ], [ 6.74316, 52.09295 ], [ 6.74334, 52.09293 ], [ 6.74428, 52.09319 ], [ 6.74461, 52.09325 ], [ 6.74464, 52.09329 ], [ 6.745, 52.09336 ], [ 6.74515, 52.09356 ], [ 6.74533, 52.09375 ], [ 6.74537, 52.09398 ], [ 6.74548, 52.09412 ], [ 6.74564, 52.09425 ], [ 6.74616, 52.09458 ], [ 6.74635, 52.09466 ], [ 6.74659, 52.09456 ], [ 6.74854, 52.09498 ], [ 6.74883, 52.09511 ], [ 6.74953, 52.09568 ], [ 6.74992, 52.09585 ], [ 6.75001, 52.09594 ], [ 6.75012, 52.096 ], [ 6.7509, 52.09606 ], [ 6.75157, 52.09602 ], [ 6.75172, 52.09609 ], [ 6.7525, 52.0959 ], [ 6.7529, 52.09591 ], [ 6.75318, 52.09593 ], [ 6.75326, 52.09637 ], [ 6.75335, 52.09675 ], [ 6.75335, 52.09682 ], [ 6.75328, 52.09687 ], [ 6.75302, 52.09688 ], [ 6.75269, 52.09702 ], [ 6.75268, 52.09718 ], [ 6.75267, 52.09721 ], [ 6.7525, 52.09771 ], [ 6.75327, 52.09784 ], [ 6.75347, 52.09828 ], [ 6.75432, 52.09818 ], [ 6.75558, 52.09781 ], [ 6.75567, 52.09784 ], [ 6.75558, 52.09781 ], [ 6.75553, 52.0978 ], [ 6.755, 52.09798 ], [ 6.75567, 52.09784 ], [ 6.75558, 52.09781 ], [ 6.75567, 52.09784 ], [ 6.75574, 52.09786 ], [ 6.75574, 52.09786 ], [ 6.75567, 52.09784 ], [ 6.75574, 52.09786 ], [ 6.75582, 52.09791 ], [ 6.75582, 52.09791 ], [ 6.75574, 52.09786 ], [ 6.75582, 52.09791 ], [ 6.75586, 52.09795 ], [ 6.75586, 52.09795 ], [ 6.75582, 52.09791 ], [ 6.75586, 52.09795 ], [ 6.75596, 52.09804 ], [ 6.755, 52.09798 ], [ 6.75554, 52.0978 ], [ 6.75558, 52.09781 ], [ 6.755, 52.09798 ], [ 6.75448, 52.09815 ], [ 6.75596, 52.09804 ], [ 6.75586, 52.09795 ], [ 6.75596, 52.09804 ], [ 6.75617, 52.09824 ], [ 6.75596, 52.09804 ], [ 6.75448, 52.09815 ], [ 6.755, 52.09798 ], [ 6.75448, 52.09815 ], [ 6.75432, 52.09818 ], [ 6.75432, 52.09818 ], [ 6.75448, 52.09815 ], [ 6.75432, 52.09818 ], [ 6.7542, 52.09821 ], [ 6.75409, 52.09838 ], [ 6.75115, 52.09874 ], [ 6.751, 52.09873 ], [ 6.7508, 52.09865 ], [ 6.74819, 52.09895 ], [ 6.74682, 52.09913 ], [ 6.74608, 52.09922 ], [ 6.74598, 52.09936 ], [ 6.74512, 52.09945 ], [ 6.74305, 52.0997 ], [ 6.74252, 52.09979 ], [ 6.74275, 52.10007 ], [ 6.74374, 52.10108 ], [ 6.74446, 52.102 ], [ 6.74538, 52.10292 ], [ 6.74649, 52.10416 ], [ 6.74621, 52.10445 ], [ 6.74331, 52.10569 ], [ 6.74523, 52.10638 ], [ 6.74419, 52.10815 ], [ 6.74411, 52.10813 ], [ 6.74384, 52.1086 ], [ 6.74372, 52.10871 ], [ 6.74315, 52.10848 ], [ 6.74264, 52.10831 ], [ 6.7423, 52.10817 ], [ 6.74115, 52.10774 ], [ 6.74098, 52.10794 ], [ 6.74142, 52.10799 ], [ 6.7417, 52.10808 ], [ 6.7417, 52.10815 ], [ 6.74166, 52.10823 ], [ 6.74085, 52.10902 ], [ 6.74046, 52.10945 ], [ 6.73884, 52.10885 ], [ 6.73817, 52.10864 ], [ 6.73755, 52.10834 ], [ 6.73721, 52.10779 ], [ 6.73726, 52.10663 ], [ 6.73712, 52.10664 ], [ 6.7354, 52.10705 ], [ 6.73512, 52.10708 ], [ 6.7348, 52.10705 ], [ 6.73379, 52.10678 ], [ 6.73152, 52.10626 ], [ 6.73125, 52.10613 ], [ 6.72947, 52.10566 ], [ 6.72825, 52.10536 ], [ 6.7279, 52.10537 ], [ 6.72691, 52.10511 ], [ 6.72522, 52.10473 ], [ 6.7238, 52.10512 ], [ 6.72375, 52.10507 ], [ 6.72331, 52.10436 ], [ 6.72226, 52.1028 ], [ 6.72209, 52.1025 ], [ 6.72183, 52.10212 ], [ 6.72166, 52.10199 ], [ 6.72109, 52.10167 ], [ 6.72049, 52.1014 ], [ 6.71946, 52.10103 ], [ 6.71957, 52.1009 ], [ 6.71989, 52.10075 ], [ 6.72016, 52.10059 ], [ 6.7198, 52.10039 ], [ 6.71808, 52.09949 ], [ 6.71729, 52.09928 ], [ 6.71677, 52.09912 ], [ 6.71643, 52.09901 ], [ 6.71634, 52.09894 ], [ 6.71545, 52.09727 ], [ 6.71481, 52.09732 ], [ 6.71393, 52.09723 ], [ 6.71372, 52.09702 ], [ 6.71241, 52.09672 ], [ 6.71194, 52.09658 ], [ 6.71208, 52.09646 ], [ 6.71916, 52.09355 ], [ 6.72078, 52.09498 ], [ 6.72151, 52.09489 ], [ 6.72176, 52.09471 ], [ 6.72204, 52.09445 ], [ 6.72264, 52.09402 ], [ 6.72286, 52.09389 ], [ 6.72345, 52.09378 ], [ 6.72391, 52.09377 ], [ 6.72436, 52.09362 ], [ 6.72455, 52.0935 ], [ 6.72517, 52.09344 ], [ 6.72557, 52.09336 ], [ 6.72643, 52.0933 ], [ 6.72662, 52.09316 ], [ 6.7264, 52.09297 ], [ 6.72613, 52.09245 ], [ 6.72584, 52.09215 ], [ 6.72569, 52.0918 ], [ 6.72512, 52.09175 ], [ 6.72404, 52.09188 ], [ 6.72188, 52.09243 ], [ 6.72049, 52.09293 ], [ 6.71913, 52.09351 ], [ 6.71874, 52.0931 ], [ 6.71859, 52.0929 ], [ 6.71813, 52.09277 ], [ 6.7176, 52.09288 ], [ 6.71621, 52.09327 ], [ 6.71572, 52.09336 ], [ 6.71541, 52.09332 ], [ 6.71514, 52.09325 ], [ 6.71567, 52.09287 ], [ 6.71587, 52.09278 ], [ 6.71568, 52.09249 ], [ 6.71656, 52.09221 ], [ 6.71829, 52.09172 ], [ 6.71904, 52.09162 ], [ 6.72036, 52.09116 ], [ 6.72082, 52.09163 ], [ 6.72126, 52.09212 ], [ 6.72197, 52.09193 ], [ 6.72218, 52.09201 ], [ 6.72645, 52.09066 ], [ 6.72908, 52.08993 ], [ 6.7305, 52.0896 ], [ 6.73159, 52.08928 ], [ 6.73215, 52.08896 ], [ 6.73303, 52.08852 ], [ 6.73346, 52.08852 ], [ 6.73398, 52.08881 ], [ 6.7359, 52.08873 ], [ 6.73581, 52.08885 ], [ 6.73543, 52.08919 ], [ 6.73502, 52.08952 ], [ 6.73489, 52.08958 ], [ 6.73433, 52.08957 ], [ 6.73465, 52.08982 ], [ 6.73481, 52.08984 ], [ 6.73508, 52.08996 ], [ 6.73563, 52.09017 ], [ 6.73579, 52.09026 ], [ 6.73672, 52.09081 ], [ 6.73722, 52.09121 ], [ 6.73751, 52.09137 ], [ 6.73816, 52.09145 ], [ 6.73877, 52.09158 ], [ 6.74016, 52.09172 ], [ 6.74018, 52.09197 ], [ 6.7401, 52.09221 ], [ 6.74082, 52.09235 ], [ 6.74152, 52.09251 ], [ 6.74208, 52.09262 ], [ 6.7423, 52.09261 ], [ 6.74288, 52.09279 ], [ 6.74302, 52.09284 ], [ 6.74307, 52.09292 ], [ 6.74316, 52.09295 ], [ 6.74334, 52.09293 ], [ 6.74428, 52.09319 ], [ 6.74461, 52.09325 ], [ 6.74464, 52.09329 ], [ 6.745, 52.09336 ], [ 6.74515, 52.09356 ], [ 6.74533, 52.09375 ], [ 6.74537, 52.09398 ], [ 6.74548, 52.09412 ], [ 6.74564, 52.09425 ], [ 6.74616, 52.09458 ], [ 6.74635, 52.09466 ], [ 6.74659, 52.09456 ], [ 6.74854, 52.09498 ], [ 6.74883, 52.09511 ], [ 6.74953, 52.09568 ], [ 6.74992, 52.09585 ], [ 6.75001, 52.09594 ], [ 6.75012, 52.096 ], [ 6.7509, 52.09606 ], [ 6.75157, 52.09602 ], [ 6.75172, 52.09609 ], [ 6.7525, 52.0959 ], [ 6.7529, 52.09591 ], [ 6.75318, 52.09593 ], [ 6.75326, 52.09637 ], [ 6.75335, 52.09675 ], [ 6.75335, 52.09682 ], [ 6.75328, 52.09687 ], [ 6.75302, 52.09688 ], [ 6.75269, 52.09702 ], [ 6.75268, 52.09718 ] ] } },
{ "type": "Feature", "properties": { "klompenpad_naam": "Plaggenstekerspad", "url": "https://klompenpaden.nl/klompenpaden/Plaggenstekerspad/92f626a0-9b9b-434f-b704-576f54ba9ba2", "date": null }, "geometry": { "type": "LineString", "coordinates": [ [ 5.89104, 52.12057 ], [ 5.88947, 52.12298 ], [ 5.88947, 52.12298 ], [ 5.88883, 52.12254 ], [ 5.88696, 52.12139 ], [ 5.88572, 52.12059 ], [ 5.88492, 52.12188 ], [ 5.88425, 52.12288 ], [ 5.88337, 52.12432 ], [ 5.883, 52.12423 ], [ 5.88035, 52.12226 ], [ 5.88093, 52.12136 ], [ 5.87915, 52.12133 ], [ 5.87894, 52.12036 ], [ 5.87909, 52.12025 ], [ 5.87915, 52.1201 ], [ 5.87915, 52.11993 ], [ 5.87961, 52.11973 ], [ 5.87994, 52.11897 ], [ 5.87997, 52.11865 ], [ 5.88105, 52.11876 ], [ 5.88201, 52.11889 ], [ 5.88284, 52.11896 ], [ 5.88309, 52.11879 ], [ 5.88281, 52.11865 ], [ 5.88254, 52.1179 ], [ 5.88258, 52.11782 ], [ 5.88266, 52.11689 ], [ 5.88197, 52.1169 ], [ 5.88175, 52.1166 ], [ 5.88115, 52.11602 ], [ 5.88022, 52.11628 ], [ 5.87998, 52.11632 ], [ 5.87963, 52.11644 ], [ 5.87946, 52.11646 ], [ 5.87932, 52.1165 ], [ 5.87886, 52.11669 ], [ 5.87875, 52.11676 ], [ 5.87744, 52.11637 ], [ 5.87681, 52.11709 ], [ 5.87637, 52.11756 ], [ 5.87637, 52.1177 ], [ 5.87583, 52.11776 ], [ 5.87564, 52.11782 ], [ 5.87504, 52.11787 ], [ 5.87453, 52.11796 ], [ 5.87434, 52.11795 ], [ 5.87412, 52.11796 ], [ 5.87306, 52.11775 ], [ 5.87273, 52.11806 ], [ 5.87274, 52.11818 ], [ 5.8727, 52.11821 ], [ 5.87279, 52.1184 ], [ 5.87246, 52.11938 ], [ 5.8724, 52.11971 ], [ 5.87243, 52.11992 ], [ 5.87245, 52.12013 ], [ 5.87272, 52.12055 ], [ 5.87254, 52.12065 ], [ 5.87124, 52.12179 ], [ 5.87234, 52.12227 ], [ 5.87258, 52.12237 ], [ 5.87301, 52.12242 ], [ 5.87332, 52.12259 ], [ 5.87352, 52.12273 ], [ 5.87414, 52.1233 ], [ 5.87455, 52.12333 ], [ 5.8747, 52.12345 ], [ 5.87494, 52.12357 ], [ 5.87549, 52.12359 ], [ 5.8755, 52.1236 ], [ 5.87637, 52.12358 ], [ 5.87703, 52.12354 ], [ 5.87768, 52.12353 ], [ 5.87994, 52.12423 ], [ 5.88018, 52.1244 ], [ 5.88031, 52.12474 ], [ 5.88046, 52.12509 ], [ 5.88104, 52.12559 ], [ 5.88137, 52.12611 ], [ 5.88142, 52.12622 ], [ 5.88165, 52.12734 ], [ 5.88239, 52.12739 ], [ 5.88205, 52.12881 ], [ 5.88178, 52.12942 ], [ 5.88177, 52.12941 ], [ 5.88234, 52.12998 ], [ 5.8832, 52.13075 ], [ 5.88349, 52.13067 ], [ 5.88396, 52.13041 ], [ 5.88422, 52.13018 ], [ 5.88451, 52.12999 ], [ 5.88464, 52.12973 ], [ 5.88458, 52.12951 ], [ 5.88515, 52.12921 ], [ 5.88538, 52.12892 ], [ 5.88581, 52.12859 ], [ 5.88578, 52.12839 ], [ 5.88598, 52.12821 ], [ 5.88642, 52.12776 ], [ 5.88663, 52.12743 ], [ 5.88663, 52.12709 ], [ 5.88735, 52.12762 ], [ 5.89531, 52.13387 ], [ 5.89597, 52.13342 ], [ 5.89618, 52.13325 ], [ 5.89675, 52.13288 ], [ 5.8974, 52.13236 ], [ 5.89888, 52.13128 ], [ 5.89928, 52.13159 ], [ 5.90029, 52.13222 ], [ 5.90258, 52.13284 ], [ 5.90247, 52.13182 ], [ 5.90277, 52.1301 ], [ 5.90271, 52.12953 ], [ 5.90319, 52.12968 ], [ 5.90362, 52.12984 ], [ 5.90404, 52.12994 ], [ 5.90448, 52.12996 ], [ 5.90486, 52.13005 ], [ 5.90529, 52.13012 ], [ 5.90561, 52.13014 ], [ 5.90714, 52.13038 ], [ 5.90867, 52.13059 ], [ 5.90888, 52.13053 ], [ 5.90875, 52.13009 ], [ 5.90866, 52.12969 ], [ 5.90918, 52.12963 ], [ 5.90905, 52.12927 ], [ 5.90886, 52.12891 ], [ 5.9092, 52.12857 ], [ 5.90951, 52.12847 ], [ 5.90996, 52.1279 ], [ 5.91027, 52.12763 ], [ 5.91055, 52.12771 ], [ 5.91148, 52.12806 ], [ 5.9121, 52.12827 ], [ 5.91263, 52.12834 ], [ 5.91293, 52.12794 ], [ 5.91305, 52.12766 ], [ 5.91345, 52.12741 ], [ 5.91394, 52.12701 ], [ 5.91393, 52.1264 ], [ 5.91313, 52.12615 ], [ 5.91223, 52.12608 ], [ 5.91022, 52.1258 ], [ 5.90966, 52.12581 ], [ 5.90938, 52.12583 ], [ 5.90913, 52.1257 ], [ 5.90825, 52.12554 ], [ 5.90816, 52.12542 ], [ 5.90796, 52.12538 ], [ 5.90715, 52.1253 ], [ 5.90508, 52.12502 ], [ 5.9057, 52.12274 ], [ 5.90617, 52.12112 ], [ 5.90157, 52.1206 ], [ 5.90102, 52.12136 ], [ 5.90034, 52.12217 ], [ 5.90003, 52.12257 ], [ 5.89971, 52.12292 ], [ 5.89906, 52.12317 ], [ 5.89723, 52.12393 ], [ 5.89812, 52.12445 ], [ 5.89578, 52.12547 ], [ 5.89494, 52.12557 ], [ 5.89412, 52.12585 ], [ 5.8911, 52.12387 ], [ 5.88947, 52.12298 ], [ 5.88322, 52.13077 ], [ 5.88384, 52.13136 ], [ 5.88292, 52.13244 ], [ 5.88262, 52.13231 ], [ 5.88222, 52.13229 ], [ 5.882, 52.13225 ], [ 5.88147, 52.13201 ], [ 5.88122, 52.13194 ], [ 5.88096, 52.1319 ], [ 5.8807, 52.13193 ], [ 5.88055, 52.13197 ], [ 5.88048, 52.13204 ], [ 5.88046, 52.13209 ], [ 5.88053, 52.13222 ], [ 5.88062, 52.13233 ], [ 5.88072, 52.1324 ], [ 5.88081, 52.13243 ], [ 5.88093, 52.13247 ], [ 5.88105, 52.13249 ], [ 5.8813, 52.13246 ], [ 5.8816, 52.13238 ], [ 5.88186, 52.13221 ] ] } },
{ "type": "Feature", "properties": { "klompenpad_naam": "Paradijspad", "url": "https://klompenpaden.nl/klompenpaden/Paradijspad/c1ec979b-433f-4d7d-8a2d-d5e489420037", "date": null }, "geometry": { "type": "LineString", "coordinates": [ [ 5.53001, 52.14731 ], [ 5.53, 52.14731 ], [ 5.53, 52.14731 ], [ 5.52999, 52.14701 ], [ 5.53002, 52.14535 ], [ 5.53012, 52.14335 ], [ 5.53028, 52.1394 ], [ 5.53034, 52.13733 ], [ 5.53047, 52.13728 ], [ 5.53498, 52.13668 ], [ 5.53495, 52.13761 ], [ 5.535, 52.13766 ], [ 5.53714, 52.13734 ], [ 5.53776, 52.13728 ], [ 5.53795, 52.13662 ], [ 5.53973, 52.13676 ], [ 5.53982, 52.1361 ], [ 5.54133, 52.13635 ], [ 5.54188, 52.13413 ], [ 5.53, 52.14731 ], [ 5.52979, 52.14734 ], [ 5.52982, 52.14873 ], [ 5.52905, 52.14891 ], [ 5.52893, 52.14902 ], [ 5.52834, 52.14908 ], [ 5.5288, 52.1495 ], [ 5.52931, 52.14941 ], [ 5.52967, 52.14937 ], [ 5.53031, 52.14947 ], [ 5.53074, 52.1494 ], [ 5.53097, 52.14941 ], [ 5.5322, 52.14926 ], [ 5.5321, 52.14894 ], [ 5.5321, 52.14894 ], [ 5.5321, 52.14894 ], [ 5.54064, 52.149 ], [ 5.54018, 52.1488 ], [ 5.54025, 52.14833 ], [ 5.54016, 52.14788 ], [ 5.54013, 52.14753 ], [ 5.53978, 52.14735 ], [ 5.53934, 52.14699 ], [ 5.5397, 52.1465 ], [ 5.54005, 52.14608 ], [ 5.54015, 52.14609 ], [ 5.54017, 52.14602 ], [ 5.54065, 52.14605 ], [ 5.54075, 52.14601 ], [ 5.54061, 52.14541 ], [ 5.5388, 52.14558 ], [ 5.53821, 52.14536 ], [ 5.53719, 52.14491 ], [ 5.53628, 52.14466 ], [ 5.53591, 52.14495 ], [ 5.53475, 52.14602 ], [ 5.53477, 52.14616 ], [ 5.53484, 52.14636 ], [ 5.53469, 52.14649 ], [ 5.5347, 52.14659 ], [ 5.53493, 52.14693 ], [ 5.53517, 52.14725 ], [ 5.5349, 52.14731 ], [ 5.53479, 52.14736 ], [ 5.53528, 52.1482 ], [ 5.53527, 52.14823 ], [ 5.53504, 52.14833 ], [ 5.53436, 52.14847 ], [ 5.53424, 52.14852 ], [ 5.53398, 52.14857 ], [ 5.53334, 52.14873 ], [ 5.53291, 52.1488 ], [ 5.53248, 52.14882 ], [ 5.5321, 52.14894 ], [ 5.54064, 52.149 ], [ 5.54079, 52.15115 ], [ 5.54084, 52.15132 ], [ 5.5413, 52.15189 ], [ 5.54141, 52.15216 ], [ 5.54153, 52.15258 ], [ 5.5415, 52.15291 ], [ 5.54138, 52.15343 ], [ 5.54128, 52.15397 ], [ 5.5413, 52.15428 ], [ 5.54159, 52.15514 ], [ 5.54171, 52.15553 ], [ 5.54179, 52.15567 ], [ 5.5419, 52.15573 ], [ 5.54233, 52.15582 ], [ 5.54252, 52.1559 ], [ 5.54513, 52.15545 ], [ 5.54502, 52.1548 ], [ 5.54545, 52.15397 ], [ 5.5457, 52.15353 ], [ 5.54566, 52.15331 ], [ 5.54586, 52.15291 ], [ 5.54591, 52.15247 ], [ 5.54607, 52.15229 ], [ 5.54611, 52.15203 ], [ 5.54616, 52.15176 ], [ 5.54608, 52.15144 ], [ 5.54589, 52.15114 ], [ 5.54571, 52.15094 ], [ 5.54556, 52.15082 ], [ 5.54536, 52.15035 ], [ 5.54511, 52.15013 ], [ 5.54473, 52.14988 ], [ 5.54438, 52.14963 ], [ 5.54425, 52.14951 ], [ 5.54387, 52.14981 ], [ 5.54357, 52.14961 ], [ 5.54318, 52.14941 ], [ 5.54274, 52.14934 ], [ 5.54242, 52.14935 ], [ 5.54222, 52.14944 ], [ 5.54165, 52.14921 ], [ 5.54133, 52.14917 ], [ 5.54103, 52.14919 ], [ 5.54098, 52.14911 ], [ 5.54064, 52.149 ] ] } },
{ "type": "Feature", "properties": { "klompenpad_naam": "Paddenpad", "url": "https://klompenpaden.nl/klompenpaden/Paddenpad/80911615-44ca-4f70-99e5-0fa6f3f1a237", "date": null }, "geometry": { "type": "LineString", "coordinates": [ [ 6.06476, 52.42763 ], [ 6.06574, 52.42926 ], [ 6.06411, 52.42949 ], [ 6.06408, 52.42957 ], [ 6.06393, 52.42962 ], [ 6.06348, 52.42971 ], [ 6.06382, 52.43054 ], [ 6.06173, 52.43096 ], [ 6.06165, 52.43107 ], [ 6.06139, 52.43111 ], [ 6.06134, 52.4312 ], [ 6.06113, 52.43145 ], [ 6.06082, 52.43152 ], [ 6.0609, 52.43261 ], [ 6.06136, 52.43427 ], [ 6.05853, 52.43444 ], [ 6.05954, 52.43758 ], [ 6.05875, 52.43783 ], [ 6.05948, 52.43972 ], [ 6.06577, 52.44093 ], [ 6.06611, 52.44101 ], [ 6.06626, 52.44075 ], [ 6.06641, 52.44034 ], [ 6.06712, 52.44037 ], [ 6.06729, 52.44044 ], [ 6.06761, 52.4404 ], [ 6.06791, 52.44029 ], [ 6.06802, 52.44029 ], [ 6.06828, 52.44003 ], [ 6.06835, 52.43988 ], [ 6.06876, 52.43947 ], [ 6.07092, 52.44018 ], [ 6.07109, 52.44019 ], [ 6.07113, 52.43962 ], [ 6.07157, 52.43962 ], [ 6.07157, 52.43913 ], [ 6.07196, 52.43905 ], [ 6.07219, 52.43893 ], [ 6.07228, 52.43882 ], [ 6.0726, 52.43875 ], [ 6.07255, 52.4386 ], [ 6.07288, 52.4385 ], [ 6.07359, 52.43841 ], [ 6.07365, 52.43848 ], [ 6.07371, 52.43937 ], [ 6.07354, 52.44001 ], [ 6.07343, 52.44057 ], [ 6.07326, 52.44127 ], [ 6.07319, 52.44174 ], [ 6.07304, 52.44254 ], [ 6.07307, 52.4427 ], [ 6.07333, 52.44305 ], [ 6.07456, 52.44301 ], [ 6.07532, 52.44375 ], [ 6.07585, 52.44441 ], [ 6.07649, 52.44467 ], [ 6.07753, 52.44507 ], [ 6.07794, 52.44517 ], [ 6.07847, 52.44526 ], [ 6.07924, 52.44527 ], [ 6.07997, 52.44525 ], [ 6.08429, 52.44444 ], [ 6.08409, 52.44414 ], [ 6.0838, 52.4438 ], [ 6.08349, 52.44358 ], [ 6.08347, 52.44346 ], [ 6.08318, 52.44316 ], [ 6.0831, 52.44301 ], [ 6.08317, 52.44285 ], [ 6.08354, 52.44267 ], [ 6.08306, 52.44228 ], [ 6.08291, 52.44215 ], [ 6.08272, 52.44212 ], [ 6.08255, 52.44219 ], [ 6.08238, 52.44221 ], [ 6.08224, 52.44207 ], [ 6.08143, 52.44059 ], [ 6.08232, 52.4405 ], [ 6.0827, 52.44036 ], [ 6.08303, 52.44016 ], [ 6.08325, 52.43988 ], [ 6.08329, 52.43968 ], [ 6.08328, 52.43937 ], [ 6.08333, 52.4392 ], [ 6.08347, 52.439 ], [ 6.08379, 52.43867 ], [ 6.084, 52.4384 ], [ 6.08418, 52.43825 ], [ 6.08497, 52.43817 ], [ 6.08611, 52.43804 ], [ 6.0866, 52.43796 ], [ 6.08768, 52.43763 ], [ 6.08802, 52.43751 ], [ 6.08825, 52.4375 ], [ 6.08863, 52.4381 ], [ 6.08953, 52.43807 ], [ 6.09054, 52.43821 ], [ 6.09178, 52.43793 ], [ 6.09196, 52.43791 ], [ 6.09256, 52.43806 ], [ 6.09305, 52.43807 ], [ 6.09312, 52.43799 ], [ 6.09358, 52.43796 ], [ 6.09367, 52.43789 ], [ 6.09364, 52.43758 ], [ 6.09334, 52.43638 ], [ 6.0934, 52.4358 ], [ 6.09298, 52.43431 ], [ 6.09276, 52.43324 ], [ 6.09279, 52.43249 ], [ 6.09281, 52.43219 ], [ 6.09291, 52.4318 ], [ 6.09298, 52.43115 ], [ 6.09302, 52.43041 ], [ 6.09301, 52.42999 ], [ 6.09304, 52.42854 ], [ 6.09313, 52.42749 ], [ 6.0932, 52.42504 ], [ 6.09333, 52.42319 ], [ 6.09324, 52.42261 ], [ 6.0931, 52.42227 ], [ 6.09273, 52.4218 ], [ 6.09035, 52.41903 ], [ 6.09024, 52.41885 ], [ 6.08937, 52.4192 ], [ 6.08886, 52.41942 ], [ 6.08742, 52.41999 ], [ 6.08692, 52.42023 ], [ 6.08614, 52.42084 ], [ 6.08588, 52.42091 ], [ 6.08476, 52.42093 ], [ 6.08407, 52.4211 ], [ 6.08381, 52.42112 ], [ 6.08298, 52.42058 ], [ 6.08239, 52.42026 ], [ 6.08168, 52.41989 ], [ 6.08095, 52.41958 ], [ 6.08095, 52.42024 ], [ 6.07897, 52.41921 ], [ 6.07843, 52.41883 ], [ 6.07771, 52.41837 ], [ 6.07714, 52.41783 ], [ 6.07665, 52.41768 ], [ 6.07587, 52.41773 ], [ 6.07586, 52.41867 ], [ 6.0758, 52.41942 ], [ 6.07561, 52.42007 ], [ 6.07352, 52.41986 ], [ 6.07325, 52.41977 ], [ 6.07274, 52.41948 ], [ 6.07244, 52.41935 ], [ 6.07223, 52.41932 ], [ 6.07212, 52.41935 ], [ 6.07126, 52.42021 ], [ 6.07129, 52.42073 ], [ 6.07147, 52.42152 ], [ 6.0709, 52.42149 ], [ 6.07019, 52.42137 ], [ 6.06941, 52.42132 ], [ 6.06909, 52.42135 ], [ 6.06854, 52.42145 ], [ 6.06673, 52.42162 ], [ 6.06582, 52.42173 ], [ 6.06663, 52.42406 ], [ 6.06668, 52.4244 ], [ 6.06768, 52.42719 ], [ 6.06636, 52.4274 ], [ 6.06568, 52.42747 ], [ 6.06475, 52.42761 ] ] } },
{ "type": "Feature", "properties": { "klompenpad_naam": "Overlangbroeksepad", "url": "https://klompenpaden.nl/klompenpaden/Overlangbroeksepad/72db538c-40f8-4496-aa69-fe7471768811", "date": null }, "geometry": { "type": "LineString", "coordinates": [ [ 5.34866, 51.97063 ], [ 5.3485, 51.97071 ], [ 5.34827, 51.97041 ], [ 5.34812, 51.97015 ], [ 5.34798, 51.97015 ], [ 5.34713, 51.96994 ], [ 5.34657, 51.96993 ], [ 5.34583, 51.97 ], [ 5.34584, 51.9699 ], [ 5.34581, 51.96978 ], [ 5.34578, 51.96973 ], [ 5.34572, 51.96971 ], [ 5.3455, 51.96981 ], [ 5.34526, 51.96982 ], [ 5.34474, 51.96993 ], [ 5.34446, 51.96992 ], [ 5.34424, 51.96996 ], [ 5.34412, 51.97002 ], [ 5.34404, 51.97002 ], [ 5.34409, 51.97009 ], [ 5.34443, 51.97025 ], [ 5.34413, 51.97054 ], [ 5.34373, 51.97067 ], [ 5.34508, 51.97253 ], [ 5.34552, 51.97324 ], [ 5.34571, 51.97317 ], [ 5.34679, 51.97386 ], [ 5.34673, 51.97391 ], [ 5.34753, 51.97481 ], [ 5.34703, 51.97493 ], [ 5.34708, 51.97509 ], [ 5.34718, 51.97511 ], [ 5.34747, 51.97532 ], [ 5.34775, 51.97571 ], [ 5.34753, 51.97587 ], [ 5.34862, 51.9766 ], [ 5.34907, 51.97694 ], [ 5.34956, 51.97747 ], [ 5.35018, 51.97824 ], [ 5.3505, 51.9789 ], [ 5.35074, 51.97971 ], [ 5.3508, 51.98014 ], [ 5.35085, 51.98031 ], [ 5.35113, 51.98039 ], [ 5.35099, 51.98079 ], [ 5.35084, 51.98167 ], [ 5.35106, 51.98188 ], [ 5.35101, 51.98204 ], [ 5.35131, 51.98215 ], [ 5.35327, 51.9825 ], [ 5.35671, 51.98357 ], [ 5.35772, 51.98389 ], [ 5.36315, 51.98448 ], [ 5.36741, 51.98487 ], [ 5.37034, 51.98734 ], [ 5.37324, 51.9897 ], [ 5.37456, 51.98915 ], [ 5.37589, 51.98866 ], [ 5.37564, 51.98845 ], [ 5.37828, 51.98739 ], [ 5.38016, 51.98903 ], [ 5.38314, 51.99158 ], [ 5.38281, 51.99169 ], [ 5.37439, 51.99172 ], [ 5.37314, 51.99176 ], [ 5.3694, 51.99333 ], [ 5.37007, 51.99394 ], [ 5.37055, 51.9942 ], [ 5.37334, 51.99654 ], [ 5.38073, 52.00245 ], [ 5.38165, 52.0021 ], [ 5.39038, 52.00242 ], [ 5.39038, 52.00255 ], [ 5.39047, 52.00261 ], [ 5.39243, 52.00268 ], [ 5.39567, 52.00285 ], [ 5.39617, 52.0029 ], [ 5.39662, 52.00289 ], [ 5.39782, 52.00295 ], [ 5.39844, 52.00295 ], [ 5.39872, 52.00301 ], [ 5.39892, 52.00322 ], [ 5.40101, 52.00448 ], [ 5.40115, 52.00468 ], [ 5.40143, 52.00484 ], [ 5.40135, 52.00501 ], [ 5.40077, 52.00517 ], [ 5.40196, 52.00699 ], [ 5.40217, 52.00734 ], [ 5.40246, 52.0073 ], [ 5.40319, 52.00838 ], [ 5.40352, 52.0089 ], [ 5.40345, 52.00915 ], [ 5.40366, 52.00989 ], [ 5.40451, 52.01031 ], [ 5.40547, 52.01101 ], [ 5.40551, 52.0112 ], [ 5.40747, 52.0124 ], [ 5.40747, 52.01259 ], [ 5.40973, 52.01394 ], [ 5.41362, 52.01638 ], [ 5.41387, 52.0165 ], [ 5.41426, 52.01629 ], [ 5.41451, 52.01637 ], [ 5.4147, 52.01651 ], [ 5.41466, 52.01678 ], [ 5.41538, 52.01704 ], [ 5.41634, 52.01754 ], [ 5.41709, 52.01804 ], [ 5.41858, 52.01884 ], [ 5.41956, 52.01955 ], [ 5.41967, 52.01961 ], [ 5.41981, 52.01984 ], [ 5.42047, 52.02018 ], [ 5.42064, 52.02007 ], [ 5.4208, 52.02004 ], [ 5.4213, 52.0203 ] ] } },
{ "type": "Feature", "properties": { "klompenpad_naam": "Oudenhorsterpad", "url": "https://klompenpaden.nl/klompenpaden/Oudenhorsterpad/7bde254a-ea93-46b0-b211-4c11a51e7c7b", "date": null }, "geometry": { "type": "LineString", "coordinates": [ [ 5.44894, 52.08029 ], [ 5.44911, 52.08026 ], [ 5.44977, 52.08037 ], [ 5.44996, 52.08043 ], [ 5.45011, 52.08022 ], [ 5.45029, 52.0801 ], [ 5.45049, 52.07987 ], [ 5.45108, 52.07933 ], [ 5.45184, 52.07855 ], [ 5.45413, 52.07603 ], [ 5.45651, 52.07349 ], [ 5.45726, 52.07263 ], [ 5.45946, 52.07022 ], [ 5.46264, 52.06657 ], [ 5.4641, 52.06512 ], [ 5.46562, 52.0634 ], [ 5.46602, 52.06302 ], [ 5.46723, 52.06166 ], [ 5.46877, 52.06006 ], [ 5.46923, 52.05955 ], [ 5.46951, 52.05942 ], [ 5.46978, 52.05911 ], [ 5.47006, 52.05918 ], [ 5.4684, 52.06104 ], [ 5.47049, 52.06139 ], [ 5.47061, 52.06109 ], [ 5.47308, 52.06143 ], [ 5.47322, 52.06121 ], [ 5.47556, 52.06149 ], [ 5.47688, 52.06169 ], [ 5.47724, 52.06168 ], [ 5.47937, 52.06244 ], [ 5.47949, 52.06246 ], [ 5.47807, 52.06476 ], [ 5.4776, 52.06536 ], [ 5.47662, 52.06656 ], [ 5.47628, 52.06706 ], [ 5.47607, 52.06708 ], [ 5.47656, 52.06867 ], [ 5.47695, 52.06969 ], [ 5.47723, 52.07091 ], [ 5.47699, 52.07142 ], [ 5.47661, 52.07198 ], [ 5.476, 52.07229 ], [ 5.47585, 52.07217 ], [ 5.47522, 52.07229 ], [ 5.47478, 52.07224 ], [ 5.47392, 52.07249 ], [ 5.47356, 52.07267 ], [ 5.47264, 52.07329 ], [ 5.47038, 52.07454 ], [ 5.46929, 52.07485 ], [ 5.46675, 52.07525 ], [ 5.46651, 52.07537 ], [ 5.46587, 52.07612 ], [ 5.46567, 52.07662 ], [ 5.4656, 52.07719 ], [ 5.4654, 52.07783 ], [ 5.46524, 52.07807 ], [ 5.46487, 52.07827 ], [ 5.46398, 52.07848 ], [ 5.46289, 52.07863 ], [ 5.46154, 52.07885 ], [ 5.46062, 52.07907 ], [ 5.45973, 52.0794 ], [ 5.45797, 52.08046 ], [ 5.45637, 52.08132 ], [ 5.45625, 52.08143 ], [ 5.45226, 52.08069 ], [ 5.45011, 52.08026 ], [ 5.45, 52.08039 ], [ 5.44992, 52.08042 ], [ 5.44948, 52.08031 ], [ 5.44911, 52.08025 ], [ 5.44897, 52.08028 ] ] } },
{ "type": "Feature", "properties": { "klompenpad_naam": "Oldenallerpad", "url": "https://klompenpaden.nl/klompenpaden/Oldenallerpad/16b978ef-429f-4d38-8e0c-11e8d920d657", "date": null }, "geometry": { "type": "LineString", "coordinates": [ [ 5.55207, 52.24668 ], [ 5.55129, 52.24636 ], [ 5.55023, 52.24747 ], [ 5.55014, 52.24766 ], [ 5.54958, 52.24749 ], [ 5.54893, 52.24726 ], [ 5.54798, 52.24699 ], [ 5.54692, 52.24662 ], [ 5.5462, 52.24632 ], [ 5.54352, 52.24636 ], [ 5.54132, 52.24648 ], [ 5.54108, 52.24646 ], [ 5.53948, 52.24613 ], [ 5.53918, 52.24603 ], [ 5.52694, 52.2496 ], [ 5.52687, 52.24946 ], [ 5.52618, 52.24966 ], [ 5.5259, 52.24968 ], [ 5.52578, 52.24972 ], [ 5.52529, 52.24978 ], [ 5.5253, 52.24988 ], [ 5.52518, 52.24997 ], [ 5.52387, 52.25034 ], [ 5.52366, 52.2503 ], [ 5.52324, 52.24973 ], [ 5.52288, 52.24933 ], [ 5.52274, 52.24909 ], [ 5.52269, 52.24879 ], [ 5.52266, 52.24874 ], [ 5.52252, 52.24868 ], [ 5.52226, 52.24835 ], [ 5.52234, 52.24828 ], [ 5.52266, 52.24807 ], [ 5.52292, 52.248 ], [ 5.52308, 52.24801 ], [ 5.52335, 52.24794 ], [ 5.52342, 52.24765 ], [ 5.5237, 52.24759 ], [ 5.52388, 52.24743 ], [ 5.52403, 52.24727 ], [ 5.52417, 52.24722 ], [ 5.52442, 52.2472 ], [ 5.52435, 52.2471 ], [ 5.52436, 52.247 ], [ 5.52443, 52.24682 ], [ 5.52448, 52.24672 ], [ 5.52469, 52.24652 ], [ 5.52474, 52.24634 ], [ 5.52452, 52.24609 ], [ 5.52432, 52.24597 ], [ 5.52378, 52.24578 ], [ 5.52337, 52.24521 ], [ 5.52335, 52.24504 ], [ 5.52343, 52.24478 ], [ 5.52622, 52.24395 ], [ 5.52702, 52.24355 ], [ 5.52727, 52.24336 ], [ 5.52765, 52.24326 ], [ 5.52918, 52.24305 ], [ 5.52965, 52.24303 ], [ 5.53, 52.2431 ], [ 5.53048, 52.24359 ], [ 5.5308, 52.24345 ], [ 5.53288, 52.24318 ], [ 5.53522, 52.24269 ], [ 5.53719, 52.24189 ], [ 5.53643, 52.24127 ], [ 5.53627, 52.24127 ], [ 5.53542, 52.24145 ], [ 5.53511, 52.24146 ], [ 5.53079, 52.23986 ], [ 5.53086, 52.23979 ], [ 5.53051, 52.23956 ], [ 5.53138, 52.23908 ], [ 5.5312, 52.23895 ], [ 5.53181, 52.23873 ], [ 5.53193, 52.23862 ], [ 5.53202, 52.23843 ], [ 5.53176, 52.23818 ], [ 5.53218, 52.23791 ], [ 5.53273, 52.23654 ], [ 5.53624, 52.23731 ], [ 5.53608, 52.23757 ], [ 5.53718, 52.23752 ], [ 5.5382, 52.23736 ], [ 5.53837, 52.23766 ], [ 5.53883, 52.23761 ], [ 5.53888, 52.23765 ], [ 5.53901, 52.23765 ], [ 5.53919, 52.2378 ], [ 5.53969, 52.23782 ], [ 5.53974, 52.2379 ], [ 5.54043, 52.23784 ], [ 5.54184, 52.23735 ], [ 5.54263, 52.23712 ], [ 5.54282, 52.23718 ], [ 5.54307, 52.23749 ], [ 5.54351, 52.23761 ], [ 5.54361, 52.23758 ], [ 5.54378, 52.23756 ], [ 5.54632, 52.23773 ], [ 5.54673, 52.23869 ], [ 5.54691, 52.23868 ], [ 5.54716, 52.23974 ], [ 5.54715, 52.23987 ], [ 5.54711, 52.23996 ], [ 5.54695, 52.24008 ], [ 5.54711, 52.24015 ], [ 5.54745, 52.24019 ], [ 5.54775, 52.24019 ], [ 5.54853, 52.24005 ], [ 5.54873, 52.24004 ], [ 5.54888, 52.24034 ], [ 5.54931, 52.24031 ], [ 5.54966, 52.24035 ], [ 5.54989, 52.24032 ], [ 5.55034, 52.24037 ], [ 5.55035, 52.24053 ], [ 5.55067, 52.24065 ], [ 5.55085, 52.24064 ], [ 5.55147, 52.24053 ], [ 5.55159, 52.24069 ], [ 5.5521, 52.24067 ], [ 5.5528, 52.24071 ], [ 5.55294, 52.24078 ], [ 5.55351, 52.2408 ], [ 5.55384, 52.24079 ], [ 5.55421, 52.2409 ], [ 5.55448, 52.24104 ], [ 5.55485, 52.24104 ], [ 5.55522, 52.24113 ], [ 5.556, 52.24265 ], [ 5.55611, 52.24271 ], [ 5.55681, 52.24338 ], [ 5.55684, 52.24346 ], [ 5.55676, 52.24361 ], [ 5.55664, 52.24371 ], [ 5.55645, 52.24378 ], [ 5.55633, 52.24393 ], [ 5.5562, 52.24399 ], [ 5.55557, 52.24403 ], [ 5.55479, 52.24438 ], [ 5.55413, 52.24452 ], [ 5.55395, 52.24452 ], [ 5.55346, 52.24444 ], [ 5.55306, 52.24432 ], [ 5.55307, 52.24455 ], [ 5.55301, 52.2447 ], [ 5.55221, 52.24556 ], [ 5.55209, 52.24556 ], [ 5.55129, 52.24636 ] ] } },
{ "type": "Feature", "properties": { "klompenpad_naam": "Nywelepad", "url": "https://klompenpaden.nl/klompenpaden/Nywelepad/9da44949-3b69-4481-bbca-510b1790caf0", "date": null }, "geometry": { "type": "LineString", "coordinates": [ [ 5.1805, 51.81274 ], [ 5.18211, 51.81324 ], [ 5.18239, 51.81329 ], [ 5.18262, 51.81328 ], [ 5.18278, 51.81323 ], [ 5.18391, 51.81275 ], [ 5.18499, 51.81219 ], [ 5.18616, 51.81147 ], [ 5.18778, 51.81043 ], [ 5.18864, 51.81003 ], [ 5.19245, 51.80846 ], [ 5.19273, 51.80828 ], [ 5.1928, 51.80806 ], [ 5.19275, 51.80713 ], [ 5.19373, 51.80617 ], [ 5.19428, 51.80588 ], [ 5.19576, 51.80533 ], [ 5.19682, 51.80507 ], [ 5.20383, 51.80436 ], [ 5.20812, 51.80421 ], [ 5.20863, 51.80422 ], [ 5.21089, 51.80443 ], [ 5.21171, 51.80442 ], [ 5.2126, 51.80428 ], [ 5.21312, 51.80413 ], [ 5.21173, 51.8039 ], [ 5.21025, 51.80373 ], [ 5.20877, 51.80348 ], [ 5.20758, 51.80316 ], [ 5.20702, 51.80298 ], [ 5.20655, 51.80253 ], [ 5.20624, 51.80229 ], [ 5.20618, 51.80199 ], [ 5.20563, 51.80041 ], [ 5.20568, 51.80022 ], [ 5.20594, 51.80015 ], [ 5.20591, 51.79993 ], [ 5.20601, 51.79931 ], [ 5.20669, 51.79786 ], [ 5.20718, 51.79715 ], [ 5.20737, 51.79711 ], [ 5.20737, 51.79691 ], [ 5.20812, 51.79506 ], [ 5.20834, 51.79503 ], [ 5.2085, 51.7948 ], [ 5.20834, 51.79469 ], [ 5.2083, 51.79453 ], [ 5.20845, 51.79374 ], [ 5.20881, 51.79275 ], [ 5.20901, 51.79246 ], [ 5.20877, 51.7923 ], [ 5.20754, 51.79185 ], [ 5.2062, 51.7915 ], [ 5.20533, 51.79109 ], [ 5.20482, 51.79088 ], [ 5.20485, 51.79076 ], [ 5.20429, 51.79071 ], [ 5.20333, 51.79033 ], [ 5.19949, 51.78889 ], [ 5.19817, 51.78915 ], [ 5.19768, 51.78913 ], [ 5.19751, 51.78904 ], [ 5.19749, 51.78884 ], [ 5.1975, 51.78866 ], [ 5.19737, 51.78851 ], [ 5.197, 51.78833 ], [ 5.19466, 51.78777 ], [ 5.19221, 51.78728 ], [ 5.1912, 51.78705 ], [ 5.18835, 51.78665 ], [ 5.1805, 51.78606 ], [ 5.17856, 51.78608 ], [ 5.17637, 51.78637 ], [ 5.17519, 51.78643 ], [ 5.17282, 51.78699 ], [ 5.17209, 51.78711 ], [ 5.17214, 51.78723 ], [ 5.17204, 51.7905 ], [ 5.17087, 51.7905 ], [ 5.17082, 51.79095 ], [ 5.17075, 51.79102 ], [ 5.17052, 51.79102 ], [ 5.16927, 51.79091 ], [ 5.16898, 51.79092 ], [ 5.16763, 51.79074 ], [ 5.16765, 51.79025 ], [ 5.16758, 51.79023 ], [ 5.16695, 51.79021 ], [ 5.16683, 51.79026 ], [ 5.16682, 51.79056 ], [ 5.16585, 51.7905 ], [ 5.16565, 51.78949 ], [ 5.16556, 51.78947 ], [ 5.16512, 51.78962 ], [ 5.16472, 51.78939 ], [ 5.16452, 51.78914 ], [ 5.16439, 51.78916 ], [ 5.16324, 51.78954 ], [ 5.163, 51.78947 ], [ 5.16195, 51.78978 ], [ 5.16188, 51.78999 ], [ 5.16122, 51.79007 ], [ 5.1612, 51.78993 ], [ 5.16102, 51.78996 ], [ 5.16073, 51.78994 ], [ 5.15826, 51.79049 ], [ 5.15651, 51.79086 ], [ 5.15655, 51.7933 ], [ 5.15827, 51.79332 ], [ 5.16127, 51.7933 ], [ 5.16166, 51.79334 ], [ 5.16174, 51.79407 ], [ 5.16192, 51.79469 ], [ 5.16202, 51.79494 ], [ 5.16205, 51.79538 ], [ 5.16209, 51.7956 ], [ 5.16384, 51.79662 ], [ 5.16392, 51.79672 ], [ 5.1639, 51.79683 ], [ 5.16384, 51.79691 ], [ 5.1634, 51.79716 ], [ 5.16312, 51.79739 ], [ 5.16284, 51.79776 ], [ 5.1627, 51.79811 ], [ 5.16268, 51.79837 ], [ 5.16321, 51.80042 ], [ 5.16335, 51.80079 ], [ 5.16489, 51.80032 ], [ 5.16503, 51.80061 ], [ 5.16647, 51.80017 ], [ 5.16672, 51.8021 ], [ 5.16699, 51.80466 ], [ 5.16687, 51.80471 ], [ 5.16689, 51.80482 ], [ 5.16701, 51.80492 ], [ 5.16697, 51.80501 ], [ 5.16546, 51.80473 ], [ 5.16371, 51.8045 ], [ 5.16371, 51.80439 ], [ 5.16342, 51.80439 ], [ 5.16326, 51.80508 ], [ 5.16059, 51.80507 ], [ 5.1593, 51.80503 ], [ 5.15929, 51.80761 ], [ 5.15902, 51.80759 ], [ 5.15901, 51.80779 ], [ 5.15916, 51.80781 ], [ 5.15916, 51.80892 ], [ 5.15907, 51.80892 ], [ 5.15906, 51.80905 ], [ 5.15933, 51.80911 ], [ 5.1593, 51.80947 ], [ 5.1603, 51.8097 ], [ 5.16141, 51.80984 ], [ 5.16038, 51.80987 ], [ 5.16015, 51.80992 ], [ 5.16003, 51.81027 ], [ 5.16012, 51.81041 ], [ 5.16031, 51.8105 ], [ 5.1614, 51.81075 ], [ 5.16251, 51.81113 ], [ 5.16543, 51.81278 ], [ 5.16565, 51.81297 ], [ 5.16568, 51.81323 ], [ 5.16546, 51.81448 ], [ 5.16559, 51.81478 ], [ 5.16737, 51.81473 ], [ 5.16816, 51.81484 ], [ 5.16944, 51.81476 ], [ 5.17045, 51.81485 ], [ 5.1721, 51.81458 ], [ 5.17316, 51.81465 ], [ 5.17551, 51.81437 ], [ 5.17772, 51.81393 ], [ 5.17907, 51.81345 ], [ 5.18022, 51.81317 ], [ 5.18024, 51.81295 ], [ 5.18037, 51.81277 ], [ 5.1805, 51.81274 ] ] } },
{ "type": "Feature", "properties": { "klompenpad_naam": "Norderpad", "url": "https://klompenpaden.nl/klompenpaden/Norderpad/4b0a9478-98ad-425e-93f7-045c19709a74", "date": null }, "geometry": { "type": "LineString", "coordinates": [ [ 5.60676, 52.26112 ], [ 5.60676, 52.26132 ], [ 5.60672, 52.26133 ], [ 5.6047, 52.26142 ], [ 5.60436, 52.2615 ], [ 5.60425, 52.26158 ], [ 5.60295, 52.26157 ], [ 5.60279, 52.26149 ], [ 5.60205, 52.26151 ], [ 5.60135, 52.2615 ], [ 5.60093, 52.2618 ], [ 5.59942, 52.26249 ], [ 5.60052, 52.2639 ], [ 5.5979, 52.26432 ], [ 5.59695, 52.26431 ], [ 5.5958, 52.26539 ], [ 5.59499, 52.26596 ], [ 5.59386, 52.26644 ], [ 5.59248, 52.26693 ], [ 5.58811, 52.26682 ], [ 5.58623, 52.26654 ], [ 5.5856, 52.26643 ], [ 5.58423, 52.26635 ], [ 5.58412, 52.26622 ], [ 5.58403, 52.26618 ], [ 5.58429, 52.26479 ], [ 5.5826, 52.26434 ], [ 5.58206, 52.26446 ], [ 5.58198, 52.26438 ], [ 5.582, 52.26433 ], [ 5.58182, 52.26429 ], [ 5.58178, 52.26435 ], [ 5.58162, 52.2644 ], [ 5.58159, 52.26453 ], [ 5.58111, 52.26466 ], [ 5.57907, 52.26543 ], [ 5.5773, 52.26573 ], [ 5.57604, 52.2659 ], [ 5.57723, 52.26757 ], [ 5.57805, 52.26878 ], [ 5.57952, 52.27062 ], [ 5.57769, 52.27133 ], [ 5.57688, 52.27157 ], [ 5.57195, 52.27284 ], [ 5.57103, 52.27305 ], [ 5.57088, 52.27301 ], [ 5.57075, 52.27301 ], [ 5.57064, 52.27303 ], [ 5.57026, 52.27302 ], [ 5.57016, 52.27313 ], [ 5.56998, 52.27321 ], [ 5.56983, 52.27323 ], [ 5.56932, 52.27254 ], [ 5.56952, 52.27249 ], [ 5.56993, 52.27246 ], [ 5.57006, 52.27243 ], [ 5.57025, 52.27235 ], [ 5.57039, 52.27227 ], [ 5.57079, 52.27217 ], [ 5.57057, 52.27188 ], [ 5.56983, 52.27205 ], [ 5.569, 52.27089 ], [ 5.56717, 52.27136 ], [ 5.56694, 52.27126 ], [ 5.56682, 52.27108 ], [ 5.56615, 52.27122 ], [ 5.56481, 52.26918 ], [ 5.56455, 52.26887 ], [ 5.55876, 52.2704 ], [ 5.55981, 52.27197 ], [ 5.56009, 52.27191 ], [ 5.56058, 52.27255 ], [ 5.56075, 52.27274 ], [ 5.56099, 52.27311 ], [ 5.5612, 52.27321 ], [ 5.5616, 52.27327 ], [ 5.56207, 52.27329 ], [ 5.56227, 52.27338 ], [ 5.56264, 52.274 ], [ 5.56331, 52.27501 ], [ 5.56787, 52.27387 ], [ 5.56923, 52.27581 ], [ 5.57034, 52.27752 ], [ 5.57051, 52.27748 ], [ 5.57199, 52.27968 ], [ 5.57246, 52.28029 ], [ 5.57258, 52.28034 ], [ 5.57274, 52.28037 ], [ 5.5734, 52.28042 ], [ 5.57383, 52.28062 ], [ 5.57513, 52.28137 ], [ 5.57589, 52.28186 ], [ 5.5768, 52.28213 ], [ 5.58004, 52.28105 ], [ 5.58439, 52.27964 ], [ 5.58695, 52.27895 ], [ 5.589, 52.27848 ], [ 5.59135, 52.27812 ], [ 5.59138, 52.2781 ], [ 5.59254, 52.27818 ], [ 5.59363, 52.27823 ], [ 5.59337, 52.27799 ], [ 5.59194, 52.27686 ], [ 5.592, 52.27676 ], [ 5.59262, 52.27649 ], [ 5.59245, 52.27424 ], [ 5.59344, 52.27404 ], [ 5.59374, 52.27383 ], [ 5.59558, 52.27335 ], [ 5.59578, 52.27309 ], [ 5.59662, 52.27271 ], [ 5.59692, 52.27253 ], [ 5.59711, 52.27215 ], [ 5.59779, 52.27175 ], [ 5.59887, 52.26996 ], [ 5.60042, 52.26828 ], [ 5.60025, 52.26774 ], [ 5.60047, 52.26747 ], [ 5.60144, 52.26709 ], [ 5.60189, 52.26662 ], [ 5.60198, 52.26599 ], [ 5.60296, 52.26405 ], [ 5.60336, 52.26387 ], [ 5.60389, 52.26432 ], [ 5.60496, 52.26382 ], [ 5.60482, 52.2637 ], [ 5.60494, 52.26364 ], [ 5.60501, 52.26328 ], [ 5.60513, 52.26288 ], [ 5.60577, 52.26289 ], [ 5.60589, 52.26265 ], [ 5.60572, 52.26263 ], [ 5.60587, 52.26199 ], [ 5.60583, 52.26139 ] ] } },
{ "type": "Feature", "properties": { "klompenpad_naam": "Niebroekerpad-KIDS", "url": "https://klompenpaden.nl/klompenpaden/Niebroekerpad-KIDS/5c54de0f-9f50-4e4d-b8f9-8826ff6f16b0", "date": null }, "geometry": { "type": "LineString", "coordinates": [ [ 6.04701, 52.28956 ], [ 6.04704, 52.2894 ], [ 6.04685, 52.2893 ], [ 6.04547, 52.28913 ], [ 6.04541, 52.28931 ], [ 6.04603, 52.28947 ], [ 6.04572, 52.2904 ], [ 6.04601, 52.29048 ], [ 6.04637, 52.29048 ], [ 6.04662, 52.29045 ], [ 6.04688, 52.29055 ], [ 6.04708, 52.29052 ], [ 6.04737, 52.29008 ], [ 6.05018, 52.29041 ], [ 6.05034, 52.29042 ], [ 6.05042, 52.29045 ], [ 6.05045, 52.29086 ], [ 6.05122, 52.29084 ], [ 6.05125, 52.29121 ], [ 6.05729, 52.292 ], [ 6.05746, 52.29202 ], [ 6.05794, 52.29158 ], [ 6.05804, 52.29129 ], [ 6.05805, 52.29113 ], [ 6.05809, 52.29102 ], [ 6.0594, 52.29117 ], [ 6.05923, 52.29172 ], [ 6.0592, 52.29197 ], [ 6.05921, 52.29211 ], [ 6.05925, 52.29225 ], [ 6.06011, 52.29239 ], [ 6.06098, 52.2925 ], [ 6.06106, 52.2921 ], [ 6.06173, 52.29218 ], [ 6.06165, 52.29237 ], [ 6.06207, 52.29239 ], [ 6.06227, 52.29233 ], [ 6.0624, 52.29221 ], [ 6.06232, 52.29196 ], [ 6.06186, 52.29186 ], [ 6.06139, 52.29184 ], [ 6.06147, 52.29147 ], [ 6.05921, 52.29114 ], [ 6.05904, 52.29113 ], [ 6.05759, 52.29096 ], [ 6.05744, 52.29141 ], [ 6.05311, 52.29087 ], [ 6.05296, 52.29085 ], [ 6.05315, 52.2904 ], [ 6.05289, 52.29035 ], [ 6.0527, 52.29075 ], [ 6.05141, 52.29059 ], [ 6.05052, 52.29045 ], [ 6.05019, 52.29038 ], [ 6.05018, 52.29028 ], [ 6.05023, 52.29005 ], [ 6.04768, 52.28971 ], [ 6.04765, 52.28965 ], [ 6.04701, 52.28956 ] ] } },
{ "type": "Feature", "properties": { "klompenpad_naam": "Niebroekerpad", "url": "https://klompenpaden.nl/klompenpaden/Niebroekerpad/c3d95e57-3e2f-4cd8-8ec7-e940ea7ed0ab", "date": null }, "geometry": { "type": "LineString", "coordinates": [ [ 6.06235, 52.29183 ], [ 6.06298, 52.29188 ], [ 6.06344, 52.28941 ], [ 6.05824, 52.28875 ], [ 6.05066, 52.28773 ], [ 6.05077, 52.28696 ], [ 6.05101, 52.28622 ], [ 6.05378, 52.28143 ], [ 6.0535, 52.28138 ], [ 6.05446, 52.2799 ], [ 6.05675, 52.27663 ], [ 6.05707, 52.27607 ], [ 6.05734, 52.27614 ], [ 6.05767, 52.27558 ], [ 6.05789, 52.27457 ], [ 6.05806, 52.27364 ], [ 6.05827, 52.27317 ], [ 6.05865, 52.27268 ], [ 6.05887, 52.27245 ], [ 6.06031, 52.27133 ], [ 6.06083, 52.27083 ], [ 6.06131, 52.26951 ], [ 6.06159, 52.26863 ], [ 6.07198, 52.27003 ], [ 6.07547, 52.27054 ], [ 6.08186, 52.27144 ], [ 6.0831, 52.27159 ], [ 6.08305, 52.27224 ], [ 6.08258, 52.27325 ], [ 6.08244, 52.27381 ], [ 6.08212, 52.27452 ], [ 6.0817, 52.2756 ], [ 6.08109, 52.27705 ], [ 6.08048, 52.27893 ], [ 6.0804, 52.27976 ], [ 6.08026, 52.27977 ], [ 6.08027, 52.28067 ], [ 6.08032, 52.28087 ], [ 6.08059, 52.28108 ], [ 6.08223, 52.282 ], [ 6.08233, 52.28194 ], [ 6.08253, 52.28206 ], [ 6.08366, 52.28255 ], [ 6.08365, 52.28274 ], [ 6.08259, 52.2845 ], [ 6.08181, 52.28588 ], [ 6.0806, 52.28788 ], [ 6.07968, 52.28947 ], [ 6.07951, 52.28974 ], [ 6.07831, 52.29118 ], [ 6.07754, 52.29219 ], [ 6.0764, 52.29401 ], [ 6.07505, 52.29623 ], [ 6.07411, 52.29801 ], [ 6.06216, 52.29646 ], [ 6.06156, 52.2999 ], [ 6.06138, 52.3008 ], [ 6.05418, 52.29988 ], [ 6.05422, 52.29997 ], [ 6.05466, 52.30016 ], [ 6.05489, 52.30037 ], [ 6.05504, 52.30067 ], [ 6.0548, 52.30072 ], [ 6.05488, 52.30114 ], [ 6.05476, 52.30174 ], [ 6.05494, 52.30181 ], [ 6.05517, 52.30325 ], [ 6.05443, 52.30313 ], [ 6.05456, 52.30233 ], [ 6.05465, 52.30198 ], [ 6.05479, 52.30155 ], [ 6.05488, 52.30115 ], [ 6.05477, 52.30071 ], [ 6.05454, 52.30032 ], [ 6.0542, 52.30012 ], [ 6.05274, 52.29958 ], [ 6.05089, 52.29886 ], [ 6.05042, 52.29858 ], [ 6.05009, 52.29825 ], [ 6.04993, 52.29777 ], [ 6.04987, 52.29705 ], [ 6.04985, 52.29627 ], [ 6.04989, 52.29477 ], [ 6.05009, 52.29218 ], [ 6.05128, 52.29235 ], [ 6.05127, 52.29283 ], [ 6.06255, 52.29429 ], [ 6.06298, 52.29189 ] ] } },
{ "type": "Feature", "properties": { "klompenpad_naam": "Nederwoudsepad", "url": "https://klompenpaden.nl/klompenpaden/Nederwoudsepad/9b328f48-4101-48bc-850f-bb384c2dcfda", "date": null }, "geometry": { "type": "LineString", "coordinates": [ [ 5.5535, 52.08523 ], [ 5.5499, 52.08462 ], [ 5.54968, 52.08455 ], [ 5.54803, 52.0843 ], [ 5.5477, 52.08467 ], [ 5.54756, 52.08496 ], [ 5.54757, 52.08526 ], [ 5.54786, 52.08561 ], [ 5.54859, 52.08601 ], [ 5.54899, 52.08622 ], [ 5.54919, 52.08636 ], [ 5.54937, 52.08651 ], [ 5.55023, 52.0876 ], [ 5.55056, 52.08808 ], [ 5.55122, 52.08906 ], [ 5.55158, 52.08955 ], [ 5.55188, 52.0899 ], [ 5.55207, 52.0907 ], [ 5.55215, 52.09117 ], [ 5.55243, 52.09154 ], [ 5.55309, 52.09219 ], [ 5.55344, 52.09249 ], [ 5.5536, 52.0926 ], [ 5.55494, 52.09311 ], [ 5.55531, 52.09329 ], [ 5.55589, 52.09366 ], [ 5.55689, 52.09441 ], [ 5.5576, 52.09497 ], [ 5.55804, 52.09535 ], [ 5.55846, 52.09583 ], [ 5.5587, 52.09598 ], [ 5.55914, 52.09609 ], [ 5.56022, 52.09619 ], [ 5.56078, 52.09628 ], [ 5.56105, 52.09641 ], [ 5.56188, 52.09717 ], [ 5.56207, 52.09729 ], [ 5.56233, 52.09734 ], [ 5.56497, 52.09693 ], [ 5.56545, 52.09697 ], [ 5.56637, 52.09712 ], [ 5.56725, 52.09729 ], [ 5.56726, 52.09769 ], [ 5.56748, 52.09818 ], [ 5.56757, 52.09846 ], [ 5.5677, 52.09909 ], [ 5.56781, 52.0995 ], [ 5.56779, 52.09967 ], [ 5.56757, 52.10004 ], [ 5.56738, 52.10045 ], [ 5.56729, 52.10098 ], [ 5.56763, 52.10108 ], [ 5.56865, 52.10155 ], [ 5.56889, 52.10163 ], [ 5.56974, 52.10177 ], [ 5.57027, 52.10193 ], [ 5.57072, 52.10212 ], [ 5.571, 52.10214 ], [ 5.57173, 52.10199 ], [ 5.57219, 52.10202 ], [ 5.57244, 52.10208 ], [ 5.57267, 52.10222 ], [ 5.57306, 52.10284 ], [ 5.57331, 52.10309 ], [ 5.57374, 52.10331 ], [ 5.57392, 52.10316 ], [ 5.57415, 52.10306 ], [ 5.57447, 52.10302 ], [ 5.57473, 52.10295 ], [ 5.57489, 52.10284 ], [ 5.57533, 52.10234 ], [ 5.57551, 52.10223 ], [ 5.57645, 52.10198 ], [ 5.57702, 52.10192 ], [ 5.57756, 52.10182 ], [ 5.57814, 52.10161 ], [ 5.57859, 52.10141 ], [ 5.57903, 52.10087 ], [ 5.57921, 52.10057 ], [ 5.57935, 52.10024 ], [ 5.57945, 52.10014 ], [ 5.58036, 52.10023 ], [ 5.58366, 52.09948 ], [ 5.58499, 52.09916 ], [ 5.58651, 52.09899 ], [ 5.58903, 52.09857 ], [ 5.59033, 52.09843 ], [ 5.59033, 52.09801 ], [ 5.59031, 52.09773 ], [ 5.5899, 52.09713 ], [ 5.58978, 52.09673 ], [ 5.5895, 52.09507 ], [ 5.58933, 52.09396 ], [ 5.58919, 52.09333 ], [ 5.58908, 52.09296 ], [ 5.58883, 52.09263 ], [ 5.5887, 52.09242 ], [ 5.58866, 52.09213 ], [ 5.58869, 52.09137 ], [ 5.58868, 52.09115 ], [ 5.58825, 52.09027 ], [ 5.58803, 52.08994 ], [ 5.58796, 52.08964 ], [ 5.58829, 52.08956 ], [ 5.58999, 52.08937 ], [ 5.59021, 52.08932 ], [ 5.59076, 52.08913 ], [ 5.59066, 52.08888 ], [ 5.59065, 52.0885 ], [ 5.59082, 52.08593 ], [ 5.59092, 52.08486 ], [ 5.59087, 52.08462 ], [ 5.59056, 52.08426 ], [ 5.59076, 52.08348 ], [ 5.59084, 52.08308 ], [ 5.5909, 52.08225 ], [ 5.59094, 52.08105 ], [ 5.59108, 52.07933 ], [ 5.5911, 52.07884 ], [ 5.59116, 52.07871 ], [ 5.59133, 52.07861 ], [ 5.59209, 52.07833 ], [ 5.59211, 52.07827 ], [ 5.59215, 52.07778 ], [ 5.5911, 52.07745 ], [ 5.59106, 52.07733 ], [ 5.59115, 52.07684 ], [ 5.5911, 52.07667 ], [ 5.59099, 52.07654 ], [ 5.59077, 52.07653 ], [ 5.58922, 52.0769 ], [ 5.58649, 52.0776 ], [ 5.58539, 52.07784 ], [ 5.58448, 52.07796 ], [ 5.58417, 52.07782 ], [ 5.58397, 52.07785 ], [ 5.5836, 52.07778 ], [ 5.58344, 52.07778 ], [ 5.58342, 52.07783 ], [ 5.58314, 52.07798 ], [ 5.58287, 52.07801 ], [ 5.58265, 52.07799 ], [ 5.58239, 52.07798 ], [ 5.58217, 52.07802 ], [ 5.58199, 52.0781 ], [ 5.58198, 52.07826 ], [ 5.58146, 52.07834 ], [ 5.5814, 52.0785 ], [ 5.57436, 52.07886 ], [ 5.5742, 52.07894 ], [ 5.57402, 52.07958 ], [ 5.57314, 52.07993 ], [ 5.57257, 52.08019 ], [ 5.5712, 52.08109 ], [ 5.57094, 52.08124 ], [ 5.57044, 52.08138 ], [ 5.56926, 52.0816 ], [ 5.56867, 52.08168 ], [ 5.56835, 52.08169 ], [ 5.56796, 52.08162 ], [ 5.56697, 52.08166 ], [ 5.56702, 52.08127 ], [ 5.56686, 52.08071 ], [ 5.56694, 52.08056 ], [ 5.56773, 52.07988 ], [ 5.56801, 52.0796 ], [ 5.5682, 52.07919 ], [ 5.56828, 52.07893 ], [ 5.56811, 52.0785 ], [ 5.5679, 52.07807 ], [ 5.56728, 52.07699 ], [ 5.56707, 52.07675 ], [ 5.56673, 52.07649 ], [ 5.56626, 52.07621 ], [ 5.56477, 52.07541 ], [ 5.56455, 52.07539 ], [ 5.56344, 52.0754 ], [ 5.56277, 52.07533 ], [ 5.56252, 52.07527 ], [ 5.56347, 52.07404 ], [ 5.56373, 52.07387 ], [ 5.56539, 52.07326 ], [ 5.56635, 52.07298 ], [ 5.56727, 52.07264 ], [ 5.56689, 52.07229 ], [ 5.56708, 52.07214 ], [ 5.56722, 52.07196 ], [ 5.56735, 52.07188 ], [ 5.56762, 52.07181 ], [ 5.56793, 52.07177 ], [ 5.56811, 52.0717 ], [ 5.56816, 52.07155 ], [ 5.56807, 52.0714 ], [ 5.56797, 52.07128 ], [ 5.56803, 52.07117 ], [ 5.56802, 52.07104 ], [ 5.56785, 52.07089 ], [ 5.56758, 52.07078 ], [ 5.56732, 52.07075 ], [ 5.56703, 52.07077 ], [ 5.56674, 52.07085 ], [ 5.5661, 52.07119 ], [ 5.56573, 52.07133 ], [ 5.56545, 52.07139 ], [ 5.56496, 52.07143 ], [ 5.5645, 52.07149 ], [ 5.56414, 52.07161 ], [ 5.56396, 52.07146 ], [ 5.56378, 52.07147 ], [ 5.56271, 52.07178 ], [ 5.56321, 52.07212 ], [ 5.56316, 52.07219 ], [ 5.56269, 52.0722 ], [ 5.56256, 52.07223 ], [ 5.56249, 52.07227 ], [ 5.56205, 52.07227 ], [ 5.56194, 52.07232 ], [ 5.56199, 52.07251 ], [ 5.56107, 52.07312 ], [ 5.56131, 52.07331 ], [ 5.56144, 52.07362 ], [ 5.56171, 52.07482 ], [ 5.56263, 52.07807 ], [ 5.56258, 52.07843 ], [ 5.56252, 52.0786 ], [ 5.56253, 52.07904 ], [ 5.56247, 52.07922 ], [ 5.56212, 52.07951 ], [ 5.56159, 52.07987 ], [ 5.56133, 52.07995 ], [ 5.56118, 52.08015 ], [ 5.56088, 52.0807 ], [ 5.56058, 52.08133 ], [ 5.56041, 52.08204 ], [ 5.56048, 52.08282 ], [ 5.56057, 52.08428 ], [ 5.56043, 52.08437 ], [ 5.55994, 52.08441 ], [ 5.55933, 52.0844 ], [ 5.55866, 52.08446 ], [ 5.55817, 52.08465 ], [ 5.55634, 52.08553 ], [ 5.55704, 52.08613 ], [ 5.55701, 52.08617 ], [ 5.55675, 52.08636 ], [ 5.55671, 52.08641 ], [ 5.5568, 52.08661 ], [ 5.5565, 52.08657 ], [ 5.55644, 52.08658 ], [ 5.55603, 52.08684 ], [ 5.55578, 52.08661 ], [ 5.55573, 52.08651 ], [ 5.55572, 52.08645 ], [ 5.55577, 52.08636 ], [ 5.55574, 52.08631 ], [ 5.55557, 52.08616 ], [ 5.55531, 52.08619 ], [ 5.55509, 52.08611 ], [ 5.55468, 52.08634 ], [ 5.55464, 52.0865 ], [ 5.55455, 52.08653 ], [ 5.55444, 52.08653 ], [ 5.55409, 52.08648 ], [ 5.55365, 52.08626 ], [ 5.55327, 52.08581 ], [ 5.55329, 52.08564 ], [ 5.55359, 52.0853 ], [ 5.55351, 52.08522 ] ] } },
{ "type": "Feature", "properties": { "klompenpad_naam": "Nederrijnsepad-XL", "url": "https://klompenpaden.nl/klompenpaden/Nederrijnsepad-XL/1f2c3fe9-b177-4023-9074-50d60a4c106f", "date": null }, "geometry": { "type": "LineString", "coordinates": [ [ 5.75411, 51.96272 ], [ 5.74976, 51.96301 ], [ 5.74918, 51.96288 ], [ 5.74868, 51.9626 ], [ 5.74811, 51.9624 ], [ 5.74765, 51.96234 ], [ 5.74729, 51.96218 ], [ 5.74644, 51.96166 ], [ 5.74529, 51.96129 ], [ 5.74474, 51.96096 ], [ 5.74396, 51.96061 ], [ 5.74392, 51.96049 ], [ 5.74374, 51.96015 ], [ 5.74361, 51.96015 ], [ 5.74357, 51.96006 ], [ 5.74302, 51.96 ], [ 5.74185, 51.95994 ], [ 5.73959, 51.95973 ], [ 5.73808, 51.95996 ], [ 5.73813, 51.95916 ], [ 5.73793, 51.95912 ], [ 5.73689, 51.95907 ], [ 5.73566, 51.9592 ], [ 5.73534, 51.95916 ], [ 5.73462, 51.95887 ], [ 5.73199, 51.95872 ], [ 5.73174, 51.95854 ], [ 5.7293, 51.958 ], [ 5.72727, 51.95789 ], [ 5.72536, 51.95801 ], [ 5.72351, 51.95788 ], [ 5.72191, 51.95768 ], [ 5.72006, 51.95719 ], [ 5.71895, 51.95687 ], [ 5.71722, 51.95685 ], [ 5.7155, 51.95665 ], [ 5.71275, 51.95618 ], [ 5.71059, 51.9555 ], [ 5.70703, 51.9558 ], [ 5.70635, 51.95568 ], [ 5.70477, 51.95567 ], [ 5.70348, 51.95526 ], [ 5.70234, 51.95537 ], [ 5.70086, 51.95515 ], [ 5.70017, 51.95514 ], [ 5.69815, 51.95542 ], [ 5.69684, 51.95565 ], [ 5.69579, 51.95575 ], [ 5.69532, 51.95573 ], [ 5.69491, 51.95563 ], [ 5.69435, 51.95555 ], [ 5.69321, 51.9557 ], [ 5.69273, 51.95566 ], [ 5.69237, 51.95557 ], [ 5.69174, 51.95576 ], [ 5.69017, 51.95838 ], [ 5.68973, 51.95937 ], [ 5.68932, 51.96109 ], [ 5.6898, 51.9614 ], [ 5.68974, 51.96166 ], [ 5.68906, 51.96207 ], [ 5.68811, 51.96256 ], [ 5.68798, 51.96282 ], [ 5.68839, 51.96394 ], [ 5.68835, 51.96445 ], [ 5.68741, 51.9644 ], [ 5.68613, 51.96426 ], [ 5.68539, 51.96437 ], [ 5.68547, 51.96456 ], [ 5.68564, 51.96463 ], [ 5.68574, 51.96457 ], [ 5.68625, 51.96459 ], [ 5.68643, 51.96469 ], [ 5.68638, 51.96478 ], [ 5.68646, 51.96487 ], [ 5.68658, 51.9648 ], [ 5.68698, 51.96482 ], [ 5.6873, 51.96488 ], [ 5.68753, 51.96501 ], [ 5.68783, 51.96503 ], [ 5.68831, 51.9652 ], [ 5.68881, 51.96525 ], [ 5.68999, 51.96532 ], [ 5.6904, 51.96529 ], [ 5.69091, 51.96547 ], [ 5.69106, 51.96548 ], [ 5.69106, 51.96521 ], [ 5.69097, 51.96513 ], [ 5.69105, 51.96506 ], [ 5.6913, 51.96498 ], [ 5.6916, 51.96526 ], [ 5.69216, 51.96529 ], [ 5.69255, 51.96553 ], [ 5.69264, 51.96548 ], [ 5.69318, 51.96558 ], [ 5.69331, 51.96556 ], [ 5.69359, 51.96562 ], [ 5.69387, 51.96563 ], [ 5.69402, 51.9656 ], [ 5.69458, 51.96571 ], [ 5.69472, 51.96576 ], [ 5.69492, 51.96591 ], [ 5.69526, 51.96601 ], [ 5.6954, 51.96601 ], [ 5.69564, 51.96593 ], [ 5.69572, 51.96577 ], [ 5.69584, 51.96562 ], [ 5.69597, 51.96527 ], [ 5.69636, 51.96517 ], [ 5.69688, 51.96522 ], [ 5.69714, 51.96527 ], [ 5.69738, 51.96537 ], [ 5.69755, 51.96546 ], [ 5.6977, 51.96547 ], [ 5.69804, 51.96533 ], [ 5.69824, 51.96537 ], [ 5.69856, 51.96539 ], [ 5.69885, 51.96543 ], [ 5.6996, 51.96563 ], [ 5.70003, 51.96558 ], [ 5.70056, 51.96567 ], [ 5.70088, 51.96565 ], [ 5.70175, 51.96577 ], [ 5.70209, 51.96585 ], [ 5.70273, 51.96591 ], [ 5.70308, 51.96609 ], [ 5.7035, 51.96615 ], [ 5.70396, 51.96607 ], [ 5.70407, 51.96613 ], [ 5.70431, 51.96613 ], [ 5.70466, 51.96628 ], [ 5.70475, 51.96634 ], [ 5.70487, 51.96638 ], [ 5.70514, 51.96632 ], [ 5.70553, 51.9665 ], [ 5.70595, 51.96652 ], [ 5.70623, 51.96658 ], [ 5.7068, 51.96676 ], [ 5.70721, 51.96678 ], [ 5.70812, 51.96701 ], [ 5.70867, 51.96708 ], [ 5.70881, 51.96712 ], [ 5.70895, 51.96691 ], [ 5.70997, 51.96707 ], [ 5.71132, 51.96739 ], [ 5.7115, 51.96754 ], [ 5.71163, 51.96778 ], [ 5.71179, 51.96784 ], [ 5.71185, 51.96808 ], [ 5.71212, 51.96817 ], [ 5.71469, 51.9718 ], [ 5.71476, 51.97202 ], [ 5.71411, 51.97237 ], [ 5.71394, 51.97276 ], [ 5.71385, 51.97325 ], [ 5.714, 51.97368 ], [ 5.71414, 51.97397 ], [ 5.71399, 51.97464 ], [ 5.71417, 51.97491 ], [ 5.71497, 51.97568 ], [ 5.71525, 51.97577 ], [ 5.71565, 51.97577 ], [ 5.7165, 51.97554 ], [ 5.71742, 51.97532 ], [ 5.71753, 51.97531 ], [ 5.7214, 51.97395 ], [ 5.72171, 51.9739 ], [ 5.72197, 51.97367 ], [ 5.72222, 51.9735 ], [ 5.72247, 51.97321 ], [ 5.72291, 51.97289 ], [ 5.72384, 51.97243 ], [ 5.72429, 51.97205 ], [ 5.72463, 51.97157 ], [ 5.72492, 51.97113 ], [ 5.72538, 51.97121 ], [ 5.72707, 51.97157 ], [ 5.72894, 51.97188 ], [ 5.73098, 51.97225 ], [ 5.73239, 51.97247 ], [ 5.73367, 51.97293 ], [ 5.73396, 51.97301 ], [ 5.73465, 51.97311 ], [ 5.735, 51.97306 ], [ 5.73532, 51.97226 ], [ 5.73527, 51.97213 ], [ 5.73509, 51.97204 ], [ 5.73512, 51.97165 ], [ 5.73524, 51.97134 ], [ 5.7359, 51.97052 ], [ 5.73603, 51.97042 ], [ 5.7363, 51.9703 ], [ 5.73656, 51.97025 ], [ 5.73869, 51.97061 ], [ 5.73925, 51.97093 ], [ 5.74107, 51.97123 ], [ 5.74295, 51.97134 ], [ 5.74445, 51.97136 ], [ 5.74695, 51.97119 ], [ 5.74704, 51.97125 ], [ 5.74703, 51.97134 ], [ 5.74682, 51.97169 ], [ 5.74685, 51.97191 ], [ 5.74715, 51.97228 ], [ 5.74741, 51.9727 ], [ 5.74768, 51.9731 ], [ 5.74799, 51.97301 ], [ 5.74811, 51.973 ], [ 5.7482, 51.97293 ], [ 5.74827, 51.97281 ], [ 5.74906, 51.97253 ], [ 5.74899, 51.97233 ], [ 5.74871, 51.97213 ], [ 5.74828, 51.9719 ], [ 5.74822, 51.9717 ], [ 5.74849, 51.97157 ], [ 5.749, 51.9714 ], [ 5.7492, 51.97131 ], [ 5.75021, 51.97137 ], [ 5.75106, 51.97126 ], [ 5.75407, 51.97117 ], [ 5.75451, 51.97109 ], [ 5.75494, 51.97114 ], [ 5.75793, 51.97099 ], [ 5.7596, 51.97086 ], [ 5.75996, 51.97066 ], [ 5.76148, 51.97054 ], [ 5.76174, 51.97056 ], [ 5.76701, 51.97013 ], [ 5.76721, 51.97007 ], [ 5.76812, 51.96854 ], [ 5.76812, 51.96853 ], [ 5.76752, 51.96844 ], [ 5.76739, 51.96836 ], [ 5.76754, 51.96825 ], [ 5.76812, 51.96813 ], [ 5.76922, 51.96807 ], [ 5.76921, 51.96618 ], [ 5.7689, 51.96516 ], [ 5.76841, 51.96413 ], [ 5.76778, 51.96323 ], [ 5.76824, 51.96308 ], [ 5.77241, 51.96144 ], [ 5.77564, 51.96072 ], [ 5.7787, 51.96032 ], [ 5.78153, 51.96027 ], [ 5.78425, 51.96073 ], [ 5.78744, 51.96197 ], [ 5.78813, 51.96282 ], [ 5.78883, 51.96328 ], [ 5.7901, 51.96367 ], [ 5.79161, 51.96366 ], [ 5.79028, 51.9648 ], [ 5.78952, 51.9648 ], [ 5.78798, 51.96499 ], [ 5.7863, 51.96496 ], [ 5.78633, 51.96582 ], [ 5.78622, 51.96594 ], [ 5.78637, 51.96652 ], [ 5.78665, 51.96684 ], [ 5.78766, 51.96637 ], [ 5.78776, 51.96652 ], [ 5.78802, 51.96684 ], [ 5.7881, 51.96703 ], [ 5.78824, 51.96702 ], [ 5.78832, 51.96722 ], [ 5.78945, 51.96703 ], [ 5.78967, 51.96703 ], [ 5.78987, 51.96699 ], [ 5.78997, 51.967 ], [ 5.79036, 51.96709 ], [ 5.7905, 51.96716 ], [ 5.79084, 51.96828 ], [ 5.7907, 51.96887 ], [ 5.79107, 51.96888 ], [ 5.79102, 51.96894 ], [ 5.79097, 51.96921 ], [ 5.79151, 51.96907 ], [ 5.79183, 51.96916 ], [ 5.79242, 51.96913 ], [ 5.79263, 51.96915 ], [ 5.79286, 51.9692 ], [ 5.7931, 51.96928 ], [ 5.7932, 51.96936 ], [ 5.79334, 51.96941 ], [ 5.79334, 51.9693 ], [ 5.79331, 51.96921 ], [ 5.79378, 51.96911 ], [ 5.79425, 51.96913 ], [ 5.79504, 51.96909 ], [ 5.79549, 51.96913 ], [ 5.79579, 51.96928 ], [ 5.79605, 51.96951 ], [ 5.79627, 51.96961 ], [ 5.79645, 51.96966 ], [ 5.79653, 51.96959 ], [ 5.79654, 51.9694 ], [ 5.79653, 51.96927 ], [ 5.79665, 51.96918 ], [ 5.79715, 51.96918 ], [ 5.79803, 51.96931 ], [ 5.79842, 51.96916 ], [ 5.79865, 51.96915 ], [ 5.79884, 51.96921 ], [ 5.79918, 51.96943 ], [ 5.79941, 51.96945 ], [ 5.7996, 51.9694 ], [ 5.79983, 51.96921 ], [ 5.80011, 51.96918 ], [ 5.80044, 51.96924 ], [ 5.8013, 51.96947 ], [ 5.80158, 51.96958 ], [ 5.80169, 51.96965 ], [ 5.80197, 51.96974 ], [ 5.8022, 51.96986 ], [ 5.80233, 51.9699 ], [ 5.80252, 51.96988 ], [ 5.80279, 51.9698 ], [ 5.80317, 51.96954 ], [ 5.80349, 51.96944 ], [ 5.80375, 51.96943 ], [ 5.80405, 51.96951 ], [ 5.80448, 51.96951 ], [ 5.80476, 51.96954 ], [ 5.80502, 51.9699 ], [ 5.80503, 51.97008 ], [ 5.80509, 51.97028 ], [ 5.80515, 51.97029 ], [ 5.8053, 51.97026 ], [ 5.80558, 51.9701 ], [ 5.80565, 51.96997 ], [ 5.80575, 51.97004 ], [ 5.80593, 51.97005 ], [ 5.80617, 51.9699 ], [ 5.80615, 51.96979 ], [ 5.80618, 51.96972 ], [ 5.80622, 51.96972 ], [ 5.80632, 51.96978 ], [ 5.80641, 51.96991 ], [ 5.80673, 51.97015 ], [ 5.80709, 51.97051 ], [ 5.80756, 51.97082 ], [ 5.80735, 51.9704 ], [ 5.80764, 51.97061 ], [ 5.80786, 51.97061 ], [ 5.80819, 51.9707 ], [ 5.80846, 51.97076 ], [ 5.80859, 51.97088 ], [ 5.80884, 51.97097 ], [ 5.80905, 51.9711 ], [ 5.80935, 51.9715 ], [ 5.80982, 51.97172 ], [ 5.81029, 51.97191 ], [ 5.81079, 51.97185 ], [ 5.81129, 51.97183 ], [ 5.81181, 51.97175 ], [ 5.81221, 51.9715 ], [ 5.81252, 51.97156 ], [ 5.81286, 51.97177 ], [ 5.81305, 51.97203 ], [ 5.81247, 51.97214 ], [ 5.8119, 51.972 ], [ 5.81166, 51.97225 ], [ 5.81198, 51.97233 ], [ 5.81201, 51.97243 ], [ 5.81188, 51.97254 ], [ 5.81195, 51.97263 ], [ 5.81228, 51.97279 ], [ 5.81262, 51.973 ], [ 5.81268, 51.97314 ], [ 5.81351, 51.97342 ], [ 5.81469, 51.97393 ], [ 5.81454, 51.97436 ], [ 5.81495, 51.97441 ], [ 5.81518, 51.97469 ], [ 5.8155, 51.97482 ], [ 5.81573, 51.97476 ], [ 5.81689, 51.97419 ], [ 5.81719, 51.97422 ], [ 5.81831, 51.97369 ], [ 5.81878, 51.97389 ], [ 5.81986, 51.97408 ], [ 5.82008, 51.97416 ], [ 5.82008, 51.97429 ], [ 5.82022, 51.97435 ], [ 5.82044, 51.97431 ], [ 5.82072, 51.97436 ], [ 5.82095, 51.97445 ], [ 5.82132, 51.97463 ], [ 5.82153, 51.97465 ], [ 5.82159, 51.97467 ], [ 5.82168, 51.97476 ], [ 5.82166, 51.97479 ], [ 5.82147, 51.97483 ], [ 5.82148, 51.97488 ], [ 5.82165, 51.97501 ], [ 5.82176, 51.97507 ], [ 5.82176, 51.97515 ], [ 5.82182, 51.9753 ], [ 5.8219, 51.97536 ], [ 5.82196, 51.97538 ], [ 5.82216, 51.97534 ], [ 5.82231, 51.9753 ], [ 5.82232, 51.97528 ], [ 5.82228, 51.97516 ], [ 5.82228, 51.97511 ], [ 5.82234, 51.97507 ], [ 5.82253, 51.97507 ], [ 5.82253, 51.975 ], [ 5.82249, 51.97497 ], [ 5.82249, 51.97493 ], [ 5.8226, 51.97489 ], [ 5.82275, 51.97488 ], [ 5.82329, 51.9749 ], [ 5.82364, 51.97493 ], [ 5.82364, 51.97487 ], [ 5.82386, 51.97429 ], [ 5.82339, 51.97388 ], [ 5.82338, 51.97368 ], [ 5.82348, 51.9736 ], [ 5.82394, 51.97364 ], [ 5.8246, 51.97349 ], [ 5.82508, 51.97326 ], [ 5.82529, 51.97297 ], [ 5.82537, 51.97271 ], [ 5.82531, 51.97217 ], [ 5.82507, 51.97159 ], [ 5.82521, 51.97146 ], [ 5.82538, 51.97146 ], [ 5.82536, 51.9714 ], [ 5.82496, 51.97122 ], [ 5.82378, 51.97078 ], [ 5.82196, 51.97005 ], [ 5.81725, 51.96767 ], [ 5.81475, 51.96632 ], [ 5.80996, 51.96406 ], [ 5.80761, 51.96298 ], [ 5.80682, 51.96272 ], [ 5.80585, 51.9625 ], [ 5.80547, 51.96239 ], [ 5.80433, 51.9622 ], [ 5.80263, 51.96186 ], [ 5.8043, 51.9605 ], [ 5.8033, 51.95998 ], [ 5.80226, 51.95957 ], [ 5.80043, 51.95892 ], [ 5.79743, 51.95854 ], [ 5.79447, 51.9572 ], [ 5.79373, 51.95701 ], [ 5.79114, 51.95702 ], [ 5.7857, 51.95711 ], [ 5.7849, 51.95724 ], [ 5.78371, 51.95754 ], [ 5.78321, 51.95774 ], [ 5.7829, 51.95778 ], [ 5.77932, 51.95775 ], [ 5.7779, 51.95776 ], [ 5.77678, 51.95784 ], [ 5.77556, 51.95806 ], [ 5.77521, 51.95815 ], [ 5.7733, 51.95848 ], [ 5.77236, 51.95868 ], [ 5.77084, 51.95916 ], [ 5.76984, 51.95949 ], [ 5.76906, 51.95995 ], [ 5.7666, 51.96119 ], [ 5.76427, 51.96182 ], [ 5.76104, 51.9626 ], [ 5.76037, 51.9632 ], [ 5.75979, 51.96339 ], [ 5.75711, 51.96441 ], [ 5.75676, 51.96405 ], [ 5.75678, 51.96373 ], [ 5.75662, 51.96342 ], [ 5.75629, 51.96337 ], [ 5.75576, 51.96354 ], [ 5.75557, 51.96371 ], [ 5.75476, 51.96351 ], [ 5.75456, 51.96302 ], [ 5.75445, 51.96284 ], [ 5.75411, 51.96272 ] ] } },
{ "type": "Feature", "properties": { "klompenpad_naam": "Molenbeeksepad", "url": "https://klompenpaden.nl/klompenpaden/Molenbeeksepad/b5352b3c-7dd0-4aee-9c50-a3c8cc3e1e90", "date": null }, "geometry": { "type": "LineString", "coordinates": [ [ 5.73327, 51.99337 ], [ 5.73307, 51.99403 ], [ 5.73361, 51.99471 ], [ 5.73395, 51.99542 ], [ 5.73413, 51.99558 ], [ 5.73472, 51.99588 ], [ 5.73489, 51.99712 ], [ 5.73514, 51.99753 ], [ 5.73721, 51.99748 ], [ 5.73956, 51.99773 ], [ 5.73909, 51.99936 ], [ 5.73863, 52.00079 ], [ 5.73993, 52.00243 ], [ 5.74203, 52.00503 ], [ 5.74317, 52.00639 ], [ 5.74444, 52.00797 ], [ 5.74927, 52.00666 ], [ 5.74965, 52.00733 ], [ 5.75475, 52.00583 ], [ 5.75643, 52.00535 ], [ 5.75684, 52.00612 ], [ 5.75728, 52.00613 ], [ 5.75861, 52.00662 ], [ 5.75887, 52.00687 ], [ 5.76017, 52.0093 ], [ 5.76071, 52.00941 ], [ 5.76161, 52.00948 ], [ 5.76255, 52.00949 ], [ 5.76277, 52.00943 ], [ 5.76291, 52.00937 ], [ 5.76353, 52.00986 ], [ 5.76397, 52.01027 ], [ 5.76414, 52.01027 ], [ 5.7645, 52.01087 ], [ 5.76474, 52.01132 ], [ 5.76807, 52.0152 ], [ 5.76872, 52.01504 ], [ 5.76926, 52.01497 ], [ 5.771, 52.0144 ], [ 5.77109, 52.0145 ], [ 5.77104, 52.01469 ], [ 5.77096, 52.01485 ], [ 5.77095, 52.015 ], [ 5.771, 52.01511 ], [ 5.77115, 52.01523 ], [ 5.77114, 52.01528 ], [ 5.77107, 52.01538 ], [ 5.77105, 52.0155 ], [ 5.7711, 52.01562 ], [ 5.77132, 52.01578 ], [ 5.77144, 52.01599 ], [ 5.77172, 52.0161 ], [ 5.77193, 52.01611 ], [ 5.77233, 52.01612 ], [ 5.77254, 52.01615 ], [ 5.77306, 52.01603 ], [ 5.77326, 52.01594 ], [ 5.77349, 52.01574 ], [ 5.7737, 52.01568 ], [ 5.77395, 52.01567 ], [ 5.77432, 52.01572 ], [ 5.77449, 52.01571 ], [ 5.77493, 52.0156 ], [ 5.7751, 52.01551 ], [ 5.77531, 52.01533 ], [ 5.77548, 52.01528 ], [ 5.77573, 52.01516 ], [ 5.77583, 52.01503 ], [ 5.77591, 52.01486 ], [ 5.77598, 52.01479 ], [ 5.77613, 52.01472 ], [ 5.77623, 52.01464 ], [ 5.77628, 52.01452 ], [ 5.77638, 52.01442 ], [ 5.77646, 52.01416 ], [ 5.77655, 52.01353 ], [ 5.77661, 52.01344 ], [ 5.77686, 52.01331 ], [ 5.77736, 52.01312 ], [ 5.77782, 52.01283 ], [ 5.77799, 52.01277 ], [ 5.7781, 52.01275 ], [ 5.77841, 52.01277 ], [ 5.77856, 52.01276 ], [ 5.77869, 52.01273 ], [ 5.77883, 52.01266 ], [ 5.77909, 52.01247 ], [ 5.77923, 52.01242 ], [ 5.77935, 52.01241 ], [ 5.7795, 52.01243 ], [ 5.77978, 52.0125 ], [ 5.77991, 52.01256 ], [ 5.77999, 52.01264 ], [ 5.78001, 52.01285 ], [ 5.7801, 52.01315 ], [ 5.78017, 52.0132 ], [ 5.78024, 52.01321 ], [ 5.78033, 52.0132 ], [ 5.78044, 52.01314 ], [ 5.78059, 52.01294 ], [ 5.78073, 52.01285 ], [ 5.78075, 52.01275 ], [ 5.78063, 52.01244 ], [ 5.78041, 52.01233 ], [ 5.78051, 52.01223 ], [ 5.78056, 52.01214 ], [ 5.78057, 52.01191 ], [ 5.78063, 52.01181 ], [ 5.78083, 52.01169 ], [ 5.78088, 52.01158 ], [ 5.78086, 52.01141 ], [ 5.78072, 52.01121 ], [ 5.78867, 52.00858 ], [ 5.79058, 52.00796 ], [ 5.79066, 52.00795 ], [ 5.79017, 52.00718 ], [ 5.79016, 52.00706 ], [ 5.79047, 52.0067 ], [ 5.79145, 52.00642 ], [ 5.79224, 52.00621 ], [ 5.79186, 52.00567 ], [ 5.79168, 52.00555 ], [ 5.79167, 52.00555 ], [ 5.79174, 52.00546 ], [ 5.79169, 52.00524 ], [ 5.79183, 52.00505 ], [ 5.79168, 52.005 ], [ 5.7913, 52.00499 ], [ 5.78987, 52.00506 ], [ 5.78894, 52.00467 ], [ 5.78882, 52.00454 ], [ 5.78823, 52.00426 ], [ 5.78774, 52.00423 ], [ 5.7874, 52.00428 ], [ 5.78684, 52.00427 ], [ 5.78692, 52.00361 ], [ 5.78629, 52.00369 ], [ 5.78607, 52.00365 ], [ 5.78614, 52.00349 ], [ 5.78601, 52.00318 ], [ 5.78596, 52.00287 ], [ 5.78602, 52.00262 ], [ 5.78612, 52.00237 ], [ 5.7861, 52.00213 ], [ 5.78606, 52.00188 ], [ 5.78602, 52.00175 ], [ 5.78602, 52.00157 ], [ 5.78594, 52.00111 ], [ 5.78593, 52.0009 ], [ 5.78453, 52.00087 ], [ 5.78455, 52.00054 ], [ 5.7844, 52.00047 ], [ 5.7844, 52.00004 ], [ 5.78279, 52.0 ], [ 5.78271, 52.00057 ], [ 5.7808, 52.0005 ], [ 5.78131, 51.99896 ], [ 5.78159, 51.99793 ], [ 5.7819, 51.99723 ], [ 5.78277, 51.99622 ], [ 5.78293, 51.99595 ], [ 5.78357, 51.99653 ], [ 5.78669, 51.99661 ], [ 5.78677, 51.99632 ], [ 5.7867, 51.99615 ], [ 5.78677, 51.99597 ], [ 5.78636, 51.99573 ], [ 5.78685, 51.99518 ], [ 5.78717, 51.99488 ], [ 5.78743, 51.99496 ], [ 5.78802, 51.99438 ], [ 5.78864, 51.99375 ], [ 5.7885, 51.99366 ], [ 5.78798, 51.99335 ], [ 5.78745, 51.99317 ], [ 5.78652, 51.99298 ], [ 5.78559, 51.99266 ], [ 5.78503, 51.9924 ], [ 5.78502, 51.99217 ], [ 5.78504, 51.99201 ], [ 5.78503, 51.99175 ], [ 5.7851, 51.99165 ], [ 5.7853, 51.99149 ], [ 5.78532, 51.99131 ], [ 5.78507, 51.99088 ], [ 5.7851, 51.99066 ], [ 5.78541, 51.99034 ], [ 5.78546, 51.99021 ], [ 5.78546, 51.99006 ], [ 5.78528, 51.99007 ], [ 5.78512, 51.99001 ], [ 5.78484, 51.98985 ], [ 5.78462, 51.98963 ], [ 5.78333, 51.98914 ], [ 5.78307, 51.989 ], [ 5.78286, 51.98875 ], [ 5.78243, 51.98839 ], [ 5.78221, 51.988 ], [ 5.78195, 51.98777 ], [ 5.78154, 51.98753 ], [ 5.78134, 51.98726 ], [ 5.78121, 51.98717 ], [ 5.78083, 51.98678 ], [ 5.78011, 51.98627 ], [ 5.78009, 51.98616 ], [ 5.78018, 51.98595 ], [ 5.78016, 51.98584 ], [ 5.78001, 51.98571 ], [ 5.77969, 51.98563 ], [ 5.77935, 51.98561 ], [ 5.77897, 51.98562 ], [ 5.77868, 51.98557 ], [ 5.77862, 51.98559 ], [ 5.77787, 51.98513 ], [ 5.77725, 51.98469 ], [ 5.77683, 51.98445 ], [ 5.77614, 51.9842 ], [ 5.77529, 51.9838 ], [ 5.77459, 51.98365 ], [ 5.77401, 51.98357 ], [ 5.77269, 51.98314 ], [ 5.77195, 51.98294 ], [ 5.77173, 51.98293 ], [ 5.77158, 51.9829 ], [ 5.77142, 51.98283 ], [ 5.77091, 51.98222 ], [ 5.77079, 51.98217 ], [ 5.77064, 51.98214 ], [ 5.7699, 51.98213 ], [ 5.76923, 51.98201 ], [ 5.76907, 51.98204 ], [ 5.76883, 51.98214 ], [ 5.76812, 51.98214 ], [ 5.76804, 51.98211 ], [ 5.7679, 51.9819 ], [ 5.76608, 51.98121 ], [ 5.76578, 51.98132 ], [ 5.76537, 51.98143 ], [ 5.76512, 51.98154 ], [ 5.76495, 51.98175 ], [ 5.76456, 51.98172 ], [ 5.76423, 51.98175 ], [ 5.76298, 51.98205 ], [ 5.76282, 51.98218 ], [ 5.76281, 51.98256 ], [ 5.76277, 51.98262 ], [ 5.76233, 51.98267 ], [ 5.76231, 51.9829 ], [ 5.76202, 51.98295 ], [ 5.76154, 51.98391 ], [ 5.7621, 51.9841 ], [ 5.76279, 51.9844 ], [ 5.76306, 51.9847 ], [ 5.76262, 51.98504 ], [ 5.76175, 51.98553 ], [ 5.76049, 51.98568 ], [ 5.76027, 51.98594 ], [ 5.7597, 51.98672 ], [ 5.75949, 51.98682 ], [ 5.75766, 51.98737 ], [ 5.75662, 51.98685 ], [ 5.75616, 51.98657 ], [ 5.7514, 51.98726 ], [ 5.75133, 51.98726 ], [ 5.75078, 51.9867 ], [ 5.74899, 51.98727 ], [ 5.74916, 51.98747 ], [ 5.74606, 51.98841 ], [ 5.74616, 51.98859 ], [ 5.74459, 51.9891 ], [ 5.74354, 51.99033 ], [ 5.74252, 51.99139 ], [ 5.74189, 51.99159 ], [ 5.74248, 51.99322 ], [ 5.73864, 51.99378 ], [ 5.73825, 51.99349 ], [ 5.73786, 51.99392 ], [ 5.73484, 51.99353 ], [ 5.73327, 51.99336 ] ] } },
{ "type": "Feature", "properties": { "klompenpad_naam": "Meulunterenpad", "url": "https://klompenpaden.nl/klompenpaden/Meulunterenpad/4b029393-71d6-41f2-9e29-8cf15d3e1dcd", "date": null }, "geometry": { "type": "LineString", "coordinates": [ [ 5.61805, 52.0926 ], [ 5.61789, 52.09258 ], [ 5.61813, 52.09193 ], [ 5.61837, 52.09134 ], [ 5.61856, 52.09059 ], [ 5.6186, 52.09036 ], [ 5.61866, 52.09034 ], [ 5.61884, 52.09035 ], [ 5.61964, 52.09051 ], [ 5.62252, 52.09115 ], [ 5.62303, 52.0913 ], [ 5.62365, 52.09143 ], [ 5.62602, 52.09181 ], [ 5.6263, 52.09188 ], [ 5.62652, 52.09198 ], [ 5.6268, 52.09207 ], [ 5.62703, 52.0921 ], [ 5.62733, 52.09211 ], [ 5.62778, 52.09209 ], [ 5.62804, 52.09205 ], [ 5.62892, 52.09223 ], [ 5.62925, 52.09231 ], [ 5.62941, 52.0924 ], [ 5.62941, 52.09248 ], [ 5.62958, 52.09268 ], [ 5.63, 52.09293 ], [ 5.63052, 52.0931 ], [ 5.63097, 52.09318 ], [ 5.63191, 52.09128 ], [ 5.63194, 52.09098 ], [ 5.63575, 52.09207 ], [ 5.63777, 52.09271 ], [ 5.64455, 52.09391 ], [ 5.6449, 52.09396 ], [ 5.64498, 52.09382 ], [ 5.64512, 52.09368 ], [ 5.64507, 52.09352 ], [ 5.64499, 52.09344 ], [ 5.64519, 52.0933 ], [ 5.64549, 52.09314 ], [ 5.64572, 52.09315 ], [ 5.64594, 52.09311 ], [ 5.64619, 52.09303 ], [ 5.64636, 52.09292 ], [ 5.64661, 52.09285 ], [ 5.64655, 52.09271 ], [ 5.64661, 52.09255 ], [ 5.64679, 52.0924 ], [ 5.6467, 52.09226 ], [ 5.64652, 52.09188 ], [ 5.6466, 52.09144 ], [ 5.64646, 52.09126 ], [ 5.64643, 52.09106 ], [ 5.64743, 52.09123 ], [ 5.64758, 52.09106 ], [ 5.64758, 52.09091 ], [ 5.64773, 52.09073 ], [ 5.64777, 52.09053 ], [ 5.64788, 52.09038 ], [ 5.64787, 52.0902 ], [ 5.64801, 52.09004 ], [ 5.64801, 52.08987 ], [ 5.64816, 52.08976 ], [ 5.64819, 52.08961 ], [ 5.64839, 52.08953 ], [ 5.64903, 52.0895 ], [ 5.64883, 52.0883 ], [ 5.65756, 52.08852 ], [ 5.65482, 52.09201 ], [ 5.65438, 52.09242 ], [ 5.65109, 52.09483 ], [ 5.65072, 52.09501 ], [ 5.65328, 52.09539 ], [ 5.65313, 52.09571 ], [ 5.65372, 52.09576 ], [ 5.65441, 52.09592 ], [ 5.65482, 52.09591 ], [ 5.65503, 52.09597 ], [ 5.65535, 52.09621 ], [ 5.65574, 52.09625 ], [ 5.65695, 52.09627 ], [ 5.65799, 52.09636 ], [ 5.65864, 52.09646 ], [ 5.66014, 52.09677 ], [ 5.66049, 52.09687 ], [ 5.66094, 52.09691 ], [ 5.66124, 52.09687 ], [ 5.66093, 52.09785 ], [ 5.66101, 52.09801 ], [ 5.66065, 52.09855 ], [ 5.66072, 52.09872 ], [ 5.66053, 52.09904 ], [ 5.66032, 52.09955 ], [ 5.66019, 52.09975 ], [ 5.65996, 52.09993 ], [ 5.65971, 52.09997 ], [ 5.65975, 52.10015 ], [ 5.65969, 52.10025 ], [ 5.65939, 52.10029 ], [ 5.65945, 52.10038 ], [ 5.66389, 52.10113 ], [ 5.66374, 52.10136 ], [ 5.66382, 52.10142 ], [ 5.66524, 52.10162 ], [ 5.66444, 52.1028 ], [ 5.66377, 52.10363 ], [ 5.66354, 52.10399 ], [ 5.66344, 52.10416 ], [ 5.66237, 52.10407 ], [ 5.66218, 52.10399 ], [ 5.65808, 52.10391 ], [ 5.6569, 52.10712 ], [ 5.65275, 52.10655 ], [ 5.64751, 52.10573 ], [ 5.64592, 52.10593 ], [ 5.64385, 52.10623 ], [ 5.64384, 52.10621 ], [ 5.64455, 52.10463 ], [ 5.64488, 52.10401 ], [ 5.64519, 52.10377 ], [ 5.64527, 52.10364 ], [ 5.64533, 52.10349 ], [ 5.64545, 52.10284 ], [ 5.64604, 52.10148 ], [ 5.64616, 52.10093 ], [ 5.64588, 52.10107 ], [ 5.64524, 52.10117 ], [ 5.64516, 52.10108 ], [ 5.64465, 52.1009 ], [ 5.64384, 52.10047 ], [ 5.64362, 52.10019 ], [ 5.6433, 52.09988 ], [ 5.64316, 52.09964 ], [ 5.64305, 52.09943 ], [ 5.64298, 52.09936 ], [ 5.64285, 52.09931 ], [ 5.64194, 52.10002 ], [ 5.64178, 52.09995 ], [ 5.64149, 52.09997 ], [ 5.64125, 52.1003 ], [ 5.64093, 52.10054 ], [ 5.64058, 52.10075 ], [ 5.64002, 52.10066 ], [ 5.63903, 52.10035 ], [ 5.63892, 52.10037 ], [ 5.6388, 52.10033 ], [ 5.63704, 52.09966 ], [ 5.63545, 52.09881 ], [ 5.63399, 52.09773 ], [ 5.63333, 52.0973 ], [ 5.63311, 52.09714 ], [ 5.63241, 52.09645 ], [ 5.63175, 52.09602 ], [ 5.63157, 52.09592 ], [ 5.63126, 52.09605 ], [ 5.63095, 52.09615 ], [ 5.63035, 52.09628 ], [ 5.63, 52.09631 ], [ 5.62955, 52.09631 ], [ 5.62766, 52.09595 ], [ 5.62739, 52.09603 ], [ 5.62714, 52.09617 ], [ 5.62696, 52.09655 ], [ 5.62648, 52.09709 ], [ 5.62593, 52.09793 ], [ 5.62456, 52.09754 ], [ 5.62373, 52.09716 ], [ 5.6234, 52.09686 ], [ 5.62304, 52.09625 ], [ 5.62271, 52.09575 ], [ 5.62257, 52.09558 ], [ 5.62149, 52.09483 ], [ 5.62016, 52.09551 ], [ 5.61989, 52.09538 ], [ 5.61903, 52.09492 ], [ 5.61838, 52.09546 ], [ 5.61818, 52.09554 ], [ 5.6174, 52.09574 ], [ 5.61693, 52.0951 ], [ 5.61683, 52.09492 ], [ 5.61699, 52.09469 ], [ 5.61718, 52.09449 ], [ 5.61751, 52.09349 ], [ 5.61768, 52.09304 ], [ 5.61783, 52.09268 ], [ 5.61789, 52.09259 ], [ 5.61805, 52.0926 ] ] } },
{ "type": "Feature", "properties": { "klompenpad_naam": "Marspad", "url": "https://klompenpaden.nl/klompenpaden/Marspad/9d55931d-08fc-4130-a633-111b86228298", "date": null }, "geometry": { "type": "LineString", "coordinates": [ [ 5.56956, 51.93528 ], [ 5.56939, 51.93603 ], [ 5.56925, 51.93652 ], [ 5.56899, 51.93715 ], [ 5.56912, 51.93718 ], [ 5.56928, 51.9373 ], [ 5.56921, 51.93743 ], [ 5.569, 51.93748 ], [ 5.56883, 51.93745 ], [ 5.56875, 51.9377 ], [ 5.56881, 51.93789 ], [ 5.56888, 51.93821 ], [ 5.56863, 51.93852 ], [ 5.56799, 51.93914 ], [ 5.5674, 51.93982 ], [ 5.56728, 51.94018 ], [ 5.56735, 51.94077 ], [ 5.56733, 51.94101 ], [ 5.56722, 51.94107 ], [ 5.56732, 51.94123 ], [ 5.56754, 51.94136 ], [ 5.56807, 51.94172 ], [ 5.57012, 51.94296 ], [ 5.57108, 51.94348 ], [ 5.57195, 51.94371 ], [ 5.57246, 51.94402 ], [ 5.57278, 51.9444 ], [ 5.57299, 51.94468 ], [ 5.57322, 51.94482 ], [ 5.5736, 51.94494 ], [ 5.57395, 51.94495 ], [ 5.57434, 51.94493 ], [ 5.57496, 51.94495 ], [ 5.5761, 51.94505 ], [ 5.57675, 51.94516 ], [ 5.57743, 51.94534 ], [ 5.57795, 51.9455 ], [ 5.57872, 51.94552 ], [ 5.57938, 51.94561 ], [ 5.58017, 51.9459 ], [ 5.58126, 51.94638 ], [ 5.58347, 51.94723 ], [ 5.58397, 51.94736 ], [ 5.58735, 51.94787 ], [ 5.58783, 51.94791 ], [ 5.5882, 51.94786 ], [ 5.58844, 51.94775 ], [ 5.58864, 51.94763 ], [ 5.58926, 51.94755 ], [ 5.59025, 51.94751 ], [ 5.59111, 51.94738 ], [ 5.59178, 51.9473 ], [ 5.59228, 51.94729 ], [ 5.5927, 51.94719 ], [ 5.593, 51.94763 ], [ 5.59266, 51.94787 ], [ 5.59231, 51.94805 ], [ 5.59185, 51.94821 ], [ 5.58912, 51.94903 ], [ 5.58848, 51.94914 ], [ 5.58521, 51.94979 ], [ 5.58071, 51.95062 ], [ 5.58036, 51.95077 ], [ 5.58011, 51.9509 ], [ 5.57978, 51.951 ], [ 5.57797, 51.95119 ], [ 5.57713, 51.95122 ], [ 5.576, 51.9514 ], [ 5.57554, 51.95143 ], [ 5.57532, 51.95124 ], [ 5.57506, 51.95042 ], [ 5.57517, 51.95031 ], [ 5.57516, 51.95023 ], [ 5.57504, 51.95021 ], [ 5.57498, 51.95012 ], [ 5.57498, 51.94999 ], [ 5.57505, 51.94984 ], [ 5.57518, 51.94967 ], [ 5.57533, 51.94966 ], [ 5.57567, 51.9496 ], [ 5.57578, 51.94942 ], [ 5.57578, 51.94924 ], [ 5.57563, 51.94877 ], [ 5.57547, 51.94856 ], [ 5.57555, 51.94922 ], [ 5.57632, 51.95176 ], [ 5.57684, 51.95388 ], [ 5.57734, 51.95523 ], [ 5.57746, 51.95547 ], [ 5.57769, 51.95544 ], [ 5.57739, 51.95427 ], [ 5.57728, 51.95418 ], [ 5.57708, 51.95417 ], [ 5.57663, 51.95424 ], [ 5.57485, 51.95444 ], [ 5.57451, 51.95446 ], [ 5.57187, 51.95428 ], [ 5.5703, 51.95435 ], [ 5.57093, 51.95588 ], [ 5.57033, 51.956 ], [ 5.56982, 51.95606 ], [ 5.56896, 51.95604 ], [ 5.5687, 51.95594 ], [ 5.5684, 51.95565 ], [ 5.56803, 51.95548 ], [ 5.56761, 51.95537 ], [ 5.56668, 51.95545 ], [ 5.56513, 51.95565 ], [ 5.56421, 51.95587 ], [ 5.56395, 51.95606 ], [ 5.56359, 51.95639 ], [ 5.56342, 51.95658 ], [ 5.56288, 51.95689 ], [ 5.56253, 51.95721 ], [ 5.5624, 51.95739 ], [ 5.56212, 51.95683 ], [ 5.56177, 51.95593 ], [ 5.56158, 51.95555 ], [ 5.56124, 51.95527 ], [ 5.56071, 51.95388 ], [ 5.56064, 51.9535 ], [ 5.56047, 51.95303 ], [ 5.56029, 51.95271 ], [ 5.56064, 51.95243 ], [ 5.56064, 51.95234 ], [ 5.56035, 51.95196 ], [ 5.5602, 51.95191 ], [ 5.55985, 51.95194 ], [ 5.55944, 51.95206 ], [ 5.55744, 51.9525 ], [ 5.55611, 51.95281 ], [ 5.55513, 51.95294 ], [ 5.55198, 51.95325 ], [ 5.55163, 51.95324 ], [ 5.55143, 51.95306 ], [ 5.55131, 51.95275 ], [ 5.55059, 51.9517 ], [ 5.55035, 51.95177 ], [ 5.55022, 51.95158 ], [ 5.55, 51.95152 ], [ 5.5498, 51.95139 ], [ 5.54977, 51.95128 ], [ 5.54964, 51.95098 ], [ 5.54942, 51.95074 ], [ 5.54924, 51.95046 ], [ 5.54903, 51.95019 ], [ 5.5495, 51.95007 ], [ 5.54932, 51.94985 ], [ 5.54952, 51.94979 ], [ 5.54721, 51.94774 ], [ 5.54707, 51.94765 ], [ 5.54871, 51.94677 ], [ 5.54911, 51.94662 ], [ 5.54935, 51.94664 ], [ 5.55015, 51.94635 ], [ 5.54863, 51.94448 ], [ 5.54847, 51.94439 ], [ 5.54832, 51.94419 ], [ 5.54796, 51.94242 ], [ 5.54797, 51.94231 ], [ 5.54756, 51.94223 ], [ 5.54705, 51.94229 ], [ 5.54596, 51.94254 ], [ 5.54633, 51.94151 ], [ 5.5464, 51.94109 ], [ 5.54796, 51.94066 ], [ 5.54774, 51.94012 ], [ 5.54615, 51.93758 ], [ 5.54443, 51.93636 ], [ 5.54426, 51.93615 ], [ 5.54375, 51.93565 ], [ 5.54333, 51.9353 ], [ 5.54461, 51.93497 ], [ 5.54602, 51.93468 ], [ 5.54627, 51.93459 ], [ 5.54643, 51.93441 ], [ 5.54656, 51.93433 ], [ 5.54712, 51.93431 ], [ 5.54813, 51.93401 ], [ 5.55067, 51.93318 ], [ 5.55124, 51.93293 ], [ 5.55163, 51.93279 ], [ 5.55228, 51.93272 ], [ 5.5527, 51.93272 ], [ 5.55352, 51.9328 ], [ 5.55462, 51.93285 ], [ 5.55497, 51.93278 ], [ 5.55527, 51.93274 ], [ 5.55551, 51.93281 ], [ 5.55574, 51.93295 ], [ 5.55618, 51.93302 ], [ 5.55661, 51.93301 ], [ 5.55741, 51.93315 ], [ 5.55778, 51.93315 ], [ 5.55823, 51.93318 ], [ 5.55897, 51.93351 ], [ 5.56007, 51.93387 ], [ 5.56032, 51.93393 ], [ 5.56064, 51.93391 ], [ 5.56107, 51.93384 ], [ 5.56193, 51.9338 ], [ 5.56241, 51.93376 ], [ 5.56285, 51.93369 ], [ 5.56299, 51.93342 ], [ 5.56315, 51.93297 ], [ 5.56344, 51.93235 ], [ 5.5636, 51.9323 ], [ 5.56364, 51.93218 ], [ 5.56443, 51.93213 ], [ 5.56403, 51.93297 ], [ 5.56386, 51.93354 ], [ 5.56392, 51.93367 ], [ 5.56612, 51.93419 ], [ 5.56695, 51.93455 ], [ 5.56786, 51.93491 ], [ 5.56901, 51.93523 ], [ 5.56925, 51.93527 ], [ 5.56956, 51.93528 ] ] } },
{ "type": "Feature", "properties": { "klompenpad_naam": "Markluiderpad", "url": "https://klompenpaden.nl/klompenpaden/Markluiderpad/041b76de-7d00-4567-a6ff-efcdbecef2dd", "date": null }, "geometry": { "type": "LineString", "coordinates": [ [ 6.0692, 52.3652 ], [ 6.06897, 52.36524 ], [ 6.06906, 52.36581 ], [ 6.07051, 52.36558 ], [ 6.07073, 52.36561 ], [ 6.07087, 52.36567 ], [ 6.07118, 52.36572 ], [ 6.07137, 52.36584 ], [ 6.07157, 52.36592 ], [ 6.07184, 52.36593 ], [ 6.07242, 52.36574 ], [ 6.07279, 52.36572 ], [ 6.07305, 52.36559 ], [ 6.07325, 52.36605 ], [ 6.07329, 52.36666 ], [ 6.07334, 52.36692 ], [ 6.07349, 52.36722 ], [ 6.07318, 52.36731 ], [ 6.07315, 52.36756 ], [ 6.07292, 52.36772 ], [ 6.07255, 52.36781 ], [ 6.07226, 52.36784 ], [ 6.06911, 52.36875 ], [ 6.06761, 52.36914 ], [ 6.06738, 52.36868 ], [ 6.06326, 52.36938 ], [ 6.06307, 52.36992 ], [ 6.06274, 52.37135 ], [ 6.06269, 52.37184 ], [ 6.06278, 52.37194 ], [ 6.06459, 52.37174 ], [ 6.0646, 52.37192 ], [ 6.06283, 52.3721 ], [ 6.06357, 52.37296 ], [ 6.06365, 52.37401 ], [ 6.06591, 52.37387 ], [ 6.06659, 52.37469 ], [ 6.0667, 52.37478 ], [ 6.06436, 52.37494 ], [ 6.06397, 52.37498 ], [ 6.064, 52.37513 ], [ 6.06476, 52.37584 ], [ 6.06533, 52.37607 ], [ 6.0657, 52.37629 ], [ 6.06617, 52.37643 ], [ 6.06662, 52.3767 ], [ 6.0677, 52.37721 ], [ 6.06829, 52.37754 ], [ 6.06904, 52.37805 ], [ 6.06979, 52.37848 ], [ 6.07013, 52.37901 ], [ 6.07013, 52.37937 ], [ 6.07021, 52.38003 ], [ 6.07028, 52.38044 ], [ 6.07025, 52.38069 ], [ 6.07039, 52.38138 ], [ 6.07055, 52.38159 ], [ 6.07052, 52.38172 ], [ 6.07033, 52.38177 ], [ 6.0699, 52.38182 ], [ 6.06972, 52.38186 ], [ 6.06968, 52.38183 ], [ 6.06645, 52.38308 ], [ 6.06529, 52.38373 ], [ 6.06262, 52.38421 ], [ 6.06182, 52.38468 ], [ 6.06118, 52.38498 ], [ 6.06047, 52.38435 ], [ 6.05401, 52.37833 ], [ 6.05418, 52.37832 ], [ 6.05281, 52.377 ], [ 6.05247, 52.37664 ], [ 6.05224, 52.37631 ], [ 6.05208, 52.37598 ], [ 6.05211, 52.37577 ], [ 6.05205, 52.37563 ], [ 6.05156, 52.37576 ], [ 6.05125, 52.37473 ], [ 6.04859, 52.37531 ], [ 6.04573, 52.3759 ], [ 6.04541, 52.37335 ], [ 6.04549, 52.37322 ], [ 6.05082, 52.37283 ], [ 6.05071, 52.37202 ], [ 6.05058, 52.37155 ], [ 6.05025, 52.37099 ], [ 6.04964, 52.37031 ], [ 6.05013, 52.37018 ], [ 6.05554, 52.36929 ], [ 6.0565, 52.36915 ], [ 6.05564, 52.36749 ], [ 6.05501, 52.36595 ], [ 6.05448, 52.36458 ], [ 6.05434, 52.36444 ], [ 6.0541, 52.36433 ], [ 6.05413, 52.36424 ], [ 6.05425, 52.36418 ], [ 6.0545, 52.36409 ], [ 6.05598, 52.36388 ], [ 6.05699, 52.36404 ], [ 6.05743, 52.36421 ], [ 6.05947, 52.36442 ], [ 6.06126, 52.36447 ], [ 6.06467, 52.36385 ], [ 6.06525, 52.36394 ], [ 6.0654, 52.36343 ], [ 6.06539, 52.36288 ], [ 6.06514, 52.36153 ], [ 6.06524, 52.36151 ], [ 6.06852, 52.36167 ], [ 6.06865, 52.36231 ], [ 6.069, 52.36509 ], [ 6.06919, 52.3652 ] ] } },
{ "type": "Feature", "properties": { "klompenpad_naam": "Loobrinkerpad", "url": "https://klompenpaden.nl/klompenpaden/Loobrinkerpad/fdc409e2-e8f9-4b6b-a704-de2fc82084c0", "date": "2024-02-02" }, "geometry": { "type": "LineString", "coordinates": [ [ 5.97411, 52.31754 ], [ 5.9743, 52.31759 ], [ 5.97427, 52.31729 ], [ 5.97562, 52.31713 ], [ 5.97601, 52.31831 ], [ 5.97749, 52.31794 ], [ 5.97768, 52.31786 ], [ 5.97782, 52.31756 ], [ 5.97809, 52.31678 ], [ 5.97824, 52.31652 ], [ 5.97857, 52.31623 ], [ 5.97903, 52.31596 ], [ 5.97911, 52.31422 ], [ 5.97958, 52.31418 ], [ 5.97961, 52.31352 ], [ 5.97949, 52.31316 ], [ 5.97944, 52.31291 ], [ 5.97937, 52.31245 ], [ 5.97936, 52.31204 ], [ 5.97965, 52.31164 ], [ 5.98173, 52.30945 ], [ 5.98284, 52.30963 ], [ 5.9855, 52.31031 ], [ 5.98677, 52.31068 ], [ 5.98612, 52.30754 ], [ 5.98772, 52.30822 ], [ 5.98882, 52.30864 ], [ 5.98842, 52.30385 ], [ 5.98984, 52.30394 ], [ 5.99011, 52.30394 ], [ 5.99077, 52.30378 ], [ 5.99105, 52.30378 ], [ 5.99099, 52.30464 ], [ 5.99095, 52.30552 ], [ 5.99143, 52.30542 ], [ 5.99172, 52.30542 ], [ 5.99207, 52.30549 ], [ 5.99223, 52.30549 ], [ 5.99255, 52.30544 ], [ 5.99305, 52.3055 ], [ 5.99349, 52.3056 ], [ 5.99417, 52.30565 ], [ 5.99468, 52.30565 ], [ 5.99513, 52.30557 ], [ 5.99567, 52.30558 ], [ 5.99611, 52.3057 ], [ 5.9968, 52.3057 ], [ 5.99788, 52.30574 ], [ 5.9981, 52.30586 ], [ 5.99838, 52.3059 ], [ 6.00138, 52.30621 ], [ 6.00154, 52.30638 ], [ 6.00191, 52.30719 ], [ 6.00244, 52.3072 ], [ 6.00275, 52.30727 ], [ 6.00289, 52.30738 ], [ 6.00318, 52.30777 ], [ 6.00346, 52.30803 ], [ 6.00384, 52.30834 ], [ 6.004, 52.30856 ], [ 6.00404, 52.30874 ], [ 6.00419, 52.30904 ], [ 6.00449, 52.3094 ], [ 6.00412, 52.3097 ], [ 6.00211, 52.31105 ], [ 6.00207, 52.31125 ], [ 6.002, 52.31142 ], [ 6.00178, 52.31149 ], [ 6.0012, 52.3115 ], [ 6.00084, 52.31148 ], [ 6.00046, 52.31171 ], [ 6.00038, 52.31222 ], [ 5.99994, 52.31222 ], [ 5.99958, 52.31219 ], [ 5.9993, 52.31211 ], [ 5.99846, 52.31203 ], [ 5.99742, 52.31189 ], [ 5.99702, 52.31192 ], [ 5.99665, 52.31205 ], [ 5.99642, 52.3121 ], [ 5.99599, 52.31205 ], [ 5.99596, 52.31223 ], [ 5.99458, 52.31208 ], [ 5.9942, 52.31258 ], [ 5.99372, 52.31313 ], [ 5.99339, 52.31331 ], [ 5.99314, 52.31353 ], [ 5.99299, 52.31381 ], [ 5.99293, 52.31396 ], [ 5.99321, 52.31466 ], [ 5.99338, 52.31468 ], [ 5.99363, 52.31465 ], [ 5.99395, 52.3147 ], [ 5.99448, 52.31481 ], [ 5.99491, 52.31485 ], [ 5.99588, 52.31473 ], [ 5.99629, 52.3147 ], [ 5.99668, 52.31471 ], [ 5.99707, 52.31477 ], [ 5.99711, 52.3148 ], [ 5.99746, 52.31459 ], [ 5.99787, 52.31466 ], [ 5.99813, 52.31476 ], [ 5.99958, 52.31614 ], [ 6.00199, 52.31521 ], [ 6.00268, 52.31527 ], [ 6.00419, 52.31545 ], [ 6.00423, 52.31623 ], [ 6.00404, 52.31719 ], [ 6.00402, 52.31751 ], [ 6.00257, 52.31759 ], [ 6.00235, 52.31769 ], [ 6.00212, 52.31783 ], [ 6.00184, 52.31817 ], [ 6.00168, 52.31853 ], [ 6.0015, 52.31873 ], [ 6.00116, 52.31881 ], [ 6.00069, 52.31906 ], [ 5.99992, 52.31959 ], [ 5.99961, 52.32049 ], [ 5.99946, 52.32068 ], [ 6.00023, 52.32205 ], [ 5.99952, 52.32241 ], [ 5.99737, 52.32341 ], [ 5.99727, 52.32352 ], [ 5.99686, 52.32373 ], [ 5.99704, 52.32388 ], [ 5.99707, 52.32404 ], [ 5.99714, 52.32423 ], [ 5.99715, 52.32432 ], [ 5.99615, 52.32423 ], [ 5.99528, 52.32459 ], [ 5.994, 52.32509 ], [ 5.99383, 52.32529 ], [ 5.99374, 52.32552 ], [ 5.99374, 52.32608 ], [ 5.99378, 52.32629 ], [ 5.99349, 52.32637 ], [ 5.99312, 52.3264 ], [ 5.99271, 52.32635 ], [ 5.99253, 52.32612 ], [ 5.99184, 52.32452 ], [ 5.99179, 52.32439 ], [ 5.99203, 52.32425 ], [ 5.99219, 52.32412 ], [ 5.99216, 52.32404 ], [ 5.99205, 52.32391 ], [ 5.99185, 52.32383 ], [ 5.99187, 52.32377 ], [ 5.99197, 52.32375 ], [ 5.9921, 52.32377 ], [ 5.99221, 52.32369 ], [ 5.99222, 52.32359 ], [ 5.99214, 52.32342 ], [ 5.99192, 52.32333 ], [ 5.99173, 52.32329 ], [ 5.99156, 52.32159 ], [ 5.99085, 52.3216 ], [ 5.99038, 52.32153 ], [ 5.99031, 52.32106 ], [ 5.99012, 52.32007 ], [ 5.98924, 52.32031 ], [ 5.9882, 52.3204 ], [ 5.98813, 52.31968 ], [ 5.98785, 52.31795 ], [ 5.98786, 52.31754 ], [ 5.98711, 52.31758 ], [ 5.98541, 52.31755 ], [ 5.98413, 52.31739 ], [ 5.98354, 52.31736 ], [ 5.98281, 52.31737 ], [ 5.9808, 52.31751 ], [ 5.97772, 52.31787 ], [ 5.97741, 52.31796 ], [ 5.9767, 52.31812 ], [ 5.97625, 52.31826 ], [ 5.97601, 52.31831 ], [ 5.97563, 52.31711 ], [ 5.97427, 52.31729 ], [ 5.97429, 52.3176 ], [ 5.97411, 52.31754 ] ] } },
{ "type": "Feature", "properties": { "klompenpad_naam": "Loenense-Enkenpad", "url": "https://klompenpaden.nl/klompenpaden/Loenense-Enkenpad/131296d8-7377-4c26-9bfd-b914b838d1d3", "date": null }, "geometry": { "type": "LineString", "coordinates": [ [ 6.02015, 52.12558 ], [ 6.02067, 52.12614 ], [ 6.02086, 52.12631 ], [ 6.02093, 52.1264 ], [ 6.02108, 52.12647 ], [ 6.02111, 52.12656 ], [ 6.0207, 52.12681 ], [ 6.02371, 52.12922 ], [ 6.02742, 52.12702 ], [ 6.02792, 52.12633 ], [ 6.02817, 52.12685 ], [ 6.02857, 52.1274 ], [ 6.02895, 52.12771 ], [ 6.02939, 52.12796 ], [ 6.03242, 52.12926 ], [ 6.03727, 52.12584 ], [ 6.03586, 52.12478 ], [ 6.03635, 52.12447 ], [ 6.03651, 52.12385 ], [ 6.03633, 52.12243 ], [ 6.02862, 52.12019 ], [ 6.02913, 52.11989 ], [ 6.02986, 52.11902 ], [ 6.03071, 52.11844 ], [ 6.03092, 52.1182 ], [ 6.03108, 52.11737 ], [ 6.03132, 52.11692 ], [ 6.03315, 52.11454 ], [ 6.03342, 52.11411 ], [ 6.03366, 52.11249 ], [ 6.03395, 52.11199 ], [ 6.034, 52.10974 ], [ 6.03369, 52.10946 ], [ 6.03344, 52.10911 ], [ 6.03372, 52.10904 ], [ 6.03409, 52.10891 ], [ 6.03498, 52.10852 ], [ 6.03482, 52.10842 ], [ 6.03472, 52.10828 ], [ 6.03452, 52.10773 ], [ 6.03443, 52.10753 ], [ 6.03434, 52.10742 ], [ 6.03403, 52.10725 ], [ 6.0335, 52.10715 ], [ 6.03363, 52.10694 ], [ 6.03418, 52.10626 ], [ 6.03419, 52.10612 ], [ 6.03401, 52.10554 ], [ 6.03398, 52.1049 ], [ 6.03383, 52.10396 ], [ 6.03362, 52.10373 ], [ 6.0331, 52.1035 ], [ 6.03174, 52.1031 ], [ 6.03155, 52.10298 ], [ 6.03069, 52.10281 ], [ 6.03048, 52.10296 ], [ 6.0303, 52.10299 ], [ 6.0295, 52.10292 ], [ 6.02945, 52.10295 ], [ 6.02925, 52.10297 ], [ 6.02764, 52.103 ], [ 6.02764, 52.1025 ], [ 6.02761, 52.10201 ], [ 6.02756, 52.1016 ], [ 6.02742, 52.10141 ], [ 6.0269, 52.10101 ], [ 6.02647, 52.10072 ], [ 6.02639, 52.10071 ], [ 6.02625, 52.10063 ], [ 6.02589, 52.10038 ], [ 6.02512, 52.10156 ], [ 6.02475, 52.10182 ], [ 6.02442, 52.10214 ], [ 6.0243, 52.10229 ], [ 6.02381, 52.10264 ], [ 6.02325, 52.10281 ], [ 6.02293, 52.10297 ], [ 6.0228, 52.10312 ], [ 6.02272, 52.10405 ], [ 6.0227, 52.10413 ], [ 6.02199, 52.10415 ], [ 6.02106, 52.10423 ], [ 6.02067, 52.10435 ], [ 6.0205, 52.10446 ], [ 6.02013, 52.10478 ], [ 6.02011, 52.10509 ], [ 6.02007, 52.10517 ], [ 6.01992, 52.10528 ], [ 6.01902, 52.10576 ], [ 6.01886, 52.10597 ], [ 6.01876, 52.1062 ], [ 6.01844, 52.10658 ], [ 6.01831, 52.10708 ], [ 6.01817, 52.10747 ], [ 6.0177, 52.10815 ], [ 6.01758, 52.10844 ], [ 6.01747, 52.1091 ], [ 6.01752, 52.10917 ], [ 6.01726, 52.10932 ], [ 6.01712, 52.10944 ], [ 6.01646, 52.11041 ], [ 6.01654, 52.11095 ], [ 6.01648, 52.1111 ], [ 6.0165, 52.1119 ], [ 6.01644, 52.11194 ], [ 6.01633, 52.11257 ], [ 6.01614, 52.1128 ], [ 6.01582, 52.11292 ], [ 6.01447, 52.11298 ], [ 6.0115, 52.11268 ], [ 6.01344, 52.11393 ], [ 6.01417, 52.11434 ], [ 6.01519, 52.11465 ], [ 6.01566, 52.11483 ], [ 6.01629, 52.11519 ], [ 6.01687, 52.11513 ], [ 6.0171, 52.1152 ], [ 6.01739, 52.11567 ], [ 6.01763, 52.11583 ], [ 6.01747, 52.11601 ], [ 6.01722, 52.11618 ], [ 6.01729, 52.1164 ], [ 6.01695, 52.11633 ], [ 6.0158, 52.11622 ], [ 6.0154, 52.11621 ], [ 6.01467, 52.11615 ], [ 6.01328, 52.11598 ], [ 6.01364, 52.11807 ], [ 6.01359, 52.11813 ], [ 6.01343, 52.11822 ], [ 6.01271, 52.11848 ], [ 6.01248, 52.11845 ], [ 6.01197, 52.11848 ], [ 6.01171, 52.11839 ], [ 6.01149, 52.11837 ], [ 6.0113, 52.11838 ], [ 6.01108, 52.11845 ], [ 6.01112, 52.11882 ], [ 6.01118, 52.11897 ], [ 6.0129, 52.11897 ], [ 6.01295, 52.11946 ], [ 6.01264, 52.11948 ], [ 6.01278, 52.12019 ], [ 6.01344, 52.12026 ], [ 6.0138, 52.12027 ], [ 6.01499, 52.12021 ], [ 6.01649, 52.1201 ], [ 6.01666, 52.12015 ], [ 6.01661, 52.12021 ], [ 6.01754, 52.12049 ], [ 6.01743, 52.12066 ], [ 6.0174, 52.12085 ], [ 6.0174, 52.12125 ], [ 6.01946, 52.1212 ], [ 6.01979, 52.12131 ], [ 6.0203, 52.12311 ], [ 6.02032, 52.12328 ], [ 6.02002, 52.1235 ], [ 6.01972, 52.12367 ], [ 6.01822, 52.12397 ], [ 6.01729, 52.12405 ], [ 6.01746, 52.12462 ], [ 6.01719, 52.12462 ], [ 6.01691, 52.12474 ], [ 6.01645, 52.12536 ], [ 6.01616, 52.12552 ], [ 6.01824, 52.12646 ], [ 6.02015, 52.12558 ] ] } },
{ "type": "Feature", "properties": { "klompenpad_naam": "Leuvenschepad", "url": "https://klompenpaden.nl/klompenpaden/Leuvenschepad/65477b1e-6ba9-42aa-acb7-2fc968c2596f", "date": null }, "geometry": { "type": "LineString", "coordinates": [ [ 6.14316, 52.07475 ], [ 6.14368, 52.07459 ], [ 6.14441, 52.07449 ], [ 6.14307, 52.07354 ], [ 6.14467, 52.07325 ], [ 6.14502, 52.07322 ], [ 6.14541, 52.07313 ], [ 6.14572, 52.07303 ], [ 6.14606, 52.07273 ], [ 6.1452, 52.07237 ], [ 6.14231, 52.07107 ], [ 6.14171, 52.07093 ], [ 6.14004, 52.06996 ], [ 6.13985, 52.06997 ], [ 6.13812, 52.0706 ], [ 6.13789, 52.0706 ], [ 6.13398, 52.06761 ], [ 6.13237, 52.06633 ], [ 6.13102, 52.06533 ], [ 6.12994, 52.06444 ], [ 6.12936, 52.06416 ], [ 6.12924, 52.06388 ], [ 6.12881, 52.06358 ], [ 6.12829, 52.0631 ], [ 6.12652, 52.0618 ], [ 6.12606, 52.06154 ], [ 6.12359, 52.05958 ], [ 6.11995, 52.0568 ], [ 6.11965, 52.05654 ], [ 6.11941, 52.0567 ], [ 6.11932, 52.05678 ], [ 6.11897, 52.0576 ], [ 6.11877, 52.05788 ], [ 6.11825, 52.05853 ], [ 6.11811, 52.05894 ], [ 6.11771, 52.05985 ], [ 6.11765, 52.06023 ], [ 6.11771, 52.06077 ], [ 6.1178, 52.06106 ], [ 6.11789, 52.06343 ], [ 6.11788, 52.06379 ], [ 6.11754, 52.06444 ], [ 6.11696, 52.06549 ], [ 6.11515, 52.06908 ], [ 6.1192, 52.07023 ], [ 6.11748, 52.07078 ], [ 6.11867, 52.07414 ], [ 6.1202, 52.07836 ], [ 6.1092, 52.07987 ], [ 6.10965, 52.08095 ], [ 6.11028, 52.08206 ], [ 6.10706, 52.08256 ], [ 6.10599, 52.08132 ], [ 6.09917, 52.08253 ], [ 6.1007, 52.08529 ], [ 6.11105, 52.08348 ], [ 6.11153, 52.08428 ], [ 6.12549, 52.08226 ], [ 6.13252, 52.08136 ], [ 6.13562, 52.0809 ], [ 6.13482, 52.07818 ], [ 6.13556, 52.07779 ], [ 6.13553, 52.07756 ], [ 6.13604, 52.07736 ], [ 6.13624, 52.0774 ], [ 6.13644, 52.07741 ], [ 6.13653, 52.07739 ], [ 6.13787, 52.07671 ], [ 6.13862, 52.07731 ], [ 6.13887, 52.07738 ], [ 6.13909, 52.07739 ], [ 6.13957, 52.07726 ], [ 6.14003, 52.07709 ], [ 6.14022, 52.077 ], [ 6.14091, 52.07774 ], [ 6.14097, 52.07784 ], [ 6.14176, 52.07873 ], [ 6.14201, 52.07896 ], [ 6.14319, 52.07905 ], [ 6.14464, 52.07912 ], [ 6.1452, 52.07921 ], [ 6.14545, 52.0792 ], [ 6.1461, 52.07903 ], [ 6.14663, 52.07896 ], [ 6.14679, 52.07891 ], [ 6.14698, 52.07851 ], [ 6.14713, 52.07827 ], [ 6.14715, 52.0782 ], [ 6.14729, 52.07803 ], [ 6.1475, 52.07791 ], [ 6.14821, 52.07789 ], [ 6.1497, 52.07799 ], [ 6.15048, 52.07782 ], [ 6.1513, 52.07735 ], [ 6.15118, 52.07719 ], [ 6.15077, 52.07686 ], [ 6.15048, 52.07667 ], [ 6.15024, 52.07644 ], [ 6.14945, 52.07588 ], [ 6.1491, 52.07566 ], [ 6.149, 52.0754 ], [ 6.14896, 52.07514 ], [ 6.1483, 52.07444 ], [ 6.14681, 52.07307 ], [ 6.14611, 52.07273 ] ] } },
{ "type": "Feature", "properties": { "klompenpad_naam": "Leestensche-Broekpad", "url": "https://klompenpaden.nl/klompenpaden/Leestensche-Broekpad/88ee217b-7ba9-408b-bf7f-b2b4e50d6adb", "date": null }, "geometry": { "type": "LineString", "coordinates": [ [ 6.24875, 52.12138 ], [ 6.24872, 52.1215 ], [ 6.24856, 52.12176 ], [ 6.2483, 52.12227 ], [ 6.24819, 52.12272 ], [ 6.25225, 52.1237 ], [ 6.25272, 52.12382 ], [ 6.25288, 52.12388 ], [ 6.25496, 52.12333 ], [ 6.2552, 52.12325 ], [ 6.25535, 52.12317 ], [ 6.25554, 52.12279 ], [ 6.25711, 52.12316 ], [ 6.2588, 52.12357 ], [ 6.2613, 52.12374 ], [ 6.26317, 52.12424 ], [ 6.26409, 52.12447 ], [ 6.26533, 52.12391 ], [ 6.26623, 52.12356 ], [ 6.26771, 52.12325 ], [ 6.26838, 52.12308 ], [ 6.26685, 52.12069 ], [ 6.27018, 52.12009 ], [ 6.27216, 52.11872 ], [ 6.27249, 52.11852 ], [ 6.2729, 52.11839 ], [ 6.2749, 52.11805 ], [ 6.2742, 52.11669 ], [ 6.27332, 52.11514 ], [ 6.27324, 52.11509 ], [ 6.27198, 52.11556 ], [ 6.27066, 52.11601 ], [ 6.27009, 52.1162 ], [ 6.26912, 52.1165 ], [ 6.26845, 52.11662 ], [ 6.26448, 52.11722 ], [ 6.26463, 52.11742 ], [ 6.26468, 52.11771 ], [ 6.26486, 52.11796 ], [ 6.26501, 52.1181 ], [ 6.26523, 52.11847 ], [ 6.26547, 52.1186 ], [ 6.26685, 52.12069 ], [ 6.26586, 52.12085 ], [ 6.26519, 52.12085 ], [ 6.2587, 52.12052 ], [ 6.25797, 52.12047 ], [ 6.25693, 52.12022 ], [ 6.25687, 52.12032 ], [ 6.25551, 52.12003 ], [ 6.25243, 52.11942 ], [ 6.24829, 52.1184 ], [ 6.24235, 52.11711 ], [ 6.2422, 52.11707 ], [ 6.24178, 52.11703 ], [ 6.24199, 52.11611 ], [ 6.24234, 52.11404 ], [ 6.24226, 52.11372 ], [ 6.241, 52.11277 ], [ 6.24061, 52.11289 ], [ 6.23987, 52.11296 ], [ 6.23845, 52.11301 ], [ 6.23768, 52.11312 ], [ 6.23402, 52.11412 ], [ 6.23388, 52.11389 ], [ 6.23359, 52.11328 ], [ 6.23355, 52.11308 ], [ 6.23368, 52.11296 ], [ 6.23341, 52.11268 ], [ 6.23165, 52.11111 ], [ 6.22926, 52.1124 ], [ 6.22829, 52.11291 ], [ 6.22643, 52.1138 ], [ 6.22285, 52.11145 ], [ 6.22107, 52.11294 ], [ 6.22243, 52.114 ], [ 6.22268, 52.11414 ], [ 6.22291, 52.11419 ], [ 6.22403, 52.11503 ], [ 6.224, 52.11515 ], [ 6.22477, 52.11576 ], [ 6.22487, 52.11574 ], [ 6.22502, 52.11578 ], [ 6.22544, 52.11614 ], [ 6.22561, 52.11627 ], [ 6.22565, 52.11633 ], [ 6.22614, 52.1168 ], [ 6.22644, 52.11702 ], [ 6.22654, 52.11707 ], [ 6.22682, 52.11701 ], [ 6.22693, 52.11703 ], [ 6.2269, 52.11723 ], [ 6.22682, 52.11729 ], [ 6.22695, 52.11752 ], [ 6.22732, 52.11788 ], [ 6.22784, 52.11835 ], [ 6.22774, 52.11842 ], [ 6.2286, 52.11926 ], [ 6.22906, 52.11965 ], [ 6.23026, 52.1203 ], [ 6.23213, 52.12124 ], [ 6.23266, 52.12163 ], [ 6.23301, 52.12183 ], [ 6.23329, 52.1219 ], [ 6.23364, 52.12192 ], [ 6.23403, 52.12186 ], [ 6.23518, 52.12118 ], [ 6.23592, 52.12161 ], [ 6.23633, 52.12177 ], [ 6.23695, 52.12179 ], [ 6.23797, 52.12175 ], [ 6.23826, 52.1218 ], [ 6.23875, 52.12196 ], [ 6.23948, 52.12137 ], [ 6.24002, 52.12098 ], [ 6.2408, 52.12051 ], [ 6.24127, 52.12026 ], [ 6.24132, 52.12007 ], [ 6.24137, 52.11964 ], [ 6.24241, 52.11988 ], [ 6.24264, 52.11987 ], [ 6.24511, 52.12045 ], [ 6.2453, 52.12054 ], [ 6.24804, 52.12119 ], [ 6.24875, 52.12138 ] ] } },
{ "type": "Feature", "properties": { "klompenpad_naam": "Laaksepad-KIDS", "url": "https://klompenpaden.nl/klompenpaden/Laaksepad-KIDS/df84a4ab-ab3a-44ee-9448-e3665416100e", "date": null }, "geometry": { "type": "LineString", "coordinates": [ [ 5.44639, 52.17596 ], [ 5.44622, 52.17713 ], [ 5.44594, 52.17712 ], [ 5.44575, 52.17869 ], [ 5.44571, 52.18008 ], [ 5.44566, 52.18065 ], [ 5.44582, 52.18088 ], [ 5.44606, 52.18118 ], [ 5.44602, 52.18156 ], [ 5.44588, 52.18165 ], [ 5.44558, 52.18171 ], [ 5.44542, 52.18186 ], [ 5.44542, 52.18204 ], [ 5.44529, 52.18209 ], [ 5.44497, 52.18206 ], [ 5.44469, 52.18197 ], [ 5.44443, 52.18194 ], [ 5.44397, 52.18203 ], [ 5.4436, 52.18205 ], [ 5.4434, 52.18367 ], [ 5.44597, 52.1837 ], [ 5.4458, 52.18513 ], [ 5.44317, 52.18527 ], [ 5.44355, 52.182 ], [ 5.44396, 52.18199 ], [ 5.44444, 52.18189 ], [ 5.4447, 52.18192 ], [ 5.44504, 52.18201 ], [ 5.44526, 52.18201 ], [ 5.44531, 52.18198 ], [ 5.44534, 52.18181 ], [ 5.44547, 52.18169 ], [ 5.44551, 52.18154 ], [ 5.4454, 52.18143 ], [ 5.44504, 52.18134 ], [ 5.44474, 52.18129 ], [ 5.44454, 52.18123 ], [ 5.44439, 52.18112 ], [ 5.44434, 52.18096 ], [ 5.44437, 52.18082 ], [ 5.44431, 52.18073 ], [ 5.44399, 52.18056 ], [ 5.44377, 52.18048 ], [ 5.44386, 52.17961 ], [ 5.44208, 52.17952 ], [ 5.44215, 52.17867 ], [ 5.44241, 52.17856 ], [ 5.44406, 52.17791 ], [ 5.44445, 52.17785 ], [ 5.44462, 52.17791 ], [ 5.44485, 52.17817 ], [ 5.44516, 52.17826 ], [ 5.44537, 52.17827 ], [ 5.44547, 52.1782 ], [ 5.44551, 52.17811 ], [ 5.44549, 52.17804 ], [ 5.44519, 52.17789 ], [ 5.44518, 52.17775 ], [ 5.4453, 52.17769 ], [ 5.44565, 52.17756 ], [ 5.4457, 52.1774 ], [ 5.4459, 52.17741 ] ] } },
{ "type": "Feature", "properties": { "klompenpad_naam": "Laaksepad", "url": "https://klompenpaden.nl/klompenpaden/Laaksepad/8fcca24d-4b91-4e81-8805-71fb3ad920ca", "date": null }, "geometry": { "type": "LineString", "coordinates": [ [ 5.43253, 52.19263 ], [ 5.43238, 52.19258 ], [ 5.43238, 52.19249 ], [ 5.4323, 52.1924 ], [ 5.43216, 52.19235 ], [ 5.43216, 52.19227 ], [ 5.43209, 52.1922 ], [ 5.43179, 52.19219 ], [ 5.43161, 52.19212 ], [ 5.4292, 52.19144 ], [ 5.42907, 52.19113 ], [ 5.42932, 52.19099 ], [ 5.4296, 52.19076 ], [ 5.42956, 52.19062 ], [ 5.42959, 52.19038 ], [ 5.42972, 52.19031 ], [ 5.42987, 52.19019 ], [ 5.43079, 52.1893 ], [ 5.43112, 52.18902 ], [ 5.4318, 52.18806 ], [ 5.43262, 52.18699 ], [ 5.43296, 52.1866 ], [ 5.43326, 52.1863 ], [ 5.43342, 52.18605 ], [ 5.43347, 52.18582 ], [ 5.43398, 52.18581 ], [ 5.43554, 52.18518 ], [ 5.43858, 52.18424 ], [ 5.43868, 52.18432 ], [ 5.43887, 52.18437 ], [ 5.43911, 52.18428 ], [ 5.43926, 52.18428 ], [ 5.43994, 52.18419 ], [ 5.44044, 52.1841 ], [ 5.44226, 52.1837 ], [ 5.4424, 52.18386 ], [ 5.44335, 52.18367 ], [ 5.45506, 52.17634 ], [ 5.45585, 52.17669 ], [ 5.45667, 52.17676 ], [ 5.45878, 52.17679 ], [ 5.45896, 52.17698 ], [ 5.45898, 52.17719 ], [ 5.45884, 52.17938 ], [ 5.45883, 52.18037 ], [ 5.45974, 52.18015 ], [ 5.46092, 52.17995 ], [ 5.46176, 52.17978 ], [ 5.46152, 52.18392 ], [ 5.46158, 52.18415 ], [ 5.46145, 52.18617 ], [ 5.46122, 52.18875 ], [ 5.46111, 52.18879 ], [ 5.45976, 52.18916 ], [ 5.45813, 52.18957 ], [ 5.4574, 52.18977 ], [ 5.45719, 52.18985 ], [ 5.45683, 52.18991 ], [ 5.45662, 52.19007 ], [ 5.45637, 52.19018 ], [ 5.45567, 52.19036 ], [ 5.45523, 52.18954 ], [ 5.45534, 52.18835 ], [ 5.45426, 52.18825 ], [ 5.4537, 52.18816 ], [ 5.45339, 52.18814 ], [ 5.45321, 52.18819 ], [ 5.45306, 52.18821 ], [ 5.45275, 52.1882 ], [ 5.45271, 52.18815 ], [ 5.45272, 52.18797 ], [ 5.45268, 52.18792 ], [ 5.45211, 52.18791 ], [ 5.45224, 52.18677 ], [ 5.45244, 52.1854 ], [ 5.45254, 52.1848 ], [ 5.45266, 52.18343 ], [ 5.45273, 52.18289 ], [ 5.45278, 52.18223 ], [ 5.45267, 52.18223 ], [ 5.45129, 52.18243 ], [ 5.45017, 52.18267 ], [ 5.45, 52.18277 ], [ 5.44975, 52.18284 ], [ 5.44955, 52.18286 ], [ 5.4476, 52.18283 ], [ 5.4475, 52.18347 ], [ 5.44703, 52.18358 ], [ 5.44583, 52.18363 ], [ 5.44574, 52.18365 ], [ 5.44573, 52.18433 ], [ 5.44566, 52.18497 ], [ 5.4456, 52.18511 ], [ 5.44537, 52.18519 ], [ 5.44468, 52.18521 ], [ 5.445, 52.18575 ], [ 5.44502, 52.18594 ], [ 5.44501, 52.1863 ], [ 5.44493, 52.18654 ], [ 5.44498, 52.18716 ], [ 5.44497, 52.18754 ], [ 5.44494, 52.18795 ], [ 5.44491, 52.18809 ], [ 5.44485, 52.1882 ], [ 5.44519, 52.1885 ], [ 5.44516, 52.1888 ], [ 5.44506, 52.18902 ], [ 5.44503, 52.18945 ], [ 5.44506, 52.18976 ], [ 5.44496, 52.18986 ], [ 5.44513, 52.18996 ], [ 5.44506, 52.19041 ], [ 5.44487, 52.19051 ], [ 5.44504, 52.19073 ], [ 5.44501, 52.19105 ], [ 5.44485, 52.19161 ], [ 5.44409, 52.19259 ], [ 5.44387, 52.19301 ], [ 5.44382, 52.19361 ], [ 5.44393, 52.19423 ], [ 5.44348, 52.19427 ], [ 5.44283, 52.19416 ], [ 5.44239, 52.194 ], [ 5.44236, 52.19377 ], [ 5.44236, 52.19304 ], [ 5.44209, 52.19286 ], [ 5.44189, 52.19275 ], [ 5.44168, 52.19269 ], [ 5.44143, 52.19266 ], [ 5.44131, 52.19261 ], [ 5.44122, 52.19252 ], [ 5.44115, 52.1924 ], [ 5.44098, 52.19229 ], [ 5.44104, 52.19212 ], [ 5.44105, 52.1919 ], [ 5.4409, 52.19168 ], [ 5.44098, 52.19147 ], [ 5.44113, 52.19123 ], [ 5.44159, 52.19093 ], [ 5.44187, 52.19083 ], [ 5.44224, 52.19076 ], [ 5.44243, 52.19066 ], [ 5.44259, 52.19055 ], [ 5.44392, 52.17867 ], [ 5.44559, 52.17874 ], [ 5.44572, 52.17883 ], [ 5.44574, 52.1793 ], [ 5.4457, 52.17948 ], [ 5.44553, 52.17985 ], [ 5.44549, 52.18017 ], [ 5.44554, 52.18035 ], [ 5.44548, 52.18045 ], [ 5.44551, 52.18057 ], [ 5.44555, 52.18067 ], [ 5.44588, 52.18095 ], [ 5.44597, 52.18135 ], [ 5.44594, 52.1815 ], [ 5.44599, 52.18165 ], [ 5.44607, 52.18181 ], [ 5.44589, 52.18359 ], [ 5.44584, 52.18363 ], [ 5.44589, 52.18359 ], [ 5.44584, 52.18363 ], [ 5.44647, 52.18362 ], [ 5.44703, 52.18358 ], [ 5.44758, 52.18347 ], [ 5.44763, 52.18301 ], [ 5.4477, 52.1829 ], [ 5.448, 52.18289 ], [ 5.44963, 52.1829 ], [ 5.44993, 52.18286 ], [ 5.45006, 52.18282 ], [ 5.45013, 52.18274 ], [ 5.45027, 52.18198 ], [ 5.45037, 52.1805 ], [ 5.45048, 52.17976 ], [ 5.45055, 52.17885 ], [ 5.45145, 52.17888 ], [ 5.45193, 52.17879 ], [ 5.45216, 52.17866 ], [ 5.45233, 52.17862 ], [ 5.45315, 52.17863 ], [ 5.45324, 52.17762 ], [ 5.45328, 52.17633 ], [ 5.45368, 52.17622 ], [ 5.45421, 52.1762 ], [ 5.45457, 52.17624 ], [ 5.45487, 52.17625 ], [ 5.45505, 52.17634 ] ] } },
{ "type": "Feature", "properties": { "klompenpad_naam": "Kuilenburgerpad", "url": "https://klompenpaden.nl/klompenpaden/Kuilenburgerpad/3458d2bc-ea4f-454a-b43c-47df0ee200f7", "date": null }, "geometry": { "type": "LineString", "coordinates": [ [ 5.2505, 51.96645 ], [ 5.25114, 51.9658 ], [ 5.2512, 51.96561 ], [ 5.25158, 51.96529 ], [ 5.25175, 51.96502 ], [ 5.25159, 51.96465 ], [ 5.24959, 51.9635 ], [ 5.24914, 51.96348 ], [ 5.24885, 51.96336 ], [ 5.24841, 51.96309 ], [ 5.24813, 51.96302 ], [ 5.24754, 51.96312 ], [ 5.24691, 51.96315 ], [ 5.2466, 51.96339 ], [ 5.2465, 51.96355 ], [ 5.24764, 51.96421 ], [ 5.24811, 51.96427 ], [ 5.24903, 51.96423 ], [ 5.24928, 51.96414 ], [ 5.2499, 51.96368 ], [ 5.2505, 51.96645 ], [ 5.24746, 51.96596 ], [ 5.24669, 51.96787 ], [ 5.2436, 51.96737 ], [ 5.24388, 51.96666 ], [ 5.24003, 51.96522 ], [ 5.24207, 51.96358 ], [ 5.23852, 51.96176 ], [ 5.23783, 51.96228 ], [ 5.23719, 51.96198 ], [ 5.23688, 51.96164 ], [ 5.2363, 51.9614 ], [ 5.23536, 51.96201 ], [ 5.23538, 51.96206 ], [ 5.23514, 51.96224 ], [ 5.23501, 51.96222 ], [ 5.23498, 51.96204 ], [ 5.23477, 51.96186 ], [ 5.2343, 51.96154 ], [ 5.2336, 51.96116 ], [ 5.23353, 51.96097 ], [ 5.23336, 51.96084 ], [ 5.2335, 51.96097 ], [ 5.23357, 51.96113 ], [ 5.23366, 51.96142 ], [ 5.23392, 51.9616 ], [ 5.234, 51.96186 ], [ 5.23381, 51.96214 ], [ 5.23346, 51.96209 ], [ 5.23316, 51.9624 ], [ 5.23312, 51.96253 ], [ 5.23315, 51.96268 ], [ 5.23353, 51.9629 ], [ 5.23384, 51.9632 ], [ 5.23414, 51.96343 ], [ 5.23175, 51.96456 ], [ 5.23137, 51.96421 ], [ 5.23119, 51.96343 ], [ 5.23027, 51.96315 ], [ 5.22956, 51.96287 ], [ 5.22699, 51.96003 ], [ 5.2264, 51.95984 ], [ 5.22501, 51.96046 ], [ 5.22424, 51.96007 ], [ 5.22407, 51.96017 ], [ 5.22407, 51.96044 ], [ 5.22283, 51.96096 ], [ 5.22332, 51.96155 ], [ 5.22118, 51.9622 ], [ 5.22042, 51.96255 ], [ 5.22016, 51.96279 ], [ 5.22036, 51.96307 ], [ 5.22136, 51.9633 ], [ 5.22213, 51.96391 ], [ 5.22305, 51.96448 ], [ 5.22329, 51.96527 ], [ 5.22403, 51.96589 ], [ 5.22518, 51.9672 ], [ 5.22566, 51.96762 ], [ 5.22759, 51.96975 ], [ 5.22821, 51.97052 ], [ 5.22868, 51.97173 ], [ 5.23011, 51.9715 ], [ 5.23173, 51.9714 ], [ 5.23268, 51.97123 ], [ 5.23384, 51.9709 ], [ 5.23517, 51.97033 ], [ 5.23582, 51.97096 ], [ 5.23754, 51.97114 ], [ 5.23962, 51.97121 ], [ 5.23777, 51.96981 ], [ 5.24111, 51.96916 ], [ 5.24261, 51.96946 ], [ 5.24282, 51.96928 ], [ 5.24889, 51.97027 ], [ 5.24991, 51.96791 ], [ 5.2505, 51.96645 ] ] } },
{ "type": "Feature", "properties": { "klompenpad_naam": "Kruishaarderpad", "url": "https://klompenpaden.nl/klompenpaden/Kruishaarderpad/640bcd26-d5b8-4938-91b7-9ab76c8a3380", "date": null }, "geometry": { "type": "LineString", "coordinates": [ [ 5.51141, 52.20862 ], [ 5.51161, 52.20886 ], [ 5.51068, 52.2099 ], [ 5.51058, 52.20987 ], [ 5.51043, 52.21 ], [ 5.51056, 52.21004 ], [ 5.51044, 52.21018 ], [ 5.51, 52.21043 ], [ 5.50986, 52.2103 ], [ 5.50878, 52.21073 ], [ 5.50618, 52.21184 ], [ 5.50611, 52.21202 ], [ 5.50525, 52.21241 ], [ 5.50463, 52.21254 ], [ 5.50274, 52.21328 ], [ 5.5025, 52.21328 ], [ 5.50253, 52.21347 ], [ 5.50227, 52.21415 ], [ 5.50217, 52.21427 ], [ 5.50197, 52.2143 ], [ 5.50191, 52.21454 ], [ 5.50203, 52.21455 ], [ 5.50194, 52.2167 ], [ 5.50199, 52.21747 ], [ 5.5016, 52.21849 ], [ 5.50095, 52.21876 ], [ 5.50083, 52.21908 ], [ 5.50098, 52.21942 ], [ 5.5008, 52.21959 ], [ 5.50013, 52.21996 ], [ 5.49994, 52.22015 ], [ 5.49986, 52.22005 ], [ 5.49894, 52.2206 ], [ 5.49869, 52.22083 ], [ 5.49787, 52.22098 ], [ 5.49637, 52.22113 ], [ 5.49439, 52.22125 ], [ 5.49327, 52.22128 ], [ 5.49309, 52.22122 ], [ 5.49247, 52.22136 ], [ 5.49235, 52.22148 ], [ 5.49273, 52.22184 ], [ 5.49382, 52.22259 ], [ 5.49455, 52.22301 ], [ 5.49515, 52.22351 ], [ 5.49543, 52.22351 ], [ 5.49689, 52.22459 ], [ 5.497, 52.22488 ], [ 5.49704, 52.22521 ], [ 5.49691, 52.22576 ], [ 5.49665, 52.22632 ], [ 5.49666, 52.22639 ], [ 5.49873, 52.22688 ], [ 5.50009, 52.22752 ], [ 5.50118, 52.2273 ], [ 5.50152, 52.22718 ], [ 5.50134, 52.22692 ], [ 5.50166, 52.22546 ], [ 5.50157, 52.22537 ], [ 5.50105, 52.22528 ], [ 5.50021, 52.22521 ], [ 5.49963, 52.22509 ], [ 5.49921, 52.22476 ], [ 5.49858, 52.22395 ], [ 5.4982, 52.22337 ], [ 5.50061, 52.22273 ], [ 5.50081, 52.22262 ], [ 5.50099, 52.22219 ], [ 5.50174, 52.22241 ], [ 5.50247, 52.22221 ], [ 5.50377, 52.22176 ], [ 5.50406, 52.22168 ], [ 5.5041, 52.22241 ], [ 5.50417, 52.22244 ], [ 5.50423, 52.22308 ], [ 5.50428, 52.22323 ], [ 5.50438, 52.22379 ], [ 5.50445, 52.22389 ], [ 5.50489, 52.22419 ], [ 5.50508, 52.22437 ], [ 5.50581, 52.22482 ], [ 5.506, 52.2249 ], [ 5.50625, 52.22496 ], [ 5.50666, 52.22499 ], [ 5.50694, 52.22497 ], [ 5.50794, 52.22476 ], [ 5.50882, 52.22472 ], [ 5.50922, 52.22474 ], [ 5.51037, 52.22396 ], [ 5.51051, 52.224 ], [ 5.51077, 52.2252 ], [ 5.51113, 52.22535 ], [ 5.51152, 52.22545 ], [ 5.51192, 52.22545 ], [ 5.51416, 52.22524 ], [ 5.51647, 52.22447 ], [ 5.5177, 52.22432 ], [ 5.51841, 52.22428 ], [ 5.51953, 52.22406 ], [ 5.52005, 52.22401 ], [ 5.52077, 52.22396 ], [ 5.52133, 52.22389 ], [ 5.52284, 52.22386 ], [ 5.52278, 52.22437 ], [ 5.52257, 52.225 ], [ 5.5222, 52.22599 ], [ 5.52424, 52.22682 ], [ 5.52615, 52.22751 ], [ 5.52633, 52.22641 ], [ 5.52655, 52.22575 ], [ 5.52649, 52.22545 ], [ 5.52668, 52.22458 ], [ 5.52674, 52.2238 ], [ 5.52832, 52.22393 ], [ 5.52982, 52.22413 ], [ 5.53109, 52.22442 ], [ 5.53267, 52.22484 ], [ 5.53448, 52.22544 ], [ 5.53521, 52.22571 ], [ 5.53603, 52.22558 ], [ 5.53662, 52.22559 ], [ 5.53707, 52.2257 ], [ 5.53754, 52.22609 ], [ 5.53772, 52.22673 ], [ 5.53783, 52.2281 ], [ 5.53868, 52.22779 ], [ 5.53979, 52.22736 ], [ 5.54068, 52.22705 ], [ 5.54119, 52.22696 ], [ 5.54168, 52.22663 ], [ 5.54351, 52.22546 ], [ 5.54387, 52.22513 ], [ 5.54403, 52.22468 ], [ 5.54404, 52.22439 ], [ 5.54362, 52.22394 ], [ 5.54444, 52.22227 ], [ 5.5448, 52.22169 ], [ 5.54687, 52.22119 ], [ 5.54719, 52.22109 ], [ 5.5472, 52.22099 ], [ 5.54712, 52.22089 ], [ 5.54727, 52.22072 ], [ 5.54744, 52.22064 ], [ 5.5476, 52.22019 ], [ 5.54816, 52.21905 ], [ 5.54826, 52.21875 ], [ 5.55115, 52.2191 ], [ 5.55114, 52.21911 ], [ 5.55214, 52.21801 ], [ 5.55249, 52.21767 ], [ 5.55289, 52.21737 ], [ 5.55335, 52.21711 ], [ 5.55336, 52.21686 ], [ 5.5535, 52.21657 ], [ 5.55371, 52.21635 ], [ 5.55421, 52.21598 ], [ 5.55435, 52.2158 ], [ 5.55447, 52.21556 ], [ 5.55463, 52.21535 ], [ 5.55284, 52.21394 ], [ 5.55022, 52.21382 ], [ 5.54703, 52.21364 ], [ 5.54749, 52.21038 ], [ 5.54145, 52.21007 ], [ 5.53572, 52.20974 ], [ 5.53569, 52.20936 ], [ 5.5301, 52.20866 ], [ 5.53034, 52.20655 ], [ 5.53035, 52.20627 ], [ 5.5301, 52.206 ], [ 5.53005, 52.20585 ], [ 5.52984, 52.2057 ], [ 5.52978, 52.2054 ], [ 5.52962, 52.20508 ], [ 5.52833, 52.20455 ], [ 5.52751, 52.20406 ], [ 5.5273, 52.20403 ], [ 5.52711, 52.20406 ], [ 5.52693, 52.20418 ], [ 5.52667, 52.20449 ], [ 5.5271, 52.2048 ], [ 5.52766, 52.20518 ], [ 5.52766, 52.20528 ], [ 5.52724, 52.20547 ], [ 5.5269, 52.20548 ], [ 5.5261, 52.20567 ], [ 5.52597, 52.20596 ], [ 5.52497, 52.20658 ], [ 5.52435, 52.20685 ], [ 5.52443, 52.20705 ], [ 5.52384, 52.20726 ], [ 5.5233, 52.20728 ], [ 5.52281, 52.20743 ], [ 5.52131, 52.20732 ], [ 5.52077, 52.2073 ], [ 5.51998, 52.20746 ], [ 5.51968, 52.20751 ], [ 5.5194, 52.2074 ], [ 5.5192, 52.20716 ], [ 5.5189, 52.20714 ], [ 5.51879, 52.20711 ], [ 5.51137, 52.20857 ], [ 5.51217, 52.20816 ], [ 5.51379, 52.20767 ], [ 5.51448, 52.20742 ], [ 5.51635, 52.20737 ], [ 5.51879, 52.20711 ] ] } },
{ "type": "Feature", "properties": { "klompenpad_naam": "Kreelsepad", "url": "https://klompenpaden.nl/klompenpaden/Kreelsepad/3832dd9d-1136-4ca5-9e54-c68e6e10b015", "date": null }, "geometry": { "type": "LineString", "coordinates": [ [ 5.73023, 52.04268 ], [ 5.73023, 52.04259 ], [ 5.73032, 52.04229 ], [ 5.7304, 52.04217 ], [ 5.73057, 52.04205 ], [ 5.73065, 52.04196 ], [ 5.73061, 52.04184 ], [ 5.73102, 52.04181 ], [ 5.73119, 52.04176 ], [ 5.73138, 52.04163 ], [ 5.73166, 52.04136 ], [ 5.73195, 52.04099 ], [ 5.73231, 52.04044 ], [ 5.73287, 52.03979 ], [ 5.73313, 52.03972 ], [ 5.73378, 52.03969 ], [ 5.73551, 52.0392 ], [ 5.73607, 52.03857 ], [ 5.73705, 52.03884 ], [ 5.73777, 52.03891 ], [ 5.73979, 52.03899 ], [ 5.74198, 52.0391 ], [ 5.74291, 52.03888 ], [ 5.74323, 52.03893 ], [ 5.74336, 52.03899 ], [ 5.74123, 52.04128 ], [ 5.73878, 52.04408 ], [ 5.73765, 52.04547 ], [ 5.73707, 52.04648 ], [ 5.73663, 52.04669 ], [ 5.74015, 52.04688 ], [ 5.74253, 52.05422 ], [ 5.74089, 52.05494 ], [ 5.7435, 52.05579 ], [ 5.74694, 52.05682 ], [ 5.75, 52.05772 ], [ 5.75019, 52.05784 ], [ 5.75028, 52.05797 ], [ 5.75019, 52.05825 ], [ 5.75026, 52.05851 ], [ 5.75055, 52.05895 ], [ 5.7546, 52.06066 ], [ 5.7559, 52.06124 ], [ 5.7565, 52.06145 ], [ 5.75935, 52.06196 ], [ 5.76134, 52.0622 ], [ 5.76147, 52.06234 ], [ 5.76165, 52.06274 ], [ 5.76167, 52.06311 ], [ 5.7615, 52.06346 ], [ 5.76127, 52.0644 ], [ 5.76122, 52.0645 ], [ 5.7593, 52.06459 ], [ 5.75776, 52.06432 ], [ 5.75753, 52.0643 ], [ 5.75736, 52.0644 ], [ 5.75662, 52.06522 ], [ 5.75592, 52.06609 ], [ 5.75536, 52.06732 ], [ 5.75489, 52.06814 ], [ 5.75413, 52.06903 ], [ 5.75389, 52.06937 ], [ 5.75346, 52.06963 ], [ 5.75272, 52.06991 ], [ 5.7524, 52.06998 ], [ 5.75208, 52.06997 ], [ 5.7516, 52.06962 ], [ 5.7516, 52.06897 ], [ 5.75145, 52.06859 ], [ 5.75103, 52.06836 ], [ 5.75021, 52.06757 ], [ 5.74977, 52.06709 ], [ 5.74918, 52.06706 ], [ 5.74791, 52.06703 ], [ 5.74708, 52.06707 ], [ 5.74658, 52.06703 ], [ 5.74571, 52.0667 ], [ 5.74458, 52.06683 ], [ 5.74436, 52.06707 ], [ 5.74314, 52.06773 ], [ 5.74036, 52.06894 ], [ 5.73944, 52.06943 ], [ 5.73776, 52.07059 ], [ 5.73716, 52.07033 ], [ 5.73811, 52.06933 ], [ 5.74064, 52.06681 ], [ 5.7434, 52.06412 ], [ 5.73386, 52.06124 ], [ 5.7313, 52.0614 ], [ 5.7312, 52.06134 ], [ 5.73122, 52.06062 ], [ 5.73097, 52.06035 ], [ 5.72775, 52.0596 ], [ 5.72721, 52.05942 ], [ 5.72648, 52.0594 ], [ 5.72642, 52.05926 ], [ 5.72618, 52.05914 ], [ 5.72608, 52.05906 ], [ 5.72606, 52.05857 ], [ 5.72594, 52.05847 ], [ 5.72585, 52.05388 ], [ 5.72662, 52.05242 ], [ 5.72032, 52.0512 ], [ 5.71885, 52.05071 ], [ 5.71972, 52.04953 ], [ 5.71968, 52.04948 ], [ 5.71949, 52.0495 ], [ 5.71935, 52.04948 ], [ 5.71884, 52.0495 ], [ 5.71869, 52.04971 ], [ 5.71836, 52.04989 ], [ 5.71789, 52.05003 ], [ 5.71775, 52.05004 ], [ 5.71777, 52.05019 ], [ 5.71753, 52.05018 ], [ 5.71715, 52.05004 ], [ 5.71642, 52.04974 ], [ 5.71608, 52.04969 ], [ 5.71459, 52.0492 ], [ 5.71397, 52.04904 ], [ 5.71335, 52.04855 ], [ 5.71342, 52.04833 ], [ 5.71356, 52.04809 ], [ 5.71416, 52.04748 ], [ 5.71441, 52.04734 ], [ 5.7174, 52.04644 ], [ 5.71771, 52.04632 ], [ 5.72017, 52.04509 ], [ 5.71661, 52.04315 ], [ 5.72207, 52.04133 ], [ 5.723, 52.04099 ], [ 5.72376, 52.04069 ], [ 5.72583, 52.0398 ], [ 5.72661, 52.03943 ], [ 5.72694, 52.03925 ], [ 5.72753, 52.03876 ], [ 5.72877, 52.04004 ], [ 5.729, 52.04067 ], [ 5.72958, 52.0417 ], [ 5.72962, 52.04182 ], [ 5.72976, 52.0421 ], [ 5.72975, 52.04235 ], [ 5.72968, 52.04261 ], [ 5.7298, 52.04269 ], [ 5.72987, 52.04272 ], [ 5.73023, 52.04268 ] ] } },
{ "type": "Feature", "properties": { "klompenpad_naam": "Kopermolenpad", "url": "https://klompenpaden.nl/klompenpaden/Kopermolenpad/637a8f88-9245-43d3-a739-564feb7d50a3", "date": "2024-02-24" }, "geometry": { "type": "LineString", "coordinates": [ [ 5.96481, 52.25774 ], [ 5.96517, 52.25711 ], [ 5.96495, 52.25708 ], [ 5.96388, 52.25653 ], [ 5.96381, 52.25652 ], [ 5.96344, 52.25689 ], [ 5.96205, 52.25669 ], [ 5.9608, 52.25662 ], [ 5.96056, 52.25666 ], [ 5.96064, 52.25675 ], [ 5.9608, 52.2573 ], [ 5.96103, 52.25738 ], [ 5.96159, 52.25743 ], [ 5.96178, 52.25747 ], [ 5.96187, 52.25758 ], [ 5.96227, 52.25824 ], [ 5.96249, 52.25844 ], [ 5.95991, 52.25881 ], [ 5.95897, 52.25891 ], [ 5.95828, 52.25879 ], [ 5.95191, 52.25708 ], [ 5.95194, 52.25723 ], [ 5.95263, 52.25871 ], [ 5.95237, 52.25885 ], [ 5.95216, 52.25876 ], [ 5.94783, 52.25868 ], [ 5.9431, 52.25857 ], [ 5.94339, 52.25587 ], [ 5.94321, 52.25586 ], [ 5.94339, 52.25442 ], [ 5.94188, 52.25436 ], [ 5.93978, 52.25406 ], [ 5.93957, 52.25409 ], [ 5.93913, 52.25499 ], [ 5.93837, 52.25566 ], [ 5.93613, 52.25587 ], [ 5.93523, 52.2557 ], [ 5.9342, 52.25572 ], [ 5.93326, 52.25584 ], [ 5.93264, 52.25582 ], [ 5.9322, 52.25588 ], [ 5.9315, 52.25583 ], [ 5.93087, 52.25576 ], [ 5.93049, 52.25552 ], [ 5.93043, 52.25542 ], [ 5.92888, 52.2558 ], [ 5.92765, 52.25644 ], [ 5.92707, 52.25677 ], [ 5.92677, 52.25686 ], [ 5.926, 52.25694 ], [ 5.92572, 52.25691 ], [ 5.92546, 52.25684 ], [ 5.92434, 52.25648 ], [ 5.92338, 52.25622 ], [ 5.92354, 52.25516 ], [ 5.92175, 52.2555 ], [ 5.92154, 52.25557 ], [ 5.92132, 52.2558 ], [ 5.92117, 52.25592 ], [ 5.92102, 52.2561 ], [ 5.92007, 52.25654 ], [ 5.91894, 52.25704 ], [ 5.91868, 52.25719 ], [ 5.91865, 52.25742 ], [ 5.91874, 52.2576 ], [ 5.91891, 52.25767 ], [ 5.92101, 52.25792 ], [ 5.92149, 52.25801 ], [ 5.92203, 52.25829 ], [ 5.923, 52.25861 ], [ 5.9235, 52.2589 ], [ 5.92358, 52.25899 ], [ 5.92369, 52.25939 ], [ 5.92377, 52.25953 ], [ 5.92384, 52.25955 ], [ 5.92539, 52.25984 ], [ 5.92562, 52.25986 ], [ 5.92592, 52.25986 ], [ 5.92732, 52.25968 ], [ 5.92743, 52.25965 ], [ 5.92718, 52.25915 ], [ 5.92723, 52.25903 ], [ 5.92724, 52.25894 ], [ 5.92718, 52.25884 ], [ 5.92705, 52.25879 ], [ 5.92654, 52.2577 ], [ 5.92625, 52.25694 ], [ 5.92677, 52.25686 ], [ 5.92707, 52.25677 ], [ 5.92764, 52.25648 ], [ 5.92821, 52.25639 ], [ 5.92857, 52.25656 ], [ 5.9287, 52.25659 ], [ 5.93015, 52.25669 ], [ 5.93021, 52.2568 ], [ 5.93051, 52.25856 ], [ 5.93064, 52.25856 ], [ 5.93235, 52.25834 ], [ 5.93243, 52.25834 ], [ 5.9325, 52.25838 ], [ 5.93269, 52.25864 ], [ 5.93405, 52.25839 ], [ 5.9372, 52.25764 ], [ 5.93752, 52.25755 ], [ 5.93757, 52.25748 ], [ 5.9375, 52.25726 ], [ 5.93752, 52.25714 ], [ 5.93761, 52.25701 ], [ 5.93781, 52.25694 ], [ 5.93843, 52.25684 ], [ 5.93877, 52.25691 ], [ 5.93896, 52.25698 ], [ 5.94126, 52.25885 ], [ 5.94242, 52.26034 ], [ 5.94297, 52.26085 ], [ 5.94335, 52.26116 ], [ 5.94354, 52.26122 ], [ 5.95074, 52.26221 ], [ 5.95101, 52.26221 ], [ 5.95129, 52.26217 ], [ 5.95421, 52.26162 ], [ 5.95616, 52.26134 ], [ 5.95657, 52.26137 ], [ 5.95829, 52.26181 ], [ 5.95856, 52.26185 ], [ 5.95898, 52.26186 ], [ 5.96039, 52.26173 ], [ 5.96176, 52.26165 ], [ 5.96551, 52.26127 ], [ 5.96582, 52.26132 ], [ 5.96627, 52.26143 ], [ 5.96692, 52.2614 ], [ 5.96739, 52.2613 ], [ 5.9682, 52.26115 ], [ 5.97, 52.26089 ], [ 5.97049, 52.26071 ], [ 5.97095, 52.26061 ], [ 5.97128, 52.26059 ], [ 5.97238, 52.26069 ], [ 5.97303, 52.25917 ], [ 5.97305, 52.25908 ], [ 5.97304, 52.25892 ], [ 5.9729, 52.25835 ], [ 5.9729, 52.25824 ], [ 5.973, 52.25819 ], [ 5.97382, 52.25794 ], [ 5.97424, 52.25773 ], [ 5.9745, 52.25746 ], [ 5.97476, 52.25735 ], [ 5.97505, 52.25731 ], [ 5.97635, 52.2575 ], [ 5.97711, 52.25759 ], [ 5.97723, 52.25726 ], [ 5.97726, 52.25709 ], [ 5.97718, 52.25694 ], [ 5.97684, 52.25647 ], [ 5.97689, 52.2564 ], [ 5.97734, 52.25624 ], [ 5.97873, 52.25579 ], [ 5.98021, 52.25534 ], [ 5.98066, 52.25523 ], [ 5.98137, 52.25522 ], [ 5.98176, 52.25516 ], [ 5.98182, 52.25513 ], [ 5.98163, 52.25482 ], [ 5.98151, 52.25473 ], [ 5.98144, 52.25463 ], [ 5.98123, 52.25416 ], [ 5.98054, 52.25298 ], [ 5.98025, 52.25242 ], [ 5.97481, 52.25301 ], [ 5.97399, 52.25284 ], [ 5.97115, 52.25231 ], [ 5.97099, 52.25212 ], [ 5.96965, 52.25218 ], [ 5.96818, 52.25227 ], [ 5.96829, 52.25255 ], [ 5.96825, 52.25269 ], [ 5.96784, 52.25329 ], [ 5.96673, 52.25318 ], [ 5.96583, 52.25299 ], [ 5.96568, 52.25297 ], [ 5.96619, 52.25536 ], [ 5.96626, 52.25549 ], [ 5.96696, 52.25862 ], [ 5.96662, 52.25858 ], [ 5.96635, 52.2585 ], [ 5.96481, 52.25774 ] ] } },
{ "type": "Feature", "properties": { "klompenpad_naam": "Klompenmakerspad", "url": "https://klompenpaden.nl/klompenpaden/Klompenmakerspad/4cd3f513-0a88-4b67-9a36-19f2ba7d84bd", "date": null }, "geometry": { "type": "LineString", "coordinates": [ [ 6.04736, 52.34365 ], [ 6.04715, 52.34377 ], [ 6.04705, 52.344 ], [ 6.04713, 52.34437 ], [ 6.0472, 52.34461 ], [ 6.04823, 52.34456 ], [ 6.04882, 52.34542 ], [ 6.04926, 52.34603 ], [ 6.04988, 52.34682 ], [ 6.05006, 52.3471 ], [ 6.05024, 52.34756 ], [ 6.05053, 52.3486 ], [ 6.05078, 52.34931 ], [ 6.0509, 52.34956 ], [ 6.05284, 52.35006 ], [ 6.05318, 52.35009 ], [ 6.05404, 52.3501 ], [ 6.05497, 52.35007 ], [ 6.05556, 52.35049 ], [ 6.05625, 52.3509 ], [ 6.05711, 52.35133 ], [ 6.05766, 52.35164 ], [ 6.05848, 52.35197 ], [ 6.05911, 52.35215 ], [ 6.06043, 52.35238 ], [ 6.06106, 52.35242 ], [ 6.06138, 52.35247 ], [ 6.06264, 52.35287 ], [ 6.06299, 52.35282 ], [ 6.06356, 52.35277 ], [ 6.06384, 52.35272 ], [ 6.06466, 52.35248 ], [ 6.065, 52.35221 ], [ 6.06749, 52.35185 ], [ 6.06821, 52.35173 ], [ 6.06862, 52.35162 ], [ 6.06861, 52.35147 ], [ 6.06848, 52.35134 ], [ 6.06864, 52.35073 ], [ 6.06874, 52.35023 ], [ 6.06877, 52.34998 ], [ 6.06876, 52.34988 ], [ 6.06861, 52.34978 ], [ 6.06671, 52.34972 ], [ 6.06369, 52.34688 ], [ 6.06333, 52.34656 ], [ 6.06307, 52.34626 ], [ 6.06299, 52.34609 ], [ 6.06296, 52.34591 ], [ 6.0631, 52.34547 ], [ 6.0635, 52.34494 ], [ 6.06365, 52.34458 ], [ 6.06378, 52.344 ], [ 6.06376, 52.34371 ], [ 6.06365, 52.34344 ], [ 6.06346, 52.34318 ], [ 6.06308, 52.34285 ], [ 6.06291, 52.34273 ], [ 6.06284, 52.34258 ], [ 6.06267, 52.34233 ], [ 6.06241, 52.3421 ], [ 6.06224, 52.3418 ], [ 6.0622, 52.34152 ], [ 6.06225, 52.34133 ], [ 6.06244, 52.3409 ], [ 6.06253, 52.34065 ], [ 6.06242, 52.33997 ], [ 6.0622, 52.33896 ], [ 6.06216, 52.33853 ], [ 6.06208, 52.33808 ], [ 6.06207, 52.33768 ], [ 6.06209, 52.33741 ], [ 6.06277, 52.33693 ], [ 6.06322, 52.33672 ], [ 6.06345, 52.33657 ], [ 6.06349, 52.33634 ], [ 6.06325, 52.33605 ], [ 6.06286, 52.3355 ], [ 6.06236, 52.33458 ], [ 6.06209, 52.33414 ], [ 6.06194, 52.3337 ], [ 6.06153, 52.33313 ], [ 6.06019, 52.3309 ], [ 6.06023, 52.33069 ], [ 6.05993, 52.33067 ], [ 6.05977, 52.33068 ], [ 6.0597, 52.33076 ], [ 6.06, 52.33123 ], [ 6.05968, 52.33129 ], [ 6.05463, 52.33134 ], [ 6.05306, 52.33138 ], [ 6.05316, 52.33268 ], [ 6.0528, 52.33272 ], [ 6.05318, 52.33491 ], [ 6.04785, 52.33515 ], [ 6.0477, 52.335 ], [ 6.04729, 52.33448 ], [ 6.04703, 52.33425 ], [ 6.04677, 52.33407 ], [ 6.04669, 52.33405 ], [ 6.04643, 52.33414 ], [ 6.046, 52.33415 ], [ 6.04363, 52.33411 ], [ 6.04295, 52.33404 ], [ 6.04263, 52.33403 ], [ 6.04242, 52.33415 ], [ 6.04208, 52.33453 ], [ 6.04175, 52.3345 ], [ 6.04156, 52.33456 ], [ 6.04137, 52.33466 ], [ 6.04101, 52.33474 ], [ 6.03913, 52.33505 ], [ 6.03708, 52.33546 ], [ 6.03694, 52.33547 ], [ 6.03584, 52.33278 ], [ 6.03341, 52.33297 ], [ 6.03274, 52.33151 ], [ 6.03251, 52.33105 ], [ 6.03239, 52.33097 ], [ 6.03212, 52.33094 ], [ 6.03058, 52.33221 ], [ 6.02992, 52.33279 ], [ 6.02956, 52.33306 ], [ 6.02825, 52.33379 ], [ 6.02841, 52.33394 ], [ 6.028, 52.33407 ], [ 6.02768, 52.33423 ], [ 6.02716, 52.33458 ], [ 6.02569, 52.33593 ], [ 6.02593, 52.33603 ], [ 6.0268, 52.33626 ], [ 6.02718, 52.33631 ], [ 6.02857, 52.33644 ], [ 6.02966, 52.33652 ], [ 6.02969, 52.33699 ], [ 6.02969, 52.33754 ], [ 6.02962, 52.33797 ], [ 6.02951, 52.33798 ], [ 6.02938, 52.339 ], [ 6.0293, 52.33978 ], [ 6.02837, 52.33966 ], [ 6.02834, 52.33972 ], [ 6.02581, 52.33941 ], [ 6.02561, 52.34028 ], [ 6.02955, 52.34097 ], [ 6.03114, 52.34123 ], [ 6.03148, 52.34121 ], [ 6.03189, 52.34112 ], [ 6.03253, 52.3409 ], [ 6.03276, 52.34084 ], [ 6.03409, 52.34089 ], [ 6.03586, 52.34098 ], [ 6.03761, 52.34104 ], [ 6.03939, 52.3412 ], [ 6.04296, 52.34163 ], [ 6.04405, 52.34174 ], [ 6.04424, 52.34228 ], [ 6.04434, 52.34244 ], [ 6.04565, 52.34319 ], [ 6.04607, 52.3436 ], [ 6.04633, 52.34393 ], [ 6.0464, 52.34405 ], [ 6.04677, 52.34397 ], [ 6.04703, 52.34394 ], [ 6.04719, 52.34373 ], [ 6.04734, 52.34365 ] ] } },
{ "type": "Feature", "properties": { "klompenpad_naam": "Klarenbeeksepad", "url": "https://klompenpaden.nl/klompenpaden/Klarenbeeksepad/e8f27829-5dc5-45dc-9621-fa2aa1b8f2e3", "date": null }, "geometry": { "type": "LineString", "coordinates": [ [ 6.06348, 52.1604 ], [ 6.06384, 52.16054 ], [ 6.06423, 52.16064 ], [ 6.0647, 52.16066 ], [ 6.0651, 52.16075 ], [ 6.06537, 52.16093 ], [ 6.06572, 52.16121 ], [ 6.06619, 52.1613 ], [ 6.06705, 52.16118 ], [ 6.06348, 52.1604 ], [ 6.0632, 52.16032 ], [ 6.06281, 52.16037 ], [ 6.06247, 52.1604 ], [ 6.06222, 52.16038 ], [ 6.06193, 52.16034 ], [ 6.06177, 52.16027 ], [ 6.06162, 52.16017 ], [ 6.06135, 52.16012 ], [ 6.05926, 52.16051 ], [ 6.05701, 52.16088 ], [ 6.05647, 52.16099 ], [ 6.05572, 52.16117 ], [ 6.05236, 52.16169 ], [ 6.05191, 52.16179 ], [ 6.05053, 52.162 ], [ 6.04964, 52.16217 ], [ 6.0496, 52.16208 ], [ 6.04949, 52.16197 ], [ 6.0479, 52.16145 ], [ 6.04662, 52.16178 ], [ 6.04589, 52.16193 ], [ 6.04507, 52.162 ], [ 6.04327, 52.16202 ], [ 6.04241, 52.16198 ], [ 6.0344, 52.16139 ], [ 6.03443, 52.16171 ], [ 6.0333, 52.16162 ], [ 6.0333, 52.16169 ], [ 6.03358, 52.16294 ], [ 6.03227, 52.16293 ], [ 6.03269, 52.16409 ], [ 6.0327, 52.16429 ], [ 6.03288, 52.16528 ], [ 6.03286, 52.1654 ], [ 6.0333, 52.16761 ], [ 6.03368, 52.16939 ], [ 6.04319, 52.16889 ], [ 6.04361, 52.16889 ], [ 6.04653, 52.16941 ], [ 6.0449, 52.17124 ], [ 6.0449, 52.17133 ], [ 6.04553, 52.17212 ], [ 6.04823, 52.1716 ], [ 6.04829, 52.17152 ], [ 6.04808, 52.17128 ], [ 6.05025, 52.17101 ], [ 6.05072, 52.17202 ], [ 6.05099, 52.17273 ], [ 6.05089, 52.1733 ], [ 6.05079, 52.17375 ], [ 6.05072, 52.17475 ], [ 6.05471, 52.17702 ], [ 6.05514, 52.17673 ], [ 6.05732, 52.17812 ], [ 6.05816, 52.17765 ], [ 6.05853, 52.17738 ], [ 6.05949, 52.17648 ], [ 6.06014, 52.17579 ], [ 6.06065, 52.17513 ], [ 6.06177, 52.17333 ], [ 6.06245, 52.17183 ], [ 6.06245, 52.17171 ], [ 6.06256, 52.17157 ], [ 6.0627, 52.17125 ], [ 6.06278, 52.17119 ], [ 6.06288, 52.17116 ], [ 6.06561, 52.17098 ], [ 6.06856, 52.17059 ], [ 6.06872, 52.1705 ], [ 6.06885, 52.17056 ], [ 6.06916, 52.17037 ], [ 6.07127, 52.16898 ], [ 6.07135, 52.16891 ], [ 6.07026, 52.16863 ], [ 6.06704, 52.16118 ], [ 6.06754, 52.16152 ], [ 6.06824, 52.16169 ], [ 6.07049, 52.16322 ], [ 6.07051, 52.16335 ], [ 6.07043, 52.16352 ], [ 6.07053, 52.16367 ], [ 6.0718, 52.16546 ], [ 6.07184, 52.16565 ], [ 6.07181, 52.16581 ], [ 6.07154, 52.16593 ], [ 6.07115, 52.16609 ], [ 6.07099, 52.16625 ], [ 6.07032, 52.16686 ], [ 6.07115, 52.16724 ], [ 6.07007, 52.16846 ], [ 6.07001, 52.16855 ], [ 6.07026, 52.16863 ], [ 6.07026, 52.16863 ], [ 6.07026, 52.16863 ], [ 6.06688, 52.16937 ], [ 6.06771, 52.16989 ], [ 6.06808, 52.16939 ], [ 6.06898, 52.16964 ], [ 6.06917, 52.16942 ], [ 6.06949, 52.16899 ], [ 6.06957, 52.1689 ], [ 6.06969, 52.16886 ], [ 6.06979, 52.16874 ], [ 6.07004, 52.16864 ], [ 6.07026, 52.16863 ] ] } },
{ "type": "Feature", "properties": { "klompenpad_naam": "Kandiapad", "url": "https://klompenpaden.nl/klompenpaden/Kandiapad/abcb6dd5-fe97-43fd-99a0-c2644e9dc60b", "date": null }, "geometry": { "type": "LineString", "coordinates": [ [ 6.0024, 51.9173 ], [ 6.00306, 51.91722 ], [ 6.00342, 51.9172 ], [ 6.00381, 51.91712 ], [ 6.00441, 51.91687 ], [ 6.00475, 51.91681 ], [ 6.00499, 51.91679 ], [ 6.0077, 51.91718 ], [ 6.00808, 51.9173 ], [ 6.00884, 51.91767 ], [ 6.01362, 51.92021 ], [ 6.01416, 51.92048 ], [ 6.01455, 51.92059 ], [ 6.01481, 51.92062 ], [ 6.01501, 51.92062 ], [ 6.01581, 51.92028 ], [ 6.01608, 51.9202 ], [ 6.01643, 51.9202 ], [ 6.01687, 51.92025 ], [ 6.02, 51.92102 ], [ 6.02129, 51.92138 ], [ 6.02187, 51.92147 ], [ 6.02221, 51.92146 ], [ 6.02258, 51.92137 ], [ 6.02281, 51.92128 ], [ 6.02345, 51.92089 ], [ 6.0244, 51.92021 ], [ 6.02557, 51.91946 ], [ 6.02656, 51.91893 ], [ 6.02732, 51.91862 ], [ 6.02826, 51.91837 ], [ 6.02876, 51.91833 ], [ 6.02868, 51.91829 ], [ 6.02837, 51.91822 ], [ 6.02809, 51.9181 ], [ 6.02787, 51.91794 ], [ 6.02736, 51.91774 ], [ 6.02703, 51.91759 ], [ 6.02698, 51.91745 ], [ 6.02698, 51.9174 ], [ 6.02717, 51.91738 ], [ 6.02747, 51.91726 ], [ 6.02809, 51.91699 ], [ 6.02846, 51.9168 ], [ 6.02868, 51.91667 ], [ 6.02871, 51.9166 ], [ 6.0287, 51.9165 ], [ 6.0295, 51.9161 ], [ 6.03012, 51.91595 ], [ 6.03026, 51.91588 ], [ 6.03073, 51.91577 ], [ 6.03108, 51.91558 ], [ 6.03169, 51.91512 ], [ 6.03182, 51.91512 ], [ 6.03201, 51.9152 ], [ 6.03235, 51.9153 ], [ 6.03268, 51.91547 ], [ 6.03282, 51.91567 ], [ 6.03302, 51.91655 ], [ 6.03311, 51.91666 ], [ 6.03567, 51.91518 ], [ 6.03588, 51.91508 ], [ 6.0361, 51.91503 ], [ 6.03615, 51.91506 ], [ 6.03506, 51.9157 ], [ 6.03474, 51.91593 ], [ 6.03475, 51.91602 ], [ 6.03535, 51.91688 ], [ 6.03563, 51.91746 ], [ 6.0363, 51.91856 ], [ 6.03709, 51.91934 ], [ 6.03866, 51.919 ], [ 6.04038, 51.9188 ], [ 6.04127, 51.91863 ], [ 6.04376, 51.91803 ], [ 6.04383, 51.9181 ], [ 6.04405, 51.91854 ], [ 6.04405, 51.91864 ], [ 6.04469, 51.92008 ], [ 6.04462, 51.92013 ], [ 6.04395, 51.92043 ], [ 6.04347, 51.92075 ], [ 6.04356, 51.92088 ], [ 6.04449, 51.92173 ], [ 6.04502, 51.92228 ], [ 6.04508, 51.92239 ], [ 6.04547, 51.92269 ], [ 6.04604, 51.92323 ], [ 6.04602, 51.92327 ], [ 6.04546, 51.92346 ], [ 6.04536, 51.92352 ], [ 6.04539, 51.92378 ], [ 6.04329, 51.92451 ], [ 6.04413, 51.92518 ], [ 6.04402, 51.92532 ], [ 6.04605, 51.92679 ], [ 6.04613, 51.92687 ], [ 6.04632, 51.927 ], [ 6.04704, 51.92694 ], [ 6.04718, 51.92702 ], [ 6.04665, 51.92736 ], [ 6.04613, 51.92738 ], [ 6.04349, 51.9273 ], [ 6.04167, 51.92718 ], [ 6.04034, 51.92706 ], [ 6.03821, 51.92677 ], [ 6.03827, 51.9267 ], [ 6.0367, 51.92642 ], [ 6.03645, 51.92639 ], [ 6.03635, 51.92629 ], [ 6.03646, 51.9262 ], [ 6.03683, 51.92576 ], [ 6.03715, 51.92549 ], [ 6.03719, 51.92542 ], [ 6.0371, 51.92537 ], [ 6.03661, 51.92572 ], [ 6.03639, 51.92592 ], [ 6.03596, 51.92641 ], [ 6.03452, 51.92827 ], [ 6.03437, 51.92821 ], [ 6.03421, 51.92802 ], [ 6.03405, 51.92772 ], [ 6.03404, 51.92761 ], [ 6.03408, 51.92735 ], [ 6.0342, 51.92723 ], [ 6.03452, 51.92702 ], [ 6.03495, 51.92683 ], [ 6.03526, 51.92667 ], [ 6.03527, 51.92661 ], [ 6.03523, 51.92653 ], [ 6.03513, 51.92647 ], [ 6.03527, 51.92645 ], [ 6.03737, 51.92683 ], [ 6.03857, 51.92703 ], [ 6.0416, 51.92739 ], [ 6.04304, 51.92749 ], [ 6.04304, 51.92755 ], [ 6.04225, 51.92786 ], [ 6.04218, 51.92795 ], [ 6.04216, 51.92808 ], [ 6.04225, 51.92821 ], [ 6.04238, 51.92823 ], [ 6.04273, 51.92822 ], [ 6.04322, 51.92831 ], [ 6.04376, 51.92876 ], [ 6.04578, 51.93034 ], [ 6.04557, 51.93046 ], [ 6.04372, 51.93125 ], [ 6.04269, 51.93164 ], [ 6.04088, 51.93227 ], [ 6.04081, 51.93236 ], [ 6.04076, 51.93249 ], [ 6.04073, 51.93274 ], [ 6.04067, 51.93279 ], [ 6.03598, 51.93467 ], [ 6.03563, 51.93475 ], [ 6.03479, 51.9349 ], [ 6.03373, 51.93497 ], [ 6.03363, 51.93494 ], [ 6.03336, 51.93475 ], [ 6.03279, 51.93446 ], [ 6.03238, 51.93421 ], [ 6.03151, 51.93464 ], [ 6.03139, 51.93467 ], [ 6.03083, 51.93465 ], [ 6.03056, 51.93469 ], [ 6.03014, 51.93482 ], [ 6.02972, 51.93499 ], [ 6.02961, 51.93511 ], [ 6.02938, 51.93529 ], [ 6.02924, 51.93536 ], [ 6.02909, 51.93409 ], [ 6.02903, 51.93314 ], [ 6.02898, 51.93289 ], [ 6.02891, 51.93268 ], [ 6.02891, 51.93264 ], [ 6.02908, 51.93261 ], [ 6.02875, 51.9319 ], [ 6.02863, 51.93159 ], [ 6.0284, 51.93126 ], [ 6.02835, 51.93126 ], [ 6.02819, 51.93104 ], [ 6.02803, 51.93086 ], [ 6.02792, 51.93077 ], [ 6.02694, 51.93027 ], [ 6.02565, 51.9294 ], [ 6.02554, 51.92924 ], [ 6.02549, 51.92893 ], [ 6.02539, 51.92873 ], [ 6.02515, 51.92855 ], [ 6.02498, 51.92846 ], [ 6.02489, 51.92842 ], [ 6.02454, 51.92849 ], [ 6.02406, 51.92852 ], [ 6.0238, 51.9285 ], [ 6.02291, 51.92831 ], [ 6.02262, 51.92829 ], [ 6.02198, 51.92833 ], [ 6.02194, 51.92831 ], [ 6.02183, 51.9282 ], [ 6.02161, 51.92813 ], [ 6.0204, 51.92796 ], [ 6.01941, 51.92774 ], [ 6.01485, 51.92617 ], [ 6.01319, 51.92521 ], [ 6.01076, 51.92446 ], [ 6.01062, 51.92447 ], [ 6.00987, 51.92424 ], [ 6.00987, 51.92417 ], [ 6.00979, 51.92413 ], [ 6.00933, 51.92404 ], [ 6.00877, 51.92398 ], [ 6.00776, 51.92394 ], [ 6.00768, 51.9239 ], [ 6.00723, 51.9234 ], [ 6.00555, 51.92164 ], [ 6.00543, 51.9216 ], [ 6.00334, 51.92137 ], [ 6.00331, 51.92081 ], [ 6.00326, 51.92054 ], [ 6.00315, 51.92047 ], [ 6.00318, 51.92037 ], [ 6.00315, 51.9202 ], [ 6.003, 51.91971 ], [ 6.00286, 51.91968 ], [ 6.00079, 51.91951 ], [ 6.00041, 51.91942 ], [ 5.99976, 51.91913 ], [ 5.99932, 51.91904 ], [ 5.99906, 51.91902 ], [ 5.99881, 51.91905 ], [ 5.99847, 51.91912 ], [ 5.99796, 51.9194 ], [ 5.99787, 51.9194 ], [ 5.99788, 51.91922 ], [ 5.99799, 51.91878 ], [ 5.99826, 51.91845 ], [ 5.99836, 51.91826 ], [ 5.9983, 51.91814 ], [ 5.99782, 51.91793 ], [ 5.99755, 51.91786 ], [ 5.99718, 51.91784 ], [ 5.9968, 51.91785 ], [ 5.99669, 51.91779 ], [ 5.99659, 51.91779 ], [ 5.99635, 51.91751 ], [ 5.99642, 51.91723 ], [ 5.99645, 51.91628 ], [ 5.9965, 51.91545 ], [ 5.99626, 51.91546 ], [ 5.99593, 51.91556 ], [ 5.99491, 51.91604 ], [ 5.99408, 51.91622 ], [ 5.99358, 51.9163 ], [ 5.99304, 51.91636 ], [ 5.99176, 51.91636 ], [ 5.99105, 51.91633 ], [ 5.98984, 51.91637 ], [ 5.98949, 51.91635 ], [ 5.98868, 51.91619 ], [ 5.98841, 51.916 ], [ 5.98821, 51.91557 ], [ 5.98808, 51.91538 ], [ 5.98816, 51.91518 ], [ 5.98846, 51.91489 ], [ 5.98868, 51.91459 ], [ 5.98879, 51.91416 ], [ 5.98889, 51.91398 ], [ 5.98912, 51.91392 ], [ 5.98975, 51.91382 ], [ 5.99045, 51.9138 ], [ 5.99181, 51.91389 ], [ 5.99272, 51.91368 ], [ 5.99347, 51.91325 ], [ 5.99376, 51.91291 ], [ 5.99402, 51.91289 ], [ 5.99496, 51.91303 ], [ 5.99603, 51.91335 ], [ 5.99626, 51.91345 ], [ 5.99679, 51.91354 ], [ 5.99713, 51.91357 ], [ 5.99692, 51.91429 ], [ 5.99689, 51.91451 ], [ 5.99668, 51.9153 ], [ 5.9966, 51.91536 ], [ 5.99626, 51.91546 ], [ 5.99691, 51.91545 ], [ 5.99771, 51.91539 ], [ 5.99792, 51.91453 ], [ 5.99805, 51.91419 ], [ 5.99828, 51.91405 ], [ 5.99883, 51.91404 ], [ 6.00183, 51.91411 ], [ 6.00173, 51.91433 ], [ 6.00176, 51.91443 ], [ 6.00162, 51.91458 ], [ 6.00156, 51.91475 ], [ 6.00145, 51.91489 ], [ 6.00143, 51.91505 ], [ 6.00144, 51.91522 ], [ 6.00169, 51.91545 ], [ 6.00165, 51.91559 ], [ 6.00155, 51.9158 ], [ 6.00138, 51.91636 ], [ 6.00138, 51.9166 ], [ 6.00155, 51.91677 ], [ 6.00195, 51.91688 ], [ 6.0022, 51.91693 ], [ 6.00245, 51.91705 ], [ 6.00253, 51.91719 ], [ 6.00241, 51.9173 ] ] } },
{ "type": "Feature", "properties": { "klompenpad_naam": "Jufferpad", "url": "https://klompenpaden.nl/klompenpaden/Jufferpad/6f22d22c-ca30-4bc1-a9d1-4be7b0708507", "date": null }, "geometry": { "type": "LineString", "coordinates": [ [ 5.55673, 52.04911 ], [ 5.55723, 52.0502 ], [ 5.55747, 52.05083 ], [ 5.55801, 52.05255 ], [ 5.55847, 52.05471 ], [ 5.55852, 52.05514 ], [ 5.55857, 52.05603 ], [ 5.55871, 52.05683 ], [ 5.55879, 52.05709 ], [ 5.55896, 52.05787 ], [ 5.55908, 52.05826 ], [ 5.55925, 52.05893 ], [ 5.55949, 52.05925 ], [ 5.55954, 52.05937 ], [ 5.55967, 52.06104 ], [ 5.55978, 52.06279 ], [ 5.55999, 52.06387 ], [ 5.56011, 52.06474 ], [ 5.56018, 52.06559 ], [ 5.56029, 52.06626 ], [ 5.56039, 52.06649 ], [ 5.56051, 52.06701 ], [ 5.56058, 52.06713 ], [ 5.56069, 52.06723 ], [ 5.56076, 52.06765 ], [ 5.56076, 52.06778 ], [ 5.56065, 52.06782 ], [ 5.56067, 52.06852 ], [ 5.55911, 52.07086 ], [ 5.55908, 52.07102 ], [ 5.55914, 52.07113 ], [ 5.56132, 52.07332 ], [ 5.56144, 52.07366 ], [ 5.56162, 52.07444 ], [ 5.56202, 52.07597 ], [ 5.56177, 52.07595 ], [ 5.56143, 52.07589 ], [ 5.56102, 52.07576 ], [ 5.56028, 52.07561 ], [ 5.56004, 52.07561 ], [ 5.55952, 52.07566 ], [ 5.55881, 52.07582 ], [ 5.55863, 52.0762 ], [ 5.55835, 52.07644 ], [ 5.55778, 52.07664 ], [ 5.55745, 52.07677 ], [ 5.55665, 52.07713 ], [ 5.55619, 52.07728 ], [ 5.55458, 52.07761 ], [ 5.55352, 52.07761 ], [ 5.55335, 52.07698 ], [ 5.55326, 52.07684 ], [ 5.55257, 52.07627 ], [ 5.55243, 52.07632 ], [ 5.55246, 52.07636 ], [ 5.55239, 52.0764 ], [ 5.55217, 52.07651 ], [ 5.54797, 52.07844 ], [ 5.54586, 52.0794 ], [ 5.54566, 52.07943 ], [ 5.54395, 52.07936 ], [ 5.54409, 52.07967 ], [ 5.54516, 52.0798 ], [ 5.54592, 52.07994 ], [ 5.54657, 52.08015 ], [ 5.54671, 52.08022 ], [ 5.54674, 52.08028 ], [ 5.54678, 52.0804 ], [ 5.54677, 52.08062 ], [ 5.54677, 52.08087 ], [ 5.54681, 52.08139 ], [ 5.54678, 52.08151 ], [ 5.54671, 52.08158 ], [ 5.54598, 52.08205 ], [ 5.54577, 52.0822 ], [ 5.54565, 52.08235 ], [ 5.54559, 52.08257 ], [ 5.54559, 52.08269 ], [ 5.54555, 52.0829 ], [ 5.54548, 52.08305 ], [ 5.54542, 52.08335 ], [ 5.54547, 52.08349 ], [ 5.54558, 52.0836 ], [ 5.54572, 52.08367 ], [ 5.54623, 52.08384 ], [ 5.54629, 52.08389 ], [ 5.54626, 52.084 ], [ 5.54183, 52.08326 ], [ 5.53944, 52.08288 ], [ 5.53841, 52.0827 ], [ 5.53133, 52.08156 ], [ 5.53138, 52.08144 ], [ 5.53137, 52.08136 ], [ 5.53129, 52.08127 ], [ 5.53116, 52.08117 ], [ 5.53093, 52.08108 ], [ 5.53052, 52.08099 ], [ 5.52939, 52.08077 ], [ 5.52926, 52.08072 ], [ 5.52917, 52.08065 ], [ 5.52912, 52.08055 ], [ 5.52917, 52.08003 ], [ 5.52901, 52.07994 ], [ 5.52857, 52.07959 ], [ 5.52841, 52.07948 ], [ 5.52819, 52.07939 ], [ 5.52774, 52.07926 ], [ 5.52749, 52.07914 ], [ 5.52703, 52.07881 ], [ 5.52671, 52.07862 ], [ 5.52649, 52.07867 ], [ 5.52576, 52.07893 ], [ 5.52555, 52.07897 ], [ 5.52515, 52.07915 ], [ 5.52468, 52.07866 ], [ 5.52447, 52.07841 ], [ 5.52436, 52.07823 ], [ 5.52431, 52.0781 ], [ 5.5242, 52.07777 ], [ 5.52402, 52.0769 ], [ 5.52433, 52.07675 ], [ 5.52438, 52.07666 ], [ 5.52437, 52.07653 ], [ 5.52424, 52.07639 ], [ 5.52403, 52.07621 ], [ 5.52388, 52.07599 ], [ 5.52276, 52.0751 ], [ 5.52258, 52.07494 ], [ 5.52339, 52.07457 ], [ 5.52414, 52.07433 ], [ 5.52582, 52.07369 ], [ 5.52551, 52.07332 ], [ 5.52527, 52.07293 ], [ 5.52513, 52.07242 ], [ 5.52517, 52.07192 ], [ 5.52529, 52.07159 ], [ 5.52563, 52.0712 ], [ 5.52619, 52.07076 ], [ 5.5264, 52.07051 ], [ 5.52647, 52.07027 ], [ 5.5265, 52.07007 ], [ 5.52691, 52.07003 ], [ 5.52688, 52.07011 ], [ 5.5288, 52.0699 ], [ 5.52996, 52.06969 ], [ 5.52953, 52.06913 ], [ 5.52936, 52.06875 ], [ 5.52914, 52.06811 ], [ 5.52919, 52.06801 ], [ 5.52974, 52.06798 ], [ 5.53122, 52.06783 ], [ 5.53231, 52.06774 ], [ 5.53266, 52.06772 ], [ 5.5332, 52.06771 ], [ 5.53484, 52.06693 ], [ 5.5353, 52.06681 ], [ 5.53563, 52.06676 ], [ 5.5365, 52.06711 ], [ 5.53659, 52.0672 ], [ 5.53665, 52.06742 ], [ 5.5367, 52.0675 ], [ 5.53679, 52.06755 ], [ 5.53666, 52.06799 ], [ 5.53668, 52.06806 ], [ 5.53687, 52.06859 ], [ 5.53737, 52.06982 ], [ 5.53762, 52.07035 ], [ 5.53807, 52.07025 ], [ 5.53891, 52.06996 ], [ 5.53929, 52.06987 ], [ 5.53977, 52.06984 ], [ 5.53992, 52.06974 ], [ 5.54013, 52.06967 ], [ 5.54124, 52.06956 ], [ 5.54132, 52.06962 ], [ 5.54127, 52.07009 ], [ 5.54093, 52.07117 ], [ 5.541, 52.07136 ], [ 5.54137, 52.07113 ], [ 5.54172, 52.07089 ], [ 5.54179, 52.07053 ], [ 5.54177, 52.07048 ], [ 5.54187, 52.07009 ], [ 5.54183, 52.06996 ], [ 5.54189, 52.06984 ], [ 5.54202, 52.06978 ], [ 5.54212, 52.0698 ], [ 5.54221, 52.06988 ], [ 5.54242, 52.07001 ], [ 5.54306, 52.07027 ], [ 5.54344, 52.07032 ], [ 5.54363, 52.07032 ], [ 5.54382, 52.07029 ], [ 5.54409, 52.07017 ], [ 5.5443, 52.07013 ], [ 5.54459, 52.07012 ], [ 5.5448, 52.07013 ], [ 5.54516, 52.07018 ], [ 5.54574, 52.07031 ], [ 5.54581, 52.0704 ], [ 5.54574, 52.07071 ], [ 5.54782, 52.07092 ], [ 5.54815, 52.07077 ], [ 5.54913, 52.07024 ], [ 5.54957, 52.06995 ], [ 5.55019, 52.06946 ], [ 5.55056, 52.06914 ], [ 5.5507, 52.06896 ], [ 5.55114, 52.06819 ], [ 5.55138, 52.06769 ], [ 5.5522, 52.06579 ], [ 5.5529, 52.06426 ], [ 5.55304, 52.06401 ], [ 5.55338, 52.06356 ], [ 5.55321, 52.06298 ], [ 5.55294, 52.0619 ], [ 5.55226, 52.06107 ], [ 5.55126, 52.0599 ], [ 5.54948, 52.05773 ], [ 5.54527, 52.0528 ], [ 5.54525, 52.05271 ], [ 5.54547, 52.05257 ], [ 5.54561, 52.05244 ], [ 5.54563, 52.05233 ], [ 5.54558, 52.05216 ], [ 5.54536, 52.05188 ], [ 5.54496, 52.0514 ], [ 5.54482, 52.05132 ], [ 5.54383, 52.05104 ], [ 5.54325, 52.05081 ], [ 5.54274, 52.05049 ], [ 5.54212, 52.05008 ], [ 5.54039, 52.04898 ], [ 5.54124, 52.04872 ], [ 5.54161, 52.04863 ], [ 5.5418, 52.04863 ], [ 5.54204, 52.04866 ], [ 5.54236, 52.04866 ], [ 5.5433, 52.04864 ], [ 5.5434, 52.04857 ], [ 5.54336, 52.04845 ], [ 5.54517, 52.04829 ], [ 5.5473, 52.04804 ], [ 5.54784, 52.04801 ], [ 5.54814, 52.04807 ], [ 5.54833, 52.04818 ], [ 5.54863, 52.0483 ], [ 5.54969, 52.04823 ], [ 5.55029, 52.0482 ], [ 5.55084, 52.0481 ], [ 5.55075, 52.04774 ], [ 5.55088, 52.04762 ], [ 5.55351, 52.04716 ], [ 5.5537, 52.04763 ], [ 5.55435, 52.04763 ], [ 5.55494, 52.0478 ], [ 5.55549, 52.04784 ], [ 5.55604, 52.04842 ], [ 5.55645, 52.04853 ], [ 5.55684, 52.04852 ], [ 5.55751, 52.04831 ], [ 5.55758, 52.04785 ], [ 5.5569, 52.04781 ], [ 5.5569, 52.04767 ], [ 5.55783, 52.04771 ], [ 5.55792, 52.04809 ], [ 5.55793, 52.04828 ], [ 5.55804, 52.04844 ], [ 5.55842, 52.04861 ], [ 5.55838, 52.04872 ], [ 5.5584, 52.04889 ], [ 5.55778, 52.0489 ], [ 5.55673, 52.04911 ] ] } },
{ "type": "Feature", "properties": { "klompenpad_naam": "Jordenpad", "url": "https://klompenpaden.nl/klompenpaden/Jordenpad/98197919-a003-41fe-adcf-ecc703a63742", "date": null }, "geometry": { "type": "LineString", "coordinates": [ [ 5.07354, 51.79341 ], [ 5.07258, 51.7936 ], [ 5.07544, 51.79629 ], [ 5.08026, 51.79528 ], [ 5.08042, 51.79526 ], [ 5.08046, 51.79535 ], [ 5.08092, 51.79531 ], [ 5.08179, 51.79515 ], [ 5.08198, 51.79499 ], [ 5.08362, 51.7947 ], [ 5.0853, 51.79447 ], [ 5.08647, 51.79454 ], [ 5.0873, 51.79447 ], [ 5.08914, 51.79445 ], [ 5.09112, 51.79432 ], [ 5.09398, 51.79424 ], [ 5.09403, 51.79417 ], [ 5.09402, 51.79358 ], [ 5.09411, 51.79349 ], [ 5.09457, 51.7934 ], [ 5.09531, 51.79402 ], [ 5.09593, 51.79464 ], [ 5.09959, 51.79686 ], [ 5.09971, 51.79691 ], [ 5.10225, 51.7962 ], [ 5.10492, 51.7955 ], [ 5.10528, 51.79611 ], [ 5.1056, 51.79624 ], [ 5.10611, 51.79631 ], [ 5.10649, 51.79648 ], [ 5.10666, 51.79667 ], [ 5.10674, 51.79716 ], [ 5.10698, 51.79745 ], [ 5.1073, 51.79757 ], [ 5.10767, 51.79755 ], [ 5.10822, 51.79742 ], [ 5.1087, 51.79745 ], [ 5.10948, 51.79775 ], [ 5.11, 51.79787 ], [ 5.11055, 51.79794 ], [ 5.11225, 51.79805 ], [ 5.11275, 51.79825 ], [ 5.11353, 51.79862 ], [ 5.11394, 51.79861 ], [ 5.1152, 51.79835 ], [ 5.1154, 51.79828 ], [ 5.11551, 51.79819 ], [ 5.11542, 51.79796 ], [ 5.11542, 51.7978 ], [ 5.11548, 51.79772 ], [ 5.11561, 51.79766 ], [ 5.11576, 51.79766 ], [ 5.116, 51.79776 ], [ 5.11609, 51.79784 ], [ 5.11767, 51.80009 ], [ 5.11807, 51.80055 ], [ 5.11829, 51.80069 ], [ 5.11843, 51.80086 ], [ 5.11818, 51.80105 ], [ 5.11832, 51.80115 ], [ 5.11845, 51.80116 ], [ 5.11855, 51.80145 ], [ 5.1189, 51.8018 ], [ 5.12032, 51.80352 ], [ 5.12089, 51.80426 ], [ 5.12145, 51.80492 ], [ 5.12216, 51.80558 ], [ 5.1222, 51.80569 ], [ 5.12298, 51.80643 ], [ 5.12453, 51.80779 ], [ 5.12522, 51.80874 ], [ 5.12539, 51.80882 ], [ 5.12685, 51.80895 ], [ 5.12502, 51.8091 ], [ 5.12368, 51.80945 ], [ 5.12286, 51.80981 ], [ 5.12088, 51.81057 ], [ 5.12004, 51.81104 ], [ 5.11949, 51.8115 ], [ 5.11892, 51.81194 ], [ 5.11791, 51.8124 ], [ 5.1168, 51.81299 ], [ 5.11625, 51.81334 ], [ 5.11587, 51.81367 ], [ 5.11541, 51.81392 ], [ 5.11354, 51.8147 ], [ 5.1129, 51.81484 ], [ 5.11209, 51.81498 ], [ 5.11087, 51.81542 ], [ 5.10996, 51.81581 ], [ 5.10806, 51.81686 ], [ 5.1076, 51.81699 ], [ 5.1064, 51.81712 ], [ 5.10424, 51.8173 ], [ 5.10335, 51.81753 ], [ 5.10225, 51.81791 ], [ 5.10086, 51.81861 ], [ 5.10035, 51.81891 ], [ 5.09993, 51.81928 ], [ 5.0993, 51.81972 ], [ 5.09901, 51.82007 ], [ 5.09855, 51.82048 ], [ 5.09818, 51.82078 ], [ 5.09782, 51.82099 ], [ 5.09646, 51.82109 ], [ 5.09429, 51.82132 ], [ 5.09369, 51.82144 ], [ 5.09288, 51.82138 ], [ 5.09144, 51.82153 ], [ 5.09025, 51.82161 ], [ 5.08937, 51.82171 ], [ 5.08849, 51.82203 ], [ 5.0879, 51.8223 ], [ 5.08728, 51.82257 ], [ 5.0871, 51.82292 ], [ 5.08681, 51.82333 ], [ 5.08655, 51.82359 ], [ 5.08676, 51.82372 ], [ 5.08705, 51.82418 ], [ 5.08622, 51.82453 ], [ 5.08538, 51.82473 ], [ 5.08427, 51.82489 ], [ 5.08324, 51.82476 ], [ 5.08174, 51.82477 ], [ 5.08065, 51.82454 ], [ 5.07904, 51.82448 ], [ 5.07794, 51.82411 ], [ 5.0765, 51.82374 ], [ 5.07523, 51.82303 ], [ 5.07503, 51.82219 ], [ 5.07522, 51.82193 ], [ 5.07534, 51.82186 ], [ 5.07552, 51.82186 ], [ 5.07588, 51.82199 ], [ 5.07617, 51.82203 ], [ 5.07583, 51.82187 ], [ 5.07548, 51.82165 ], [ 5.07359, 51.82006 ], [ 5.07337, 51.81977 ], [ 5.07269, 51.81845 ], [ 5.07206, 51.8171 ], [ 5.07115, 51.81559 ], [ 5.07087, 51.81496 ], [ 5.07063, 51.81477 ], [ 5.07026, 51.81457 ], [ 5.06792, 51.81386 ], [ 5.06654, 51.81347 ], [ 5.06588, 51.81325 ], [ 5.06532, 51.81309 ], [ 5.0641, 51.81289 ], [ 5.0631, 51.81259 ], [ 5.06114, 51.81214 ], [ 5.0611, 51.81209 ], [ 5.06137, 51.81211 ], [ 5.06138, 51.81158 ], [ 5.06136, 51.81058 ], [ 5.06138, 51.80923 ], [ 5.06131, 51.80786 ], [ 5.06109, 51.80741 ], [ 5.06133, 51.80696 ], [ 5.06138, 51.80622 ], [ 5.06136, 51.80513 ], [ 5.06177, 51.80486 ], [ 5.06198, 51.80474 ], [ 5.06206, 51.80459 ], [ 5.06201, 51.80447 ], [ 5.06187, 51.80438 ], [ 5.06156, 51.80427 ], [ 5.06128, 51.80414 ], [ 5.06119, 51.80291 ], [ 5.06128, 51.80248 ], [ 5.06169, 51.80224 ], [ 5.06209, 51.80193 ], [ 5.06208, 51.80167 ], [ 5.06189, 51.80153 ], [ 5.06149, 51.80134 ], [ 5.06111, 51.80085 ], [ 5.06084, 51.8006 ], [ 5.06078, 51.80035 ], [ 5.06104, 51.80015 ], [ 5.06122, 51.79991 ], [ 5.06122, 51.79949 ], [ 5.06118, 51.79912 ], [ 5.06062, 51.79799 ], [ 5.06039, 51.79779 ], [ 5.05929, 51.79717 ], [ 5.05808, 51.79659 ], [ 5.05804, 51.79651 ], [ 5.05732, 51.79625 ], [ 5.05693, 51.79604 ], [ 5.05621, 51.79571 ], [ 5.0555, 51.79546 ], [ 5.05527, 51.79525 ], [ 5.05435, 51.79479 ], [ 5.05422, 51.79459 ], [ 5.05421, 51.79436 ], [ 5.05412, 51.79427 ], [ 5.0544, 51.79382 ], [ 5.05502, 51.79326 ], [ 5.05604, 51.79235 ], [ 5.05654, 51.79207 ], [ 5.05696, 51.79204 ], [ 5.05737, 51.79198 ], [ 5.05777, 51.79188 ], [ 5.0579, 51.79182 ], [ 5.05822, 51.79189 ], [ 5.05854, 51.79177 ], [ 5.0589, 51.79169 ], [ 5.05945, 51.7917 ], [ 5.05978, 51.79168 ], [ 5.05978, 51.79145 ], [ 5.06117, 51.7915 ], [ 5.0626, 51.79136 ], [ 5.06354, 51.791 ], [ 5.0643, 51.79064 ], [ 5.06514, 51.79019 ], [ 5.06557, 51.78992 ], [ 5.06542, 51.79024 ], [ 5.06668, 51.7903 ], [ 5.06945, 51.7898 ], [ 5.06992, 51.79029 ], [ 5.0706, 51.79011 ], [ 5.07121, 51.79089 ], [ 5.07135, 51.7912 ], [ 5.07133, 51.79137 ], [ 5.07074, 51.7914 ], [ 5.07081, 51.79149 ], [ 5.07268, 51.7934 ], [ 5.07347, 51.79325 ], [ 5.07356, 51.7934 ] ] } },
{ "type": "Feature", "properties": { "klompenpad_naam": "Husloapad", "url": "https://klompenpaden.nl/klompenpaden/Husloapad/35582929-6281-479a-a287-87857a3f1a2f", "date": null }, "geometry": { "type": "LineString", "coordinates": [ [ 5.99669, 51.91779 ], [ 5.99661, 51.91779 ], [ 5.99609, 51.91791 ], [ 5.99567, 51.91809 ], [ 5.99364, 51.91932 ], [ 5.99287, 51.91986 ], [ 5.99245, 51.92039 ], [ 5.99229, 51.9208 ], [ 5.9921, 51.92211 ], [ 5.9917, 51.92294 ], [ 5.99171, 51.9231 ], [ 5.99161, 51.92317 ], [ 5.99147, 51.92319 ], [ 5.99128, 51.92319 ], [ 5.99108, 51.92315 ], [ 5.99087, 51.92314 ], [ 5.9908, 51.92317 ], [ 5.99091, 51.92322 ], [ 5.99051, 51.92335 ], [ 5.99003, 51.92393 ], [ 5.9895, 51.9244 ], [ 5.98878, 51.92471 ], [ 5.98845, 51.925 ], [ 5.98785, 51.92535 ], [ 5.98729, 51.92558 ], [ 5.98723, 51.92581 ], [ 5.98745, 51.92602 ], [ 5.9871, 51.92658 ], [ 5.98632, 51.92749 ], [ 5.98598, 51.92797 ], [ 5.9855, 51.9283 ], [ 5.98513, 51.92843 ], [ 5.98516, 51.92851 ], [ 5.98463, 51.92863 ], [ 5.98399, 51.92868 ], [ 5.98345, 51.9287 ], [ 5.98347, 51.92819 ], [ 5.98317, 51.9279 ], [ 5.98301, 51.92749 ], [ 5.98277, 51.92718 ], [ 5.98166, 51.92732 ], [ 5.97855, 51.92829 ], [ 5.97596, 51.9292 ], [ 5.97602, 51.92989 ], [ 5.97625, 51.93019 ], [ 5.97563, 51.93046 ], [ 5.97151, 51.9315 ], [ 5.97097, 51.93159 ], [ 5.97095, 51.93167 ], [ 5.97029, 51.93213 ], [ 5.97001, 51.93256 ], [ 5.97, 51.93297 ], [ 5.97014, 51.93352 ], [ 5.97, 51.93384 ], [ 5.96938, 51.93436 ], [ 5.96869, 51.93497 ], [ 5.96859, 51.93512 ], [ 5.96827, 51.93597 ], [ 5.96854, 51.93615 ], [ 5.96882, 51.93706 ], [ 5.96894, 51.93763 ], [ 5.96909, 51.93857 ], [ 5.96907, 51.93968 ], [ 5.96887, 51.94139 ], [ 5.96903, 51.94161 ], [ 5.96927, 51.94123 ], [ 5.96944, 51.94092 ], [ 5.96949, 51.9409 ], [ 5.97005, 51.94094 ], [ 5.97067, 51.94079 ], [ 5.97071, 51.94079 ], [ 5.97076, 51.94082 ], [ 5.97098, 51.94102 ], [ 5.97112, 51.94109 ], [ 5.97125, 51.94114 ], [ 5.9715, 51.94118 ], [ 5.97167, 51.94118 ], [ 5.97227, 51.94108 ], [ 5.97238, 51.94109 ], [ 5.97244, 51.94113 ], [ 5.97264, 51.94139 ], [ 5.97272, 51.94143 ], [ 5.97327, 51.94161 ], [ 5.9738, 51.94163 ], [ 5.97404, 51.94166 ], [ 5.97409, 51.94164 ], [ 5.97414, 51.9416 ], [ 5.97444, 51.94134 ], [ 5.97452, 51.94134 ], [ 5.97567, 51.94139 ], [ 5.97655, 51.94158 ], [ 5.97757, 51.94184 ], [ 5.97761, 51.94192 ], [ 5.97759, 51.94202 ], [ 5.97757, 51.94206 ], [ 5.97759, 51.94211 ], [ 5.97766, 51.94216 ], [ 5.97891, 51.94243 ], [ 5.9797, 51.94274 ], [ 5.98019, 51.9429 ], [ 5.98042, 51.94292 ], [ 5.98338, 51.94302 ], [ 5.98443, 51.94294 ], [ 5.98449, 51.94303 ], [ 5.98459, 51.94326 ], [ 5.98499, 51.94394 ], [ 5.98522, 51.94416 ], [ 5.98566, 51.94448 ], [ 5.98604, 51.94496 ], [ 5.98621, 51.94531 ], [ 5.98633, 51.94564 ], [ 5.98686, 51.94644 ], [ 5.98696, 51.94642 ], [ 5.98734, 51.94677 ], [ 5.98748, 51.94687 ], [ 5.98827, 51.94705 ], [ 5.98849, 51.94672 ], [ 5.98875, 51.94646 ], [ 5.98923, 51.94621 ], [ 5.99092, 51.94554 ], [ 5.99131, 51.94541 ], [ 5.99167, 51.94537 ], [ 5.99201, 51.94542 ], [ 5.99246, 51.94554 ], [ 5.99273, 51.94572 ], [ 5.99312, 51.9465 ], [ 5.99337, 51.94666 ], [ 5.99364, 51.94678 ], [ 5.99405, 51.94683 ], [ 5.99585, 51.94711 ], [ 5.99642, 51.94728 ], [ 5.99671, 51.94743 ], [ 5.99671, 51.94767 ], [ 5.99685, 51.94787 ], [ 5.99685, 51.94832 ], [ 5.99692, 51.94854 ], [ 5.99622, 51.94896 ], [ 5.99565, 51.94928 ], [ 5.99528, 51.94953 ], [ 5.99553, 51.94976 ], [ 5.99608, 51.94993 ], [ 5.9962, 51.95003 ], [ 5.99622, 51.95017 ], [ 5.99621, 51.95029 ], [ 5.99606, 51.95044 ], [ 5.99544, 51.95067 ], [ 5.99415, 51.95111 ], [ 5.99396, 51.95114 ], [ 5.99377, 51.95113 ], [ 5.99327, 51.95098 ], [ 5.99309, 51.95095 ], [ 5.99296, 51.95096 ], [ 5.99221, 51.95126 ], [ 5.99162, 51.9516 ], [ 5.99206, 51.9521 ], [ 5.99219, 51.95209 ], [ 5.99229, 51.95213 ], [ 5.99266, 51.95246 ], [ 5.99313, 51.9523 ], [ 5.99346, 51.9523 ], [ 5.99395, 51.95283 ], [ 5.99399, 51.95315 ], [ 5.99412, 51.95341 ], [ 5.99518, 51.95451 ], [ 5.99566, 51.9544 ], [ 5.99616, 51.95437 ], [ 6.00193, 51.95246 ], [ 6.00187, 51.95241 ], [ 6.00155, 51.95232 ], [ 6.00164, 51.95217 ], [ 6.00166, 51.95207 ], [ 6.00164, 51.95199 ], [ 6.00197, 51.95185 ], [ 6.00265, 51.95239 ], [ 6.00281, 51.95231 ], [ 6.00306, 51.95228 ], [ 6.00324, 51.95218 ], [ 6.00376, 51.95172 ], [ 6.00411, 51.95154 ], [ 6.00529, 51.95121 ], [ 6.00547, 51.95108 ], [ 6.0056, 51.95095 ], [ 6.00671, 51.95054 ], [ 6.00694, 51.95051 ], [ 6.00783, 51.95055 ], [ 6.00792, 51.95058 ], [ 6.00819, 51.95049 ], [ 6.00815, 51.95042 ], [ 6.00918, 51.94962 ], [ 6.00889, 51.94948 ], [ 6.0101, 51.94855 ], [ 6.01012, 51.94848 ], [ 6.01016, 51.94843 ], [ 6.01047, 51.94831 ], [ 6.01053, 51.94814 ], [ 6.01048, 51.948 ], [ 6.01035, 51.94785 ], [ 6.01039, 51.94773 ], [ 6.01046, 51.94759 ], [ 6.01104, 51.94745 ], [ 6.01147, 51.94743 ], [ 6.01157, 51.94738 ], [ 6.01203, 51.94739 ], [ 6.01264, 51.94728 ], [ 6.01431, 51.94678 ], [ 6.01652, 51.94627 ], [ 6.01663, 51.94621 ], [ 6.01706, 51.94607 ], [ 6.01715, 51.946 ], [ 6.01726, 51.94588 ], [ 6.0175, 51.94567 ], [ 6.01733, 51.94547 ], [ 6.01669, 51.94526 ], [ 6.01625, 51.94497 ], [ 6.01532, 51.94457 ], [ 6.01531, 51.94452 ], [ 6.01472, 51.94429 ], [ 6.01457, 51.94421 ], [ 6.01381, 51.9435 ], [ 6.01385, 51.94328 ], [ 6.01379, 51.94328 ], [ 6.01375, 51.9432 ], [ 6.01382, 51.94234 ], [ 6.01389, 51.94055 ], [ 6.01404, 51.94047 ], [ 6.01401, 51.9404 ], [ 6.0137, 51.94013 ], [ 6.01358, 51.93995 ], [ 6.01354, 51.93976 ], [ 6.01357, 51.93949 ], [ 6.01365, 51.93912 ], [ 6.0136, 51.93899 ], [ 6.01368, 51.93873 ], [ 6.01356, 51.93855 ], [ 6.01344, 51.93842 ], [ 6.01342, 51.93828 ], [ 6.01352, 51.93812 ], [ 6.01369, 51.93798 ], [ 6.01397, 51.93784 ], [ 6.01429, 51.93775 ], [ 6.01435, 51.93769 ], [ 6.01434, 51.93762 ], [ 6.01423, 51.93722 ], [ 6.01422, 51.93697 ], [ 6.01428, 51.93681 ], [ 6.01428, 51.93655 ], [ 6.01443, 51.93548 ], [ 6.01452, 51.93527 ], [ 6.01466, 51.93509 ], [ 6.01487, 51.9349 ], [ 6.01512, 51.93474 ], [ 6.01544, 51.93462 ], [ 6.0159, 51.93447 ], [ 6.0157, 51.93421 ], [ 6.01555, 51.93423 ], [ 6.01531, 51.93432 ], [ 6.01477, 51.93441 ], [ 6.01328, 51.93487 ], [ 6.012, 51.93524 ], [ 6.01152, 51.93468 ], [ 6.00936, 51.93226 ], [ 6.00863, 51.93269 ], [ 6.00847, 51.93274 ], [ 6.00834, 51.93263 ], [ 6.0062, 51.93036 ], [ 6.00604, 51.93022 ], [ 6.00464, 51.9292 ], [ 6.00443, 51.92909 ], [ 6.00418, 51.92903 ], [ 6.00406, 51.92895 ], [ 6.00343, 51.92834 ], [ 6.00329, 51.92828 ], [ 6.00289, 51.92824 ], [ 6.0018, 51.92815 ], [ 6.00068, 51.9281 ], [ 6.00025, 51.92811 ], [ 5.99899, 51.92828 ], [ 5.99838, 51.92834 ], [ 5.99823, 51.92765 ], [ 5.99796, 51.92661 ], [ 5.99773, 51.92552 ], [ 5.99769, 51.92525 ], [ 5.99762, 51.92457 ], [ 5.9976, 51.92412 ], [ 5.9975, 51.92329 ], [ 5.99741, 51.92241 ], [ 5.9974, 51.92194 ], [ 5.9974, 51.9212 ], [ 5.99724, 51.92076 ], [ 5.99703, 51.92031 ], [ 5.997, 51.92011 ], [ 5.99704, 51.91999 ], [ 5.99716, 51.91982 ], [ 5.99788, 51.91941 ], [ 5.99789, 51.91924 ], [ 5.99799, 51.91878 ], [ 5.99831, 51.91836 ], [ 5.99836, 51.91826 ], [ 5.9983, 51.91813 ], [ 5.99782, 51.91793 ], [ 5.99755, 51.91786 ], [ 5.99718, 51.91784 ], [ 5.9968, 51.91785 ], [ 5.99669, 51.91779 ] ] } },
{ "type": "Feature", "properties": { "klompenpad_naam": "Huinerpad", "url": "https://klompenpaden.nl/klompenpaden/Huinerpad/c463afe3-ebf9-427e-a63e-83ee52a379ba", "date": null }, "geometry": { "type": "LineString", "coordinates": [ [ 5.5469, 52.23868 ], [ 5.54716, 52.23974 ], [ 5.54715, 52.23987 ], [ 5.54711, 52.23996 ], [ 5.54695, 52.24008 ], [ 5.54711, 52.24015 ], [ 5.54745, 52.24019 ], [ 5.54775, 52.24019 ], [ 5.54853, 52.24005 ], [ 5.54872, 52.24005 ], [ 5.54888, 52.24034 ], [ 5.54931, 52.24031 ], [ 5.54966, 52.24035 ], [ 5.54989, 52.24032 ], [ 5.55034, 52.24037 ], [ 5.55035, 52.24053 ], [ 5.55067, 52.24065 ], [ 5.55085, 52.24064 ], [ 5.55147, 52.24053 ], [ 5.55159, 52.24069 ], [ 5.5521, 52.24067 ], [ 5.55342, 52.24076 ], [ 5.55376, 52.24075 ], [ 5.55449, 52.24089 ], [ 5.55448, 52.24104 ], [ 5.55475, 52.24105 ], [ 5.55475, 52.24105 ], [ 5.55489, 52.2409 ], [ 5.55589, 52.24113 ], [ 5.5565, 52.24138 ], [ 5.5575, 52.24164 ], [ 5.5604, 52.24296 ], [ 5.56363, 52.24412 ], [ 5.56463, 52.2444 ], [ 5.56436, 52.24509 ], [ 5.56689, 52.2455 ], [ 5.56709, 52.24486 ], [ 5.56759, 52.24498 ], [ 5.56845, 52.24529 ], [ 5.56896, 52.24362 ], [ 5.57435, 52.24415 ], [ 5.58186, 52.24491 ], [ 5.58592, 52.24486 ], [ 5.5872, 52.24557 ], [ 5.58936, 52.24566 ], [ 5.58921, 52.24522 ], [ 5.58892, 52.24468 ], [ 5.5886, 52.24417 ], [ 5.58854, 52.24397 ], [ 5.58875, 52.24185 ], [ 5.59407, 52.24313 ], [ 5.59472, 52.24272 ], [ 5.59528, 52.24386 ], [ 5.59557, 52.24379 ], [ 5.59664, 52.24358 ], [ 5.60207, 52.24282 ], [ 5.6022, 52.24277 ], [ 5.60259, 52.24269 ], [ 5.60257, 52.2424 ], [ 5.60243, 52.24183 ], [ 5.60246, 52.24118 ], [ 5.60237, 52.23963 ], [ 5.60272, 52.23956 ], [ 5.60389, 52.23981 ], [ 5.60454, 52.23991 ], [ 5.60516, 52.23991 ], [ 5.60586, 52.23976 ], [ 5.60628, 52.23958 ], [ 5.60695, 52.23866 ], [ 5.60697, 52.23817 ], [ 5.60687, 52.23815 ], [ 5.60676, 52.2375 ], [ 5.60626, 52.23614 ], [ 5.60599, 52.23572 ], [ 5.60581, 52.23562 ], [ 5.60572, 52.23554 ], [ 5.60542, 52.23513 ], [ 5.60458, 52.23427 ], [ 5.60645, 52.23444 ], [ 5.60855, 52.23361 ], [ 5.60894, 52.23352 ], [ 5.60929, 52.23354 ], [ 5.60975, 52.23306 ], [ 5.61068, 52.2323 ], [ 5.61118, 52.23197 ], [ 5.61219, 52.23104 ], [ 5.61299, 52.23026 ], [ 5.61327, 52.2299 ], [ 5.61382, 52.22991 ], [ 5.61488, 52.22999 ], [ 5.61559, 52.23013 ], [ 5.61697, 52.2303 ], [ 5.61771, 52.2305 ], [ 5.61855, 52.23057 ], [ 5.61923, 52.23085 ], [ 5.6193, 52.23046 ], [ 5.61924, 52.23046 ], [ 5.61923, 52.23085 ], [ 5.61855, 52.23057 ], [ 5.61771, 52.2305 ], [ 5.61697, 52.2303 ], [ 5.61559, 52.23013 ], [ 5.61488, 52.22999 ], [ 5.61382, 52.22991 ], [ 5.61327, 52.2299 ], [ 5.61334, 52.2298 ], [ 5.61334, 52.22975 ], [ 5.61453, 52.22865 ], [ 5.61465, 52.22852 ], [ 5.61473, 52.22825 ], [ 5.61475, 52.22813 ], [ 5.61461, 52.22665 ], [ 5.61454, 52.22559 ], [ 5.6145, 52.22479 ], [ 5.61452, 52.2247 ], [ 5.61444, 52.22455 ], [ 5.61326, 52.22463 ], [ 5.61243, 52.22466 ], [ 5.61187, 52.22464 ], [ 5.61185, 52.22452 ], [ 5.61175, 52.22432 ], [ 5.61159, 52.22404 ], [ 5.61148, 52.22363 ], [ 5.61142, 52.2236 ], [ 5.61099, 52.22361 ], [ 5.61073, 52.22359 ], [ 5.61068, 52.22355 ], [ 5.61068, 52.22336 ], [ 5.61062, 52.22328 ], [ 5.61054, 52.22322 ], [ 5.61021, 52.22307 ], [ 5.61003, 52.22303 ], [ 5.6089, 52.22294 ], [ 5.6083, 52.22287 ], [ 5.60705, 52.22286 ], [ 5.60565, 52.22299 ], [ 5.60549, 52.22263 ], [ 5.60511, 52.22249 ], [ 5.6051, 52.22232 ], [ 5.60467, 52.22232 ], [ 5.60466, 52.22225 ], [ 5.60461, 52.22225 ], [ 5.60472, 52.22179 ], [ 5.60354, 52.22186 ], [ 5.60318, 52.2219 ], [ 5.6021, 52.22214 ], [ 5.602, 52.22211 ], [ 5.59996, 52.22227 ], [ 5.59988, 52.2223 ], [ 5.59995, 52.22262 ], [ 5.59986, 52.2227 ], [ 5.59872, 52.22286 ], [ 5.59827, 52.22291 ], [ 5.59801, 52.2229 ], [ 5.59688, 52.22279 ], [ 5.59444, 52.22294 ], [ 5.59429, 52.22263 ], [ 5.5942, 52.22229 ], [ 5.59407, 52.22184 ], [ 5.59379, 52.2213 ], [ 5.59323, 52.22072 ], [ 5.59296, 52.22003 ], [ 5.59269, 52.21922 ], [ 5.59244, 52.2183 ], [ 5.59203, 52.21715 ], [ 5.59179, 52.21714 ], [ 5.59118, 52.21698 ], [ 5.59037, 52.21674 ], [ 5.58873, 52.21709 ], [ 5.58806, 52.21731 ], [ 5.58683, 52.21744 ], [ 5.58578, 52.21753 ], [ 5.58546, 52.21758 ], [ 5.58409, 52.21791 ], [ 5.58394, 52.21798 ], [ 5.58257, 52.21832 ], [ 5.58291, 52.219 ], [ 5.58312, 52.21952 ], [ 5.58235, 52.21996 ], [ 5.58198, 52.22004 ], [ 5.58092, 52.22033 ], [ 5.58074, 52.22042 ], [ 5.58026, 52.22076 ], [ 5.58001, 52.22093 ], [ 5.57842, 52.21937 ], [ 5.57783, 52.21965 ], [ 5.57743, 52.21991 ], [ 5.57686, 52.2202 ], [ 5.57486, 52.22059 ], [ 5.57294, 52.22102 ], [ 5.57129, 52.22139 ], [ 5.56924, 52.22189 ], [ 5.56865, 52.22187 ], [ 5.56848, 52.22181 ], [ 5.56798, 52.22142 ], [ 5.5667, 52.22203 ], [ 5.56637, 52.22215 ], [ 5.5662, 52.22219 ], [ 5.56573, 52.22201 ], [ 5.56546, 52.22215 ], [ 5.56393, 52.22274 ], [ 5.56352, 52.22283 ], [ 5.56321, 52.22284 ], [ 5.56303, 52.22296 ], [ 5.56176, 52.22329 ], [ 5.55987, 52.22384 ], [ 5.55953, 52.22388 ], [ 5.55935, 52.22413 ], [ 5.55936, 52.2243 ], [ 5.55952, 52.22438 ], [ 5.55956, 52.22466 ], [ 5.55959, 52.22476 ], [ 5.55971, 52.22483 ], [ 5.55967, 52.2249 ], [ 5.55949, 52.22579 ], [ 5.55962, 52.2294 ], [ 5.56036, 52.22964 ], [ 5.5566, 52.23183 ], [ 5.55399, 52.23351 ], [ 5.55319, 52.23418 ], [ 5.55231, 52.23481 ], [ 5.55183, 52.2352 ], [ 5.55141, 52.23574 ], [ 5.55116, 52.2359 ], [ 5.54967, 52.23666 ], [ 5.54931, 52.23694 ], [ 5.54862, 52.23735 ], [ 5.54815, 52.2377 ], [ 5.54758, 52.23821 ], [ 5.54703, 52.23852 ], [ 5.5469, 52.23867 ] ] } },
{ "type": "Feature", "properties": { "klompenpad_naam": "Houtdijkenpad", "url": "https://klompenpaden.nl/klompenpaden/Houtdijkenpad/8d95eaa8-a7a4-4d00-a529-5b44b36dfca9", "date": null }, "geometry": { "type": "LineString", "coordinates": [ [ 4.92126, 52.11896 ], [ 4.92281, 52.11722 ], [ 4.92362, 52.1171 ], [ 4.92363, 52.11703 ], [ 4.92378, 52.11701 ], [ 4.92672, 52.11354 ], [ 4.92697, 52.11322 ], [ 4.92709, 52.11295 ], [ 4.93012, 52.10926 ], [ 4.93022, 52.10907 ], [ 4.93033, 52.10892 ], [ 4.93112, 52.10801 ], [ 4.93233, 52.10653 ], [ 4.93237, 52.10647 ], [ 4.93229, 52.10646 ], [ 4.92847, 52.10699 ], [ 4.92716, 52.10716 ], [ 4.92692, 52.10716 ], [ 4.92355, 52.10638 ], [ 4.9223, 52.10606 ], [ 4.92338, 52.10399 ], [ 4.92366, 52.10355 ], [ 4.92342, 52.10342 ], [ 4.92206, 52.10314 ], [ 4.91941, 52.1025 ], [ 4.91957, 52.10227 ], [ 4.91918, 52.10217 ], [ 4.9188, 52.10203 ], [ 4.91852, 52.10186 ], [ 4.91815, 52.10155 ], [ 4.91728, 52.10068 ], [ 4.91687, 52.10012 ], [ 4.91673, 52.09988 ], [ 4.91627, 52.09925 ], [ 4.91574, 52.09834 ], [ 4.91545, 52.09801 ], [ 4.91482, 52.09746 ], [ 4.91439, 52.09721 ], [ 4.91392, 52.09705 ], [ 4.91342, 52.09692 ], [ 4.91248, 52.09688 ], [ 4.91209, 52.09688 ], [ 4.91015, 52.09703 ], [ 4.90972, 52.09709 ], [ 4.90862, 52.09711 ], [ 4.90851, 52.09708 ], [ 4.90787, 52.09703 ], [ 4.90742, 52.09692 ], [ 4.90718, 52.09681 ], [ 4.90667, 52.0965 ], [ 4.90578, 52.09604 ], [ 4.90507, 52.09553 ], [ 4.90403, 52.09473 ], [ 4.90358, 52.09444 ], [ 4.9032, 52.09426 ], [ 4.90274, 52.09408 ], [ 4.90231, 52.09396 ], [ 4.90195, 52.09389 ], [ 4.90069, 52.09388 ], [ 4.89966, 52.09392 ], [ 4.89892, 52.09397 ], [ 4.89828, 52.09404 ], [ 4.89771, 52.09413 ], [ 4.89669, 52.09442 ], [ 4.89649, 52.09449 ], [ 4.89488, 52.09528 ], [ 4.89456, 52.09542 ], [ 4.89404, 52.09561 ], [ 4.89382, 52.09564 ], [ 4.89356, 52.09562 ], [ 4.89331, 52.09553 ], [ 4.89305, 52.09533 ], [ 4.89262, 52.09491 ], [ 4.89255, 52.09481 ], [ 4.89246, 52.09464 ], [ 4.89243, 52.09438 ], [ 4.89253, 52.09413 ], [ 4.89396, 52.0922 ], [ 4.89419, 52.09192 ], [ 4.89373, 52.09178 ], [ 4.89383, 52.09164 ], [ 4.89367, 52.09157 ], [ 4.89345, 52.09154 ], [ 4.89314, 52.09163 ], [ 4.89301, 52.09158 ], [ 4.89296, 52.09152 ], [ 4.89282, 52.0914 ], [ 4.89207, 52.09106 ], [ 4.89202, 52.09102 ], [ 4.89201, 52.09082 ], [ 4.89181, 52.09069 ], [ 4.89116, 52.09047 ], [ 4.89049, 52.09026 ], [ 4.88996, 52.09021 ], [ 4.88916, 52.0913 ], [ 4.89033, 52.09162 ], [ 4.89049, 52.09169 ], [ 4.89109, 52.09187 ], [ 4.89065, 52.09231 ], [ 4.89043, 52.09242 ], [ 4.88978, 52.09345 ], [ 4.89004, 52.09349 ], [ 4.88964, 52.09402 ], [ 4.88984, 52.09408 ], [ 4.88936, 52.0947 ], [ 4.89104, 52.09492 ], [ 4.89128, 52.09498 ], [ 4.89151, 52.095 ], [ 4.8917, 52.09496 ], [ 4.89179, 52.09515 ], [ 4.89187, 52.09525 ], [ 4.89169, 52.09531 ], [ 4.89126, 52.09526 ], [ 4.89123, 52.09596 ], [ 4.89123, 52.09658 ], [ 4.89138, 52.09658 ], [ 4.89135, 52.0974 ], [ 4.89138, 52.09887 ], [ 4.89136, 52.10034 ], [ 4.8913, 52.10319 ], [ 4.89109, 52.10319 ], [ 4.89112, 52.10331 ], [ 4.89105, 52.10333 ], [ 4.88266, 52.10328 ], [ 4.88263, 52.10431 ], [ 4.88264, 52.10578 ], [ 4.88431, 52.10577 ], [ 4.88463, 52.10572 ], [ 4.88582, 52.10574 ], [ 4.88583, 52.10522 ], [ 4.8861, 52.10523 ], [ 4.8862, 52.10528 ], [ 4.88626, 52.10579 ], [ 4.88655, 52.10581 ], [ 4.89407, 52.10584 ], [ 4.89407, 52.10772 ], [ 4.89403, 52.10854 ], [ 4.89404, 52.10929 ], [ 4.89407, 52.1098 ], [ 4.89405, 52.11041 ], [ 4.89411, 52.11083 ], [ 4.89414, 52.11177 ], [ 4.89457, 52.11182 ], [ 4.89548, 52.11197 ], [ 4.89667, 52.11222 ], [ 4.89695, 52.11229 ], [ 4.89716, 52.11228 ], [ 4.89736, 52.11219 ], [ 4.89759, 52.11226 ], [ 4.89774, 52.11237 ], [ 4.89779, 52.1125 ], [ 4.89779, 52.1126 ], [ 4.8977, 52.11278 ], [ 4.90049, 52.11333 ], [ 4.90063, 52.11309 ], [ 4.90215, 52.11341 ], [ 4.90264, 52.11357 ], [ 4.90289, 52.11374 ], [ 4.90324, 52.1142 ], [ 4.90343, 52.11441 ], [ 4.9036, 52.11456 ], [ 4.90384, 52.11472 ], [ 4.90441, 52.1149 ], [ 4.90477, 52.115 ], [ 4.91136, 52.11628 ], [ 4.91165, 52.11635 ], [ 4.91193, 52.11637 ], [ 4.91222, 52.11641 ], [ 4.91236, 52.11648 ], [ 4.91241, 52.11654 ], [ 4.91256, 52.11681 ], [ 4.9129, 52.1168 ], [ 4.91298, 52.11665 ], [ 4.91306, 52.1166 ], [ 4.9132, 52.11658 ], [ 4.9135, 52.11662 ], [ 4.91357, 52.11661 ], [ 4.91363, 52.11656 ], [ 4.91735, 52.11759 ], [ 4.91778, 52.11769 ], [ 4.91793, 52.11775 ], [ 4.91816, 52.118 ], [ 4.92133, 52.11913 ], [ 4.92138, 52.11905 ], [ 4.92122, 52.119 ], [ 4.92126, 52.11896 ] ] } },
{ "type": "Feature", "properties": { "klompenpad_naam": "Horsthoekerpad", "url": "https://klompenpaden.nl/klompenpaden/Horsthoekerpad/570de610-4245-454f-ad01-db3bca3228a3", "date": null }, "geometry": { "type": "LineString", "coordinates": [ [ 6.02173, 52.37179 ], [ 6.02137, 52.37203 ], [ 6.02099, 52.37234 ], [ 6.0212, 52.37244 ], [ 6.02154, 52.37268 ], [ 6.02178, 52.37279 ], [ 6.02488, 52.37468 ], [ 6.02536, 52.37492 ], [ 6.02546, 52.37486 ], [ 6.02529, 52.37473 ], [ 6.02517, 52.37455 ], [ 6.02446, 52.37387 ], [ 6.02446, 52.37377 ], [ 6.02572, 52.37295 ], [ 6.02592, 52.37271 ], [ 6.02602, 52.37246 ], [ 6.02605, 52.37223 ], [ 6.02598, 52.37194 ], [ 6.02572, 52.37152 ], [ 6.02605, 52.37138 ], [ 6.0264, 52.37144 ], [ 6.02671, 52.37142 ], [ 6.02743, 52.37104 ], [ 6.02808, 52.37115 ], [ 6.02878, 52.37135 ], [ 6.02938, 52.37226 ], [ 6.0345, 52.37134 ], [ 6.03459, 52.37145 ], [ 6.03753, 52.37106 ], [ 6.03881, 52.37424 ], [ 6.04054, 52.37371 ], [ 6.04105, 52.37498 ], [ 6.04156, 52.37629 ], [ 6.04294, 52.37594 ], [ 6.04474, 52.37838 ], [ 6.04487, 52.37844 ], [ 6.04524, 52.37834 ], [ 6.04554, 52.37868 ], [ 6.04622, 52.37984 ], [ 6.0465, 52.38067 ], [ 6.04656, 52.38101 ], [ 6.04767, 52.3812 ], [ 6.04804, 52.38119 ], [ 6.04825, 52.3822 ], [ 6.04845, 52.38289 ], [ 6.04922, 52.38591 ], [ 6.04924, 52.38605 ], [ 6.04918, 52.3861 ], [ 6.04849, 52.38565 ], [ 6.04725, 52.38497 ], [ 6.04712, 52.38483 ], [ 6.04705, 52.38461 ], [ 6.04696, 52.38442 ], [ 6.04696, 52.38408 ], [ 6.04685, 52.3836 ], [ 6.04685, 52.38296 ], [ 6.04683, 52.38283 ], [ 6.04575, 52.38302 ], [ 6.04548, 52.38302 ], [ 6.04533, 52.38301 ], [ 6.04526, 52.38297 ], [ 6.04481, 52.38303 ], [ 6.04508, 52.38228 ], [ 6.04484, 52.38078 ], [ 6.04481, 52.38043 ], [ 6.04472, 52.38023 ], [ 6.04373, 52.37931 ], [ 6.04237, 52.38026 ], [ 6.04229, 52.38049 ], [ 6.04151, 52.38059 ], [ 6.04137, 52.38048 ], [ 6.0406, 52.37943 ], [ 6.03931, 52.37966 ], [ 6.03894, 52.37967 ], [ 6.03859, 52.37958 ], [ 6.03782, 52.37943 ], [ 6.03597, 52.37933 ], [ 6.03381, 52.37996 ], [ 6.03328, 52.38016 ], [ 6.03329, 52.38028 ], [ 6.03314, 52.38036 ], [ 6.0331, 52.38052 ], [ 6.034, 52.38159 ], [ 6.03323, 52.38188 ], [ 6.03274, 52.38183 ], [ 6.03159, 52.38224 ], [ 6.03156, 52.38235 ], [ 6.03175, 52.38274 ], [ 6.03048, 52.38302 ], [ 6.03043, 52.38319 ], [ 6.03065, 52.3835 ], [ 6.03066, 52.38362 ], [ 6.03035, 52.38361 ], [ 6.03005, 52.3838 ], [ 6.02961, 52.38395 ], [ 6.02892, 52.38423 ], [ 6.02833, 52.3844 ], [ 6.02782, 52.38432 ], [ 6.02765, 52.38415 ], [ 6.02753, 52.38413 ], [ 6.02626, 52.38424 ], [ 6.02599, 52.38425 ], [ 6.02575, 52.38434 ], [ 6.02524, 52.38425 ], [ 6.02483, 52.38429 ], [ 6.02448, 52.38445 ], [ 6.02618, 52.38606 ], [ 6.02633, 52.38631 ], [ 6.02625, 52.38677 ], [ 6.02336, 52.38709 ], [ 6.02223, 52.38718 ], [ 6.02168, 52.38718 ], [ 6.01774, 52.38711 ], [ 6.01647, 52.3872 ], [ 6.01459, 52.38749 ], [ 6.01311, 52.38786 ], [ 6.0128, 52.38797 ], [ 6.01272, 52.38776 ], [ 6.0125, 52.38741 ], [ 6.01213, 52.38724 ], [ 6.01172, 52.3871 ], [ 6.01148, 52.38679 ], [ 6.01126, 52.38668 ], [ 6.01108, 52.38644 ], [ 6.01085, 52.38638 ], [ 6.0104, 52.38604 ], [ 6.00919, 52.38588 ], [ 6.00441, 52.38649 ], [ 6.00488, 52.38736 ], [ 6.00427, 52.3875 ], [ 6.00323, 52.38739 ], [ 6.00212, 52.38735 ], [ 6.0021, 52.38753 ], [ 6.00234, 52.38771 ], [ 6.00274, 52.38829 ], [ 6.00222, 52.38876 ], [ 6.00158, 52.38891 ], [ 6.00123, 52.38896 ], [ 6.0004, 52.38896 ], [ 6.00018, 52.38903 ], [ 5.99991, 52.38914 ], [ 5.99874, 52.38945 ], [ 5.99818, 52.38958 ], [ 5.99813, 52.38966 ], [ 5.99656, 52.39019 ], [ 5.99643, 52.39003 ], [ 5.9962, 52.39003 ], [ 5.99583, 52.38978 ], [ 5.99526, 52.38926 ], [ 5.99517, 52.38911 ], [ 5.99516, 52.38877 ], [ 5.99505, 52.38846 ], [ 5.9947, 52.38808 ], [ 5.99448, 52.38788 ], [ 5.99419, 52.38743 ], [ 5.99377, 52.38683 ], [ 5.99177, 52.38731 ], [ 5.99076, 52.38659 ], [ 5.99011, 52.38616 ], [ 5.99052, 52.38591 ], [ 5.99101, 52.38569 ], [ 5.99128, 52.38567 ], [ 5.99133, 52.38515 ], [ 5.99132, 52.38476 ], [ 5.99152, 52.38412 ], [ 5.99144, 52.38392 ], [ 5.99294, 52.38361 ], [ 5.99348, 52.38365 ], [ 5.99389, 52.38338 ], [ 5.9941, 52.38319 ], [ 5.9944, 52.38299 ], [ 5.99451, 52.38283 ], [ 5.99536, 52.38248 ], [ 5.99553, 52.3823 ], [ 5.99552, 52.38219 ], [ 5.9954, 52.38201 ], [ 5.99525, 52.38189 ], [ 5.99511, 52.38174 ], [ 5.99511, 52.38161 ], [ 5.99519, 52.38152 ], [ 5.99549, 52.38148 ], [ 5.99554, 52.38136 ], [ 5.99541, 52.38125 ], [ 5.99533, 52.38101 ], [ 5.99547, 52.38062 ], [ 5.99563, 52.38041 ], [ 5.99598, 52.38046 ], [ 5.99621, 52.38043 ], [ 5.99682, 52.38048 ], [ 5.99658, 52.38021 ], [ 5.99859, 52.38021 ], [ 5.99859, 52.38061 ], [ 5.99865, 52.38086 ], [ 5.99869, 52.38121 ], [ 5.99888, 52.38186 ], [ 5.99899, 52.38213 ], [ 5.99996, 52.38179 ], [ 5.99999, 52.38196 ], [ 6.00006, 52.38216 ], [ 6.00097, 52.38271 ], [ 6.00109, 52.38302 ], [ 6.0013, 52.3831 ], [ 6.00131, 52.38334 ], [ 6.00146, 52.38341 ], [ 6.0016, 52.38329 ], [ 6.00171, 52.38312 ], [ 6.00151, 52.38291 ], [ 6.00152, 52.38277 ], [ 6.00184, 52.38271 ], [ 6.00203, 52.38271 ], [ 6.00242, 52.38248 ], [ 6.00266, 52.38232 ], [ 6.0028, 52.38198 ], [ 6.00291, 52.38177 ], [ 6.00293, 52.38159 ], [ 6.00289, 52.38144 ], [ 6.0028, 52.38133 ], [ 6.003, 52.37931 ], [ 6.00304, 52.37922 ], [ 6.00318, 52.37912 ], [ 6.00329, 52.37843 ], [ 6.00336, 52.37779 ], [ 6.00376, 52.37532 ], [ 6.00393, 52.37496 ], [ 6.00417, 52.37487 ], [ 6.00432, 52.37495 ], [ 6.00447, 52.37492 ], [ 6.00464, 52.3747 ], [ 6.00855, 52.37364 ], [ 6.00904, 52.37363 ], [ 6.00974, 52.37393 ], [ 6.01276, 52.37554 ], [ 6.0134, 52.37585 ], [ 6.01407, 52.37614 ], [ 6.01747, 52.37769 ], [ 6.01792, 52.37744 ], [ 6.01832, 52.37757 ], [ 6.01864, 52.37753 ], [ 6.0198, 52.3769 ], [ 6.02026, 52.37584 ], [ 6.02013, 52.37535 ], [ 6.01902, 52.37394 ], [ 6.01918, 52.37377 ], [ 6.01922, 52.37359 ], [ 6.01925, 52.37333 ], [ 6.01893, 52.37281 ], [ 6.0191, 52.37278 ], [ 6.01917, 52.37281 ], [ 6.0193, 52.37305 ], [ 6.01938, 52.37307 ], [ 6.01959, 52.37301 ], [ 6.01969, 52.37293 ], [ 6.01991, 52.37286 ], [ 6.02092, 52.37231 ], [ 6.02099, 52.37234 ] ] } },
{ "type": "Feature", "properties": { "klompenpad_naam": "Holhorsterpad", "url": "https://klompenpaden.nl/klompenpaden/Holhorsterpad/e62215f6-9ce1-41f5-a897-cc96ea1759e0", "date": "2024-03-01" }, "geometry": { "type": "LineString", "coordinates": [ [ 5.98985, 52.2557 ], [ 5.98998, 52.25572 ], [ 5.9903, 52.25616 ], [ 5.99026, 52.25626 ], [ 5.98983, 52.25646 ], [ 5.98945, 52.25674 ], [ 5.98914, 52.25688 ], [ 5.98729, 52.25696 ], [ 5.98655, 52.25695 ], [ 5.98567, 52.25684 ], [ 5.98494, 52.25667 ], [ 5.98341, 52.25614 ], [ 5.9829, 52.25601 ], [ 5.98259, 52.25598 ], [ 5.98243, 52.25593 ], [ 5.98223, 52.2551 ], [ 5.98183, 52.25517 ], [ 5.98174, 52.25498 ], [ 5.98142, 52.25454 ], [ 5.98112, 52.25395 ], [ 5.98065, 52.2532 ], [ 5.98039, 52.25274 ], [ 5.98025, 52.25242 ], [ 5.97492, 52.25301 ], [ 5.97429, 52.25104 ], [ 5.97271, 52.24743 ], [ 5.97614, 52.24736 ], [ 5.97627, 52.24735 ], [ 5.97824, 52.2473 ], [ 5.97808, 52.24687 ], [ 5.97776, 52.24689 ], [ 5.97729, 52.24543 ], [ 5.97704, 52.24503 ], [ 5.97681, 52.24488 ], [ 5.9766, 52.24456 ], [ 5.97628, 52.24377 ], [ 5.97641, 52.24376 ], [ 5.97671, 52.24451 ], [ 5.97685, 52.24458 ], [ 5.97717, 52.24468 ], [ 5.97697, 52.24433 ], [ 5.97683, 52.24433 ], [ 5.97633, 52.24302 ], [ 5.97666, 52.243 ], [ 5.97633, 52.24301 ], [ 5.97564, 52.24102 ], [ 5.97534, 52.24051 ], [ 5.97526, 52.24004 ], [ 5.97512, 52.23961 ], [ 5.97509, 52.23943 ], [ 5.97503, 52.23927 ], [ 5.97508, 52.23917 ], [ 5.97499, 52.23912 ], [ 5.97497, 52.23901 ], [ 5.97497, 52.2388 ], [ 5.97519, 52.23876 ], [ 5.97519, 52.23869 ], [ 5.97569, 52.2387 ], [ 5.97595, 52.239 ], [ 5.97668, 52.23907 ], [ 5.97738, 52.23919 ], [ 5.9773, 52.23944 ], [ 5.97726, 52.23971 ], [ 5.97744, 52.24038 ], [ 5.97798, 52.24042 ], [ 5.97955, 52.24048 ], [ 5.97975, 52.24058 ], [ 5.98101, 52.24158 ], [ 5.98107, 52.24181 ], [ 5.98104, 52.24223 ], [ 5.98091, 52.24322 ], [ 5.98078, 52.2437 ], [ 5.98291, 52.24405 ], [ 5.98435, 52.24409 ], [ 5.98519, 52.24462 ], [ 5.98624, 52.24515 ], [ 5.98713, 52.24557 ], [ 5.98688, 52.24576 ], [ 5.98676, 52.24577 ], [ 5.98557, 52.24597 ], [ 5.98428, 52.24622 ], [ 5.98337, 52.24645 ], [ 5.98271, 52.24659 ], [ 5.98161, 52.24653 ], [ 5.98108, 52.24652 ], [ 5.98056, 52.24654 ], [ 5.98083, 52.24714 ], [ 5.98356, 52.24691 ], [ 5.98449, 52.24697 ], [ 5.98455, 52.24706 ], [ 5.98462, 52.24707 ], [ 5.9849, 52.24763 ], [ 5.98625, 52.24733 ], [ 5.98631, 52.24738 ], [ 5.9871, 52.24719 ], [ 5.98747, 52.24717 ], [ 5.98816, 52.24718 ], [ 5.98916, 52.24727 ], [ 5.98973, 52.24741 ], [ 5.9921, 52.24775 ], [ 5.99268, 52.2478 ], [ 5.99405, 52.24789 ], [ 5.99523, 52.24803 ], [ 5.99661, 52.24834 ], [ 6.00104, 52.24947 ], [ 6.00125, 52.24956 ], [ 6.00173, 52.24996 ], [ 6.00194, 52.25 ], [ 6.00222, 52.24994 ], [ 6.00237, 52.24979 ], [ 6.00254, 52.24951 ], [ 6.00273, 52.24913 ], [ 6.00507, 52.24954 ], [ 6.00574, 52.25012 ], [ 6.00676, 52.25035 ], [ 6.00692, 52.25009 ], [ 6.00707, 52.24998 ], [ 6.00727, 52.24995 ], [ 6.00738, 52.24984 ], [ 6.0076, 52.24972 ], [ 6.00772, 52.2497 ], [ 6.00794, 52.24973 ], [ 6.00818, 52.24981 ], [ 6.00873, 52.24991 ], [ 6.00923, 52.24985 ], [ 6.00947, 52.24968 ], [ 6.00964, 52.24954 ], [ 6.00965, 52.24937 ], [ 6.00955, 52.24922 ], [ 6.00952, 52.24908 ], [ 6.00955, 52.24893 ], [ 6.00971, 52.2488 ], [ 6.00978, 52.24872 ], [ 6.00979, 52.24864 ], [ 6.00962, 52.24789 ], [ 6.00991, 52.24782 ], [ 6.01014, 52.24769 ], [ 6.01028, 52.24753 ], [ 6.0104, 52.24734 ], [ 6.01057, 52.24712 ], [ 6.01083, 52.24695 ], [ 6.01123, 52.24682 ], [ 6.01157, 52.24642 ], [ 6.01172, 52.24635 ], [ 6.01189, 52.24628 ], [ 6.01224, 52.24622 ], [ 6.01258, 52.24626 ], [ 6.01289, 52.24639 ], [ 6.01313, 52.24657 ], [ 6.01333, 52.24666 ], [ 6.01355, 52.24674 ], [ 6.01395, 52.24675 ], [ 6.0142, 52.24684 ], [ 6.0144, 52.24701 ], [ 6.01446, 52.24712 ], [ 6.01454, 52.24712 ], [ 6.01482, 52.24804 ], [ 6.01496, 52.24818 ], [ 6.01464, 52.24839 ], [ 6.01443, 52.24857 ], [ 6.01224, 52.2507 ], [ 6.01164, 52.25133 ], [ 6.01108, 52.25195 ], [ 6.01018, 52.25299 ], [ 6.01004, 52.25295 ], [ 6.01021, 52.25274 ], [ 6.0078, 52.25299 ], [ 6.00715, 52.25307 ], [ 6.00688, 52.25318 ], [ 6.00576, 52.25356 ], [ 6.00588, 52.25479 ], [ 6.00645, 52.25504 ], [ 6.00733, 52.25533 ], [ 6.00833, 52.2556 ], [ 6.00751, 52.25692 ], [ 6.00736, 52.25702 ], [ 6.00597, 52.25669 ], [ 6.00086, 52.25579 ], [ 5.9999, 52.25567 ], [ 5.99891, 52.25558 ], [ 5.99788, 52.25562 ], [ 5.99658, 52.25578 ], [ 5.99414, 52.25615 ], [ 5.99334, 52.25596 ], [ 5.99285, 52.25592 ], [ 5.99097, 52.2562 ], [ 5.9903, 52.25616 ] ] } },
{ "type": "Feature", "properties": { "klompenpad_naam": "Hoeverveldpad", "url": "https://klompenpaden.nl/klompenpaden/Hoeverveldpad/38ec6f6f-840f-497b-b762-b68f7c327839", "date": null }, "geometry": { "type": "LineString", "coordinates": [ [ 5.56694, 52.27126 ], [ 5.56717, 52.27136 ], [ 5.569, 52.27088 ], [ 5.56981, 52.27205 ], [ 5.57058, 52.27188 ], [ 5.5708, 52.27218 ], [ 5.57039, 52.27228 ], [ 5.57004, 52.27244 ], [ 5.5695, 52.2725 ], [ 5.56933, 52.27254 ], [ 5.56991, 52.27336 ], [ 5.5646, 52.27471 ], [ 5.56331, 52.27501 ], [ 5.56258, 52.27392 ], [ 5.56227, 52.2734 ], [ 5.56207, 52.27329 ], [ 5.56152, 52.27326 ], [ 5.56117, 52.2732 ], [ 5.56099, 52.27311 ], [ 5.56077, 52.27276 ], [ 5.56056, 52.27252 ], [ 5.56008, 52.27191 ], [ 5.55979, 52.27196 ], [ 5.55876, 52.2704 ], [ 5.56107, 52.26984 ], [ 5.561, 52.2697 ], [ 5.55911, 52.26796 ], [ 5.55851, 52.26739 ], [ 5.55746, 52.26801 ], [ 5.55509, 52.2691 ], [ 5.55416, 52.26941 ], [ 5.55366, 52.26966 ], [ 5.55278, 52.26973 ], [ 5.55226, 52.26972 ], [ 5.55179, 52.26968 ], [ 5.55055, 52.26941 ], [ 5.55017, 52.26944 ], [ 5.54946, 52.26942 ], [ 5.5473, 52.26929 ], [ 5.54598, 52.26917 ], [ 5.54549, 52.26906 ], [ 5.54462, 52.26898 ], [ 5.54431, 52.26898 ], [ 5.54396, 52.26908 ], [ 5.53868, 52.26872 ], [ 5.53964, 52.26661 ], [ 5.53971, 52.26639 ], [ 5.53904, 52.26637 ], [ 5.53751, 52.2662 ], [ 5.53567, 52.26679 ], [ 5.53399, 52.2673 ], [ 5.53346, 52.26653 ], [ 5.53261, 52.26538 ], [ 5.53274, 52.26524 ], [ 5.53286, 52.2652 ], [ 5.53276, 52.265 ], [ 5.53233, 52.26458 ], [ 5.53235, 52.26446 ], [ 5.53212, 52.26431 ], [ 5.53187, 52.26398 ], [ 5.5315, 52.26366 ], [ 5.53119, 52.26352 ], [ 5.53065, 52.26344 ], [ 5.52959, 52.26351 ], [ 5.52912, 52.26342 ], [ 5.52917, 52.26291 ], [ 5.52937, 52.26251 ], [ 5.52931, 52.26225 ], [ 5.52934, 52.26192 ], [ 5.52904, 52.26181 ], [ 5.52871, 52.26177 ], [ 5.52812, 52.2615 ], [ 5.52784, 52.2614 ], [ 5.52739, 52.26102 ], [ 5.52706, 52.2606 ], [ 5.52588, 52.26007 ], [ 5.52411, 52.25932 ], [ 5.52368, 52.25934 ], [ 5.52295, 52.25944 ], [ 5.52198, 52.25947 ], [ 5.52198, 52.2594 ], [ 5.52325, 52.25924 ], [ 5.52414, 52.25891 ], [ 5.52458, 52.25869 ], [ 5.52503, 52.25859 ], [ 5.52587, 52.25859 ], [ 5.52544, 52.25848 ], [ 5.52458, 52.25853 ], [ 5.52197, 52.25763 ], [ 5.52168, 52.25741 ], [ 5.5202, 52.25692 ], [ 5.51834, 52.2567 ], [ 5.51604, 52.25592 ], [ 5.51585, 52.25581 ], [ 5.51997, 52.25451 ], [ 5.51991, 52.2541 ], [ 5.52011, 52.254 ], [ 5.52046, 52.25395 ], [ 5.52096, 52.25398 ], [ 5.5218, 52.25427 ], [ 5.52511, 52.2541 ], [ 5.52721, 52.25387 ], [ 5.52922, 52.25343 ], [ 5.53113, 52.25297 ], [ 5.5348, 52.25214 ], [ 5.53657, 52.25157 ], [ 5.53669, 52.25119 ], [ 5.53619, 52.25048 ], [ 5.5339, 52.24756 ], [ 5.53918, 52.24603 ], [ 5.53936, 52.24612 ], [ 5.54124, 52.24649 ], [ 5.54391, 52.24636 ], [ 5.54575, 52.24633 ], [ 5.54615, 52.24637 ], [ 5.54669, 52.24649 ], [ 5.54712, 52.24668 ], [ 5.55014, 52.24766 ], [ 5.55028, 52.24804 ], [ 5.54883, 52.25047 ], [ 5.55612, 52.25184 ], [ 5.55632, 52.25343 ], [ 5.557, 52.25467 ], [ 5.55621, 52.25486 ], [ 5.55822, 52.25824 ], [ 5.56058, 52.26203 ], [ 5.55759, 52.26245 ], [ 5.55759, 52.26257 ], [ 5.55803, 52.26291 ], [ 5.55902, 52.26403 ], [ 5.55948, 52.2645 ], [ 5.55999, 52.26498 ], [ 5.56077, 52.26552 ], [ 5.56283, 52.26669 ], [ 5.56321, 52.26677 ], [ 5.56459, 52.26884 ], [ 5.56615, 52.27122 ], [ 5.56682, 52.27108 ], [ 5.56694, 52.27126 ] ] } },
{ "type": "Feature", "properties": { "klompenpad_naam": "Hoenwaardsepad", "url": "https://klompenpaden.nl/klompenpaden/Hoenwaardsepad/e00517ee-fab4-46c7-b6e4-bdaafcad3586", "date": null }, "geometry": { "type": "LineString", "coordinates": [ [ 6.07893, 52.4612 ], [ 6.07843, 52.46105 ], [ 6.07601, 52.46066 ], [ 6.07608, 52.46017 ], [ 6.07251, 52.45964 ], [ 6.07044, 52.45932 ], [ 6.06947, 52.45915 ], [ 6.06963, 52.45937 ], [ 6.07004, 52.45978 ], [ 6.07012, 52.4599 ], [ 6.07013, 52.46005 ], [ 6.07008, 52.46025 ], [ 6.06998, 52.46037 ], [ 6.06985, 52.46047 ], [ 6.06966, 52.46057 ], [ 6.0695, 52.46061 ], [ 6.0693, 52.46062 ], [ 6.06888, 52.46057 ], [ 6.06829, 52.46044 ], [ 6.0672, 52.46015 ], [ 6.06579, 52.46001 ], [ 6.06582, 52.46046 ], [ 6.06597, 52.46088 ], [ 6.0661, 52.46115 ], [ 6.06619, 52.46131 ], [ 6.06604, 52.46136 ], [ 6.06576, 52.46141 ], [ 6.06572, 52.46169 ], [ 6.06566, 52.46277 ], [ 6.06487, 52.46273 ], [ 6.06453, 52.4627 ], [ 6.06357, 52.46268 ], [ 6.06072, 52.46266 ], [ 6.05959, 52.46263 ], [ 6.05956, 52.46317 ], [ 6.05526, 52.4627 ], [ 6.05526, 52.46254 ], [ 6.05515, 52.46248 ], [ 6.05507, 52.46245 ], [ 6.05502, 52.46237 ], [ 6.055, 52.46228 ], [ 6.05501, 52.46221 ], [ 6.05509, 52.46212 ], [ 6.05519, 52.46205 ], [ 6.05525, 52.46178 ], [ 6.05523, 52.46168 ], [ 6.05521, 52.46163 ], [ 6.05477, 52.46153 ], [ 6.05481, 52.46144 ], [ 6.05486, 52.4614 ], [ 6.05495, 52.46138 ], [ 6.05519, 52.46126 ], [ 6.05451, 52.46109 ], [ 6.05199, 52.46072 ], [ 6.0518, 52.46063 ], [ 6.05177, 52.46064 ], [ 6.05202, 52.46122 ], [ 6.05226, 52.46168 ], [ 6.05262, 52.46253 ], [ 6.05278, 52.46286 ], [ 6.0528, 52.46298 ], [ 6.05254, 52.46294 ], [ 6.05228, 52.46297 ], [ 6.05193, 52.46299 ], [ 6.05136, 52.46272 ], [ 6.05049, 52.46252 ], [ 6.05026, 52.46243 ], [ 6.05002, 52.46232 ], [ 6.04974, 52.46209 ], [ 6.04965, 52.46199 ], [ 6.04931, 52.46188 ], [ 6.04923, 52.46189 ], [ 6.04912, 52.46191 ], [ 6.04863, 52.46211 ], [ 6.04801, 52.46232 ], [ 6.04728, 52.46247 ], [ 6.04689, 52.46282 ], [ 6.04666, 52.46301 ], [ 6.04667, 52.46311 ], [ 6.04673, 52.46317 ], [ 6.04693, 52.46321 ], [ 6.04808, 52.46406 ], [ 6.04815, 52.46425 ], [ 6.04645, 52.46426 ], [ 6.04469, 52.46417 ], [ 6.04647, 52.46572 ], [ 6.04689, 52.46566 ], [ 6.04829, 52.46663 ], [ 6.05013, 52.4651 ], [ 6.05205, 52.46603 ], [ 6.05236, 52.46574 ], [ 6.05249, 52.46555 ], [ 6.05252, 52.46524 ], [ 6.05274, 52.46552 ], [ 6.05293, 52.46567 ], [ 6.05319, 52.46579 ], [ 6.05342, 52.46584 ], [ 6.05393, 52.46591 ], [ 6.05425, 52.46599 ], [ 6.05445, 52.4661 ], [ 6.05493, 52.46583 ], [ 6.05486, 52.4657 ], [ 6.05487, 52.46563 ], [ 6.05507, 52.46564 ], [ 6.05525, 52.46572 ], [ 6.05545, 52.46566 ], [ 6.0554, 52.46555 ], [ 6.05541, 52.46545 ], [ 6.05548, 52.46525 ], [ 6.05569, 52.46486 ], [ 6.05582, 52.46486 ], [ 6.05905, 52.46531 ], [ 6.05919, 52.46537 ], [ 6.05928, 52.46546 ], [ 6.0591, 52.46711 ], [ 6.05902, 52.46736 ], [ 6.05881, 52.46777 ], [ 6.05863, 52.46799 ], [ 6.05848, 52.46814 ], [ 6.05838, 52.46829 ], [ 6.05839, 52.46846 ], [ 6.05846, 52.46853 ], [ 6.05857, 52.46858 ], [ 6.05875, 52.46862 ], [ 6.06011, 52.46855 ], [ 6.06063, 52.47078 ], [ 6.06086, 52.47077 ], [ 6.06111, 52.47072 ], [ 6.06163, 52.47058 ], [ 6.0621, 52.47035 ], [ 6.06246, 52.47022 ], [ 6.06268, 52.47017 ], [ 6.06288, 52.47015 ], [ 6.063, 52.47017 ], [ 6.06303, 52.47019 ], [ 6.06317, 52.47021 ], [ 6.06328, 52.46995 ], [ 6.06394, 52.47028 ], [ 6.06403, 52.47029 ], [ 6.0666, 52.47002 ], [ 6.0673, 52.47122 ], [ 6.06772, 52.47114 ], [ 6.06784, 52.47107 ], [ 6.06819, 52.47129 ], [ 6.0683, 52.4713 ], [ 6.07261, 52.47088 ], [ 6.07316, 52.47085 ], [ 6.07392, 52.47092 ], [ 6.07386, 52.47098 ], [ 6.07323, 52.47317 ], [ 6.07341, 52.47329 ], [ 6.07332, 52.47342 ], [ 6.07323, 52.47349 ], [ 6.07319, 52.47357 ], [ 6.07276, 52.47387 ], [ 6.07217, 52.47416 ], [ 6.07227, 52.47432 ], [ 6.07239, 52.47445 ], [ 6.0729, 52.47468 ], [ 6.07311, 52.47449 ], [ 6.07405, 52.47378 ], [ 6.07492, 52.47302 ], [ 6.07529, 52.47279 ], [ 6.07578, 52.47262 ], [ 6.07616, 52.47254 ], [ 6.07879, 52.47206 ], [ 6.07931, 52.47189 ], [ 6.07966, 52.47175 ], [ 6.08227, 52.47032 ], [ 6.0824, 52.47021 ], [ 6.08248, 52.47009 ], [ 6.08258, 52.46987 ], [ 6.08281, 52.46881 ], [ 6.08282, 52.46867 ], [ 6.0828, 52.46837 ], [ 6.08274, 52.46807 ], [ 6.08272, 52.46787 ], [ 6.08275, 52.4677 ], [ 6.08287, 52.46752 ], [ 6.08301, 52.46736 ], [ 6.08336, 52.46691 ], [ 6.08338, 52.46683 ], [ 6.08332, 52.46636 ], [ 6.08313, 52.46566 ], [ 6.08319, 52.4656 ], [ 6.08334, 52.46559 ], [ 6.08347, 52.46553 ], [ 6.08351, 52.46546 ], [ 6.08343, 52.4653 ], [ 6.0833, 52.46496 ], [ 6.08312, 52.46468 ], [ 6.08285, 52.46429 ], [ 6.08261, 52.464 ], [ 6.08248, 52.46389 ], [ 6.08089, 52.46203 ], [ 6.0808, 52.46195 ], [ 6.08094, 52.46163 ], [ 6.08112, 52.46138 ], [ 6.08169, 52.46171 ], [ 6.08289, 52.46164 ], [ 6.08266, 52.46078 ], [ 6.08254, 52.4606 ], [ 6.0825, 52.4603 ], [ 6.08235, 52.46024 ], [ 6.08218, 52.46027 ], [ 6.08212, 52.46039 ], [ 6.08197, 52.46051 ], [ 6.08157, 52.46076 ], [ 6.08127, 52.4607 ], [ 6.08101, 52.46059 ], [ 6.08078, 52.46057 ], [ 6.08069, 52.46057 ], [ 6.08072, 52.46075 ], [ 6.08034, 52.46073 ], [ 6.08033, 52.46063 ], [ 6.08025, 52.46048 ], [ 6.08028, 52.46028 ], [ 6.08021, 52.46011 ], [ 6.08018, 52.45996 ], [ 6.08022, 52.45991 ], [ 6.08029, 52.45977 ], [ 6.08014, 52.45987 ], [ 6.07961, 52.45993 ], [ 6.0785, 52.45787 ], [ 6.07826, 52.45729 ], [ 6.07821, 52.45709 ], [ 6.07819, 52.45681 ], [ 6.07785, 52.45681 ], [ 6.07765, 52.45682 ], [ 6.07743, 52.45685 ], [ 6.07699, 52.45693 ], [ 6.07719, 52.45727 ], [ 6.07769, 52.45766 ], [ 6.07803, 52.45827 ], [ 6.07853, 52.45905 ], [ 6.079, 52.4601 ], [ 6.07954, 52.46137 ], [ 6.07893, 52.4612 ] ] } },
{ "type": "Feature", "properties": { "klompenpad_naam": "Hiensepad", "url": "https://klompenpaden.nl/klompenpaden/Hiensepad/2cee04d8-a4be-46b7-92ad-25a41aad2104", "date": null }, "geometry": { "type": "LineString", "coordinates": [ [ 5.65636, 51.91051 ], [ 5.65636, 51.91028 ], [ 5.65631, 51.91 ], [ 5.65664, 51.90995 ], [ 5.65705, 51.90982 ], [ 5.6575, 51.90941 ], [ 5.65918, 51.90902 ], [ 5.65963, 51.90881 ], [ 5.66108, 51.90802 ], [ 5.66189, 51.90777 ], [ 5.662, 51.90782 ], [ 5.66224, 51.90773 ], [ 5.66256, 51.90769 ], [ 5.66319, 51.90768 ], [ 5.66368, 51.90773 ], [ 5.66383, 51.90776 ], [ 5.6639, 51.90781 ], [ 5.66449, 51.90787 ], [ 5.66451, 51.90793 ], [ 5.6648, 51.90795 ], [ 5.66499, 51.90804 ], [ 5.66522, 51.90869 ], [ 5.66538, 51.90897 ], [ 5.66554, 51.90909 ], [ 5.66566, 51.9094 ], [ 5.66601, 51.90941 ], [ 5.66617, 51.90937 ], [ 5.66646, 51.90938 ], [ 5.66671, 51.90932 ], [ 5.66787, 51.90931 ], [ 5.66872, 51.90938 ], [ 5.67005, 51.90945 ], [ 5.67, 51.91019 ], [ 5.66983, 51.91195 ], [ 5.67118, 51.91195 ], [ 5.67158, 51.91199 ], [ 5.67191, 51.91214 ], [ 5.67241, 51.91178 ], [ 5.67249, 51.91099 ], [ 5.67247, 51.91076 ], [ 5.67252, 51.9105 ], [ 5.67261, 51.90935 ], [ 5.67253, 51.90843 ], [ 5.67243, 51.90837 ], [ 5.67229, 51.90822 ], [ 5.67241, 51.90813 ], [ 5.67243, 51.90792 ], [ 5.67242, 51.90778 ], [ 5.67278, 51.90738 ], [ 5.67224, 51.90747 ], [ 5.67207, 51.90745 ], [ 5.67247, 51.90716 ], [ 5.67528, 51.90628 ], [ 5.67628, 51.906 ], [ 5.67782, 51.90545 ], [ 5.67842, 51.90511 ], [ 5.68, 51.90459 ], [ 5.681, 51.90394 ], [ 5.68149, 51.90413 ], [ 5.68204, 51.9042 ], [ 5.68246, 51.90422 ], [ 5.68635, 51.9051 ], [ 5.68855, 51.90537 ], [ 5.68915, 51.9053 ], [ 5.68979, 51.90513 ], [ 5.69014, 51.90602 ], [ 5.69117, 51.90618 ], [ 5.69222, 51.9061 ], [ 5.69242, 51.90605 ], [ 5.6924, 51.90552 ], [ 5.69223, 51.90464 ], [ 5.69392, 51.90432 ], [ 5.6952, 51.90428 ], [ 5.69661, 51.90421 ], [ 5.70288, 51.90418 ], [ 5.70292, 51.90372 ], [ 5.70354, 51.90171 ], [ 5.70368, 51.90161 ], [ 5.70586, 51.90186 ], [ 5.70601, 51.90128 ], [ 5.70631, 51.90036 ], [ 5.70647, 51.9 ], [ 5.70664, 51.89975 ], [ 5.70699, 51.89962 ], [ 5.70654, 51.89894 ], [ 5.7064, 51.89811 ], [ 5.70638, 51.89776 ], [ 5.70622, 51.8977 ], [ 5.70614, 51.89753 ], [ 5.70519, 51.89703 ], [ 5.70441, 51.89745 ], [ 5.70413, 51.89778 ], [ 5.70363, 51.89803 ], [ 5.70328, 51.89796 ], [ 5.70278, 51.89825 ], [ 5.70256, 51.89825 ], [ 5.70243, 51.89815 ], [ 5.70226, 51.8979 ], [ 5.70212, 51.8979 ], [ 5.70188, 51.89778 ], [ 5.70213, 51.89767 ], [ 5.70244, 51.89747 ], [ 5.70337, 51.89696 ], [ 5.70396, 51.8968 ], [ 5.70456, 51.8967 ], [ 5.7038, 51.89657 ], [ 5.70333, 51.89674 ], [ 5.70218, 51.89707 ], [ 5.70149, 51.89744 ], [ 5.7012, 51.89746 ], [ 5.69886, 51.8973 ], [ 5.69846, 51.89738 ], [ 5.69564, 51.89758 ], [ 5.69529, 51.8977 ], [ 5.69507, 51.89787 ], [ 5.69486, 51.89784 ], [ 5.69448, 51.89783 ], [ 5.69358, 51.8979 ], [ 5.69176, 51.89794 ], [ 5.69021, 51.89804 ], [ 5.68987, 51.89816 ], [ 5.68965, 51.89837 ], [ 5.68948, 51.89863 ], [ 5.68841, 51.89857 ], [ 5.68782, 51.89868 ], [ 5.68739, 51.89886 ], [ 5.68585, 51.89921 ], [ 5.68425, 51.89961 ], [ 5.68409, 51.89954 ], [ 5.68377, 51.8995 ], [ 5.67729, 51.89896 ], [ 5.67415, 51.89912 ], [ 5.6736, 51.89975 ], [ 5.67237, 51.90075 ], [ 5.67021, 51.90228 ], [ 5.66962, 51.9024 ], [ 5.66881, 51.90276 ], [ 5.66854, 51.90292 ], [ 5.66819, 51.9032 ], [ 5.66807, 51.90354 ], [ 5.66776, 51.90379 ], [ 5.66746, 51.90391 ], [ 5.66725, 51.90427 ], [ 5.66702, 51.9045 ], [ 5.66674, 51.90468 ], [ 5.66573, 51.90506 ], [ 5.6653, 51.90527 ], [ 5.66437, 51.90539 ], [ 5.66404, 51.90536 ], [ 5.66343, 51.90498 ], [ 5.66315, 51.90501 ], [ 5.66141, 51.90557 ], [ 5.66039, 51.90544 ], [ 5.65904, 51.90451 ], [ 5.6589, 51.90433 ], [ 5.65861, 51.90422 ], [ 5.65767, 51.90468 ], [ 5.65655, 51.90501 ], [ 5.65549, 51.90537 ], [ 5.65538, 51.90553 ], [ 5.65514, 51.90612 ], [ 5.65528, 51.90614 ], [ 5.65526, 51.90621 ], [ 5.65512, 51.90639 ], [ 5.65483, 51.90648 ], [ 5.65445, 51.90645 ], [ 5.65319, 51.90596 ], [ 5.65191, 51.90556 ], [ 5.65193, 51.90568 ], [ 5.65208, 51.90576 ], [ 5.65192, 51.90597 ], [ 5.65137, 51.90605 ], [ 5.65146, 51.90627 ], [ 5.65179, 51.90667 ], [ 5.65216, 51.9069 ], [ 5.65264, 51.90695 ], [ 5.65259, 51.90711 ], [ 5.65248, 51.90722 ], [ 5.65148, 51.90768 ], [ 5.65112, 51.90779 ], [ 5.65123, 51.90792 ], [ 5.65159, 51.90846 ], [ 5.65197, 51.90835 ], [ 5.65227, 51.9081 ], [ 5.65233, 51.90788 ], [ 5.65233, 51.90774 ], [ 5.65253, 51.90774 ], [ 5.6525, 51.90759 ], [ 5.65273, 51.90731 ], [ 5.65286, 51.90759 ], [ 5.65299, 51.90772 ], [ 5.65327, 51.90779 ], [ 5.65388, 51.90769 ], [ 5.65419, 51.90823 ], [ 5.65526, 51.90913 ], [ 5.65617, 51.90866 ], [ 5.65649, 51.90993 ], [ 5.65605, 51.90994 ], [ 5.65613, 51.91027 ], [ 5.65612, 51.91052 ], [ 5.65636, 51.91051 ], [ 5.65636, 51.91051 ], [ 5.65636, 51.91028 ], [ 5.65631, 51.91 ], [ 5.65664, 51.90995 ], [ 5.65705, 51.90982 ], [ 5.6575, 51.90941 ], [ 5.65918, 51.90902 ], [ 5.65963, 51.90881 ], [ 5.66108, 51.90802 ], [ 5.66189, 51.90777 ], [ 5.662, 51.90782 ], [ 5.66224, 51.90773 ], [ 5.66256, 51.90769 ], [ 5.66319, 51.90768 ], [ 5.66368, 51.90773 ], [ 5.66383, 51.90776 ], [ 5.6639, 51.90781 ], [ 5.66449, 51.90787 ], [ 5.66451, 51.90793 ], [ 5.6648, 51.90795 ], [ 5.66499, 51.90804 ], [ 5.66522, 51.90869 ], [ 5.66538, 51.90897 ], [ 5.66554, 51.90909 ], [ 5.66566, 51.9094 ], [ 5.66601, 51.90941 ], [ 5.66617, 51.90937 ], [ 5.66646, 51.90938 ], [ 5.66671, 51.90932 ], [ 5.66787, 51.90931 ], [ 5.66872, 51.90938 ], [ 5.67005, 51.90945 ], [ 5.67, 51.91019 ], [ 5.66983, 51.91195 ], [ 5.67118, 51.91195 ], [ 5.67158, 51.91199 ], [ 5.67191, 51.91214 ], [ 5.67241, 51.91178 ], [ 5.67249, 51.91099 ], [ 5.67247, 51.91076 ], [ 5.67252, 51.9105 ], [ 5.67261, 51.90935 ], [ 5.67253, 51.90843 ], [ 5.67243, 51.90837 ], [ 5.67229, 51.90822 ], [ 5.67241, 51.90813 ], [ 5.67243, 51.90792 ], [ 5.67242, 51.90778 ], [ 5.67278, 51.90738 ], [ 5.67224, 51.90747 ], [ 5.67207, 51.90745 ], [ 5.67247, 51.90716 ], [ 5.67528, 51.90628 ], [ 5.67628, 51.906 ], [ 5.67782, 51.90545 ], [ 5.67842, 51.90511 ], [ 5.68, 51.90459 ], [ 5.681, 51.90394 ], [ 5.68149, 51.90413 ], [ 5.68204, 51.9042 ], [ 5.68246, 51.90422 ], [ 5.68635, 51.9051 ], [ 5.68855, 51.90537 ], [ 5.68915, 51.9053 ], [ 5.68979, 51.90513 ], [ 5.69014, 51.90602 ], [ 5.69117, 51.90618 ], [ 5.69222, 51.9061 ], [ 5.69242, 51.90605 ], [ 5.6924, 51.90552 ], [ 5.69223, 51.90464 ], [ 5.69392, 51.90432 ], [ 5.6952, 51.90428 ], [ 5.69661, 51.90421 ], [ 5.70288, 51.90418 ], [ 5.70292, 51.90372 ], [ 5.70354, 51.90171 ], [ 5.70368, 51.90161 ], [ 5.70586, 51.90186 ], [ 5.70601, 51.90128 ], [ 5.70631, 51.90036 ], [ 5.70647, 51.9 ], [ 5.70664, 51.89975 ], [ 5.70699, 51.89962 ], [ 5.70654, 51.89894 ], [ 5.7064, 51.89811 ], [ 5.70638, 51.89776 ], [ 5.70622, 51.8977 ], [ 5.70614, 51.89753 ], [ 5.70519, 51.89703 ], [ 5.70441, 51.89745 ], [ 5.70413, 51.89778 ], [ 5.70363, 51.89803 ], [ 5.70328, 51.89796 ], [ 5.70278, 51.89825 ], [ 5.70256, 51.89825 ], [ 5.70243, 51.89815 ], [ 5.70226, 51.8979 ], [ 5.70212, 51.8979 ], [ 5.70188, 51.89778 ], [ 5.70213, 51.89767 ], [ 5.70244, 51.89747 ], [ 5.70274, 51.89731 ], [ 5.70337, 51.89696 ], [ 5.70396, 51.8968 ], [ 5.70456, 51.8967 ], [ 5.7038, 51.89657 ], [ 5.70333, 51.89674 ], [ 5.70218, 51.89707 ], [ 5.70149, 51.89744 ], [ 5.7012, 51.89746 ], [ 5.69886, 51.8973 ], [ 5.69846, 51.89738 ], [ 5.69805, 51.89741 ], [ 5.69564, 51.89758 ], [ 5.69529, 51.8977 ], [ 5.69507, 51.89787 ], [ 5.69486, 51.89784 ], [ 5.69448, 51.89783 ], [ 5.69358, 51.8979 ], [ 5.69176, 51.89794 ], [ 5.69021, 51.89804 ], [ 5.68987, 51.89816 ], [ 5.68965, 51.89837 ], [ 5.68948, 51.89863 ], [ 5.68841, 51.89857 ], [ 5.68782, 51.89868 ], [ 5.68739, 51.89886 ], [ 5.68585, 51.89921 ], [ 5.68425, 51.89961 ], [ 5.68409, 51.89954 ], [ 5.68377, 51.8995 ], [ 5.68209, 51.89935 ], [ 5.67729, 51.89896 ], [ 5.67415, 51.89912 ], [ 5.6736, 51.89975 ], [ 5.67237, 51.90075 ], [ 5.67021, 51.90228 ], [ 5.66962, 51.9024 ], [ 5.66881, 51.90276 ], [ 5.66854, 51.90292 ], [ 5.66819, 51.9032 ], [ 5.66807, 51.90354 ], [ 5.66776, 51.90379 ], [ 5.66746, 51.90391 ], [ 5.66725, 51.90427 ], [ 5.66702, 51.9045 ], [ 5.66674, 51.90468 ], [ 5.66573, 51.90506 ], [ 5.6653, 51.90527 ], [ 5.66437, 51.90539 ], [ 5.66404, 51.90536 ], [ 5.66343, 51.90498 ], [ 5.66315, 51.90501 ], [ 5.66141, 51.90557 ], [ 5.66039, 51.90544 ], [ 5.65904, 51.90451 ], [ 5.6589, 51.90433 ], [ 5.65861, 51.90422 ], [ 5.65767, 51.90468 ], [ 5.65655, 51.90501 ], [ 5.65549, 51.90537 ], [ 5.65538, 51.90553 ], [ 5.65514, 51.90612 ], [ 5.65528, 51.90614 ], [ 5.65526, 51.90621 ], [ 5.65512, 51.90639 ], [ 5.65483, 51.90648 ], [ 5.65445, 51.90645 ], [ 5.65319, 51.90596 ], [ 5.65191, 51.90556 ], [ 5.65193, 51.90568 ], [ 5.65208, 51.90576 ], [ 5.65192, 51.90597 ], [ 5.65137, 51.90605 ], [ 5.65146, 51.90627 ], [ 5.65179, 51.90667 ], [ 5.65216, 51.9069 ], [ 5.65264, 51.90695 ], [ 5.65259, 51.90711 ], [ 5.65248, 51.90722 ], [ 5.65148, 51.90768 ], [ 5.65112, 51.90779 ], [ 5.65123, 51.90792 ], [ 5.65159, 51.90846 ], [ 5.65197, 51.90835 ], [ 5.65227, 51.9081 ], [ 5.65233, 51.90788 ], [ 5.65233, 51.90774 ], [ 5.65253, 51.90774 ], [ 5.6525, 51.90759 ], [ 5.65273, 51.90731 ], [ 5.65286, 51.90759 ], [ 5.65299, 51.90772 ], [ 5.65327, 51.90779 ], [ 5.65388, 51.90769 ], [ 5.65419, 51.90823 ], [ 5.65526, 51.90913 ], [ 5.65617, 51.90866 ], [ 5.65649, 51.90993 ], [ 5.65605, 51.90994 ], [ 5.65613, 51.91027 ], [ 5.65612, 51.91052 ], [ 5.65636, 51.91051 ] ] } },
{ "type": "Feature", "properties": { "klompenpad_naam": "Heuzesepad", "url": "https://klompenpaden.nl/klompenpaden/Heuzesepad/0037a2c6-163c-49f7-b843-1335920ec088", "date": null }, "geometry": { "type": "LineString", "coordinates": [ [ 5.60211, 51.94092 ], [ 5.603, 51.94141 ], [ 5.60267, 51.9417 ], [ 5.60267, 51.942 ], [ 5.60252, 51.94209 ], [ 5.59904, 51.94135 ], [ 5.59834, 51.94131 ], [ 5.59755, 51.94129 ], [ 5.59543, 51.94104 ], [ 5.59284, 51.94066 ], [ 5.59228, 51.9407 ], [ 5.59197, 51.94077 ], [ 5.59174, 51.94474 ], [ 5.59022, 51.94475 ], [ 5.58875, 51.94445 ], [ 5.58771, 51.94433 ], [ 5.58679, 51.94415 ], [ 5.58574, 51.94376 ], [ 5.58681, 51.94058 ], [ 5.58767, 51.94086 ], [ 5.58803, 51.9409 ], [ 5.58846, 51.94091 ], [ 5.5896, 51.94102 ], [ 5.58993, 51.94095 ], [ 5.5901, 51.94086 ], [ 5.59176, 51.94065 ], [ 5.59284, 51.94066 ], [ 5.59388, 51.93795 ], [ 5.59488, 51.93802 ], [ 5.59635, 51.9382 ], [ 5.59901, 51.93018 ], [ 5.59901, 51.92988 ], [ 5.59922, 51.92958 ], [ 5.60022, 51.92655 ], [ 5.60045, 51.92622 ], [ 5.60094, 51.92439 ], [ 5.60144, 51.92443 ], [ 5.60152, 51.92452 ], [ 5.60188, 51.92444 ], [ 5.60246, 51.92445 ], [ 5.60473, 51.92456 ], [ 5.60759, 51.9253 ], [ 5.6085, 51.92544 ], [ 5.6114, 51.92536 ], [ 5.61611, 51.9269 ], [ 5.61601, 51.92709 ], [ 5.61471, 51.92829 ], [ 5.61479, 51.92849 ], [ 5.61526, 51.92848 ], [ 5.61564, 51.92886 ], [ 5.61582, 51.92895 ], [ 5.61598, 51.92895 ], [ 5.6162, 51.92885 ], [ 5.61631, 51.92864 ], [ 5.61631, 51.92851 ], [ 5.61643, 51.92834 ], [ 5.62196, 51.92779 ], [ 5.62112, 51.92918 ], [ 5.62457, 51.93003 ], [ 5.62462, 51.93152 ], [ 5.62479, 51.93178 ], [ 5.62466, 51.93196 ], [ 5.62428, 51.93211 ], [ 5.62421, 51.93222 ], [ 5.624, 51.93237 ], [ 5.62379, 51.93278 ], [ 5.62245, 51.93251 ], [ 5.62184, 51.93364 ], [ 5.62177, 51.93368 ], [ 5.6211, 51.93356 ], [ 5.61999, 51.93544 ], [ 5.61995, 51.93554 ], [ 5.61998, 51.93561 ], [ 5.62011, 51.93576 ], [ 5.62016, 51.93612 ], [ 5.62192, 51.93602 ], [ 5.62268, 51.93603 ], [ 5.62313, 51.93615 ], [ 5.62324, 51.93625 ], [ 5.62362, 51.93643 ], [ 5.6246, 51.93634 ], [ 5.62472, 51.93642 ], [ 5.62472, 51.93667 ], [ 5.62455, 51.93688 ], [ 5.62423, 51.93792 ], [ 5.62399, 51.93893 ], [ 5.62386, 51.93922 ], [ 5.62334, 51.93953 ], [ 5.62301, 51.93969 ], [ 5.62285, 51.93975 ], [ 5.62203, 51.93985 ], [ 5.62002, 51.93997 ], [ 5.61967, 51.94003 ], [ 5.61942, 51.94013 ], [ 5.61908, 51.94019 ], [ 5.61893, 51.94027 ], [ 5.61853, 51.94034 ], [ 5.6182, 51.9403 ], [ 5.61617, 51.94024 ], [ 5.61594, 51.94028 ], [ 5.61563, 51.94028 ], [ 5.61648, 51.93789 ], [ 5.61648, 51.93768 ], [ 5.61529, 51.93819 ], [ 5.61391, 51.93872 ], [ 5.61242, 51.93935 ], [ 5.61136, 51.93967 ], [ 5.6107, 51.93983 ], [ 5.61037, 51.93975 ], [ 5.60967, 51.9398 ], [ 5.6089, 51.9399 ], [ 5.60752, 51.93973 ], [ 5.60682, 51.93968 ], [ 5.60551, 51.9398 ], [ 5.60404, 51.94001 ], [ 5.60364, 51.94015 ], [ 5.60349, 51.94006 ], [ 5.60318, 51.94024 ], [ 5.6022, 51.94073 ], [ 5.60185, 51.94078 ], [ 5.60211, 51.94092 ] ] } },
{ "type": "Feature", "properties": { "klompenpad_naam": "Harsloërpad", "url": "https://klompenpaden.nl/klompenpaden/Harsloërpad/881d881e-7346-4d33-96c1-ffca4ebef03b", "date": null }, "geometry": { "type": "LineString", "coordinates": [ [ 5.63396, 52.00048 ], [ 5.63462, 52.00031 ], [ 5.63537, 52.00057 ], [ 5.63652, 52.00099 ], [ 5.63703, 52.00115 ], [ 5.63724, 52.00205 ], [ 5.63724, 52.00257 ], [ 5.63737, 52.00298 ], [ 5.63758, 52.00338 ], [ 5.6405, 52.00335 ], [ 5.64074, 52.00399 ], [ 5.64086, 52.00414 ], [ 5.64115, 52.00416 ], [ 5.64273, 52.00403 ], [ 5.6433, 52.00396 ], [ 5.64377, 52.00382 ], [ 5.64421, 52.00362 ], [ 5.64435, 52.00352 ], [ 5.64441, 52.00302 ], [ 5.64453, 52.00271 ], [ 5.64471, 52.00249 ], [ 5.64509, 52.00234 ], [ 5.64717, 52.00198 ], [ 5.64797, 52.00189 ], [ 5.64854, 52.0017 ], [ 5.64881, 52.00166 ], [ 5.64938, 52.00162 ], [ 5.64954, 52.00158 ], [ 5.64966, 52.0015 ], [ 5.64988, 52.00073 ], [ 5.65005, 52.00024 ], [ 5.65043, 51.999 ], [ 5.65274, 51.99947 ], [ 5.65337, 51.99818 ], [ 5.65436, 51.99657 ], [ 5.65316, 51.9963 ], [ 5.65344, 51.99587 ], [ 5.65341, 51.99578 ], [ 5.6538, 51.99516 ], [ 5.65104, 51.99458 ], [ 5.64732, 51.99374 ], [ 5.64577, 51.99342 ], [ 5.64566, 51.99338 ], [ 5.6476, 51.99094 ], [ 5.64393, 51.98996 ], [ 5.64082, 51.98917 ], [ 5.64008, 51.98895 ], [ 5.64035, 51.9885 ], [ 5.63816, 51.98805 ], [ 5.63806, 51.98821 ], [ 5.63796, 51.9883 ], [ 5.63561, 51.98782 ], [ 5.63494, 51.98758 ], [ 5.63271, 51.9871 ], [ 5.63258, 51.98734 ], [ 5.6322, 51.98743 ], [ 5.62372, 51.98643 ], [ 5.62375, 51.98637 ], [ 5.6236, 51.98635 ], [ 5.62349, 51.98627 ], [ 5.62418, 51.98525 ], [ 5.62418, 51.98509 ], [ 5.62372, 51.98488 ], [ 5.62361, 51.98475 ], [ 5.62352, 51.98445 ], [ 5.62326, 51.98433 ], [ 5.61585, 51.9824 ], [ 5.61621, 51.98172 ], [ 5.61653, 51.98122 ], [ 5.61708, 51.98063 ], [ 5.61736, 51.98045 ], [ 5.61831, 51.98031 ], [ 5.61921, 51.97997 ], [ 5.61826, 51.97972 ], [ 5.6179, 51.97957 ], [ 5.61782, 51.97961 ], [ 5.61694, 51.9803 ], [ 5.61642, 51.98085 ], [ 5.61571, 51.98165 ], [ 5.61479, 51.98262 ], [ 5.61472, 51.98281 ], [ 5.6147, 51.98301 ], [ 5.61474, 51.98328 ], [ 5.61462, 51.98392 ], [ 5.61462, 51.98428 ], [ 5.61474, 51.9846 ], [ 5.61488, 51.98491 ], [ 5.61485, 51.98528 ], [ 5.6146, 51.98559 ], [ 5.61418, 51.98591 ], [ 5.61403, 51.98615 ], [ 5.61401, 51.98638 ], [ 5.61388, 51.98716 ], [ 5.61387, 51.98745 ], [ 5.61404, 51.98875 ], [ 5.614, 51.989 ], [ 5.61371, 51.98984 ], [ 5.61361, 51.99019 ], [ 5.61334, 51.99047 ], [ 5.6119, 51.99166 ], [ 5.61157, 51.99183 ], [ 5.61125, 51.99204 ], [ 5.61106, 51.99224 ], [ 5.61098, 51.99243 ], [ 5.60995, 51.99333 ], [ 5.60969, 51.99348 ], [ 5.60908, 51.99361 ], [ 5.6085, 51.99365 ], [ 5.60805, 51.99372 ], [ 5.60757, 51.99389 ], [ 5.60699, 51.99412 ], [ 5.60674, 51.99415 ], [ 5.60542, 51.99381 ], [ 5.60511, 51.99374 ], [ 5.60466, 51.9938 ], [ 5.60403, 51.99409 ], [ 5.60347, 51.99443 ], [ 5.60309, 51.99459 ], [ 5.60254, 51.99472 ], [ 5.60229, 51.9948 ], [ 5.60195, 51.99513 ], [ 5.60185, 51.99527 ], [ 5.60164, 51.99537 ], [ 5.60132, 51.99558 ], [ 5.60171, 51.99572 ], [ 5.6019, 51.9957 ], [ 5.60522, 51.99696 ], [ 5.60452, 51.99774 ], [ 5.60185, 52.00106 ], [ 5.60001, 52.00328 ], [ 5.60001, 52.00335 ], [ 5.60013, 52.0034 ], [ 5.60194, 52.00381 ], [ 5.60599, 52.00476 ], [ 5.60609, 52.00483 ], [ 5.61524, 52.00562 ], [ 5.61591, 52.00298 ], [ 5.61596, 52.00285 ], [ 5.61801, 52.00109 ], [ 5.62118, 52.00259 ], [ 5.62252, 52.00318 ], [ 5.62318, 52.00352 ], [ 5.62372, 52.00342 ], [ 5.62373, 52.00312 ], [ 5.62388, 52.0027 ], [ 5.62451, 52.00145 ], [ 5.62468, 52.00099 ], [ 5.62489, 52.0007 ], [ 5.62499, 52.00061 ], [ 5.62743, 52.00036 ], [ 5.62761, 52.00032 ], [ 5.6279, 51.99997 ], [ 5.6296, 52.00037 ], [ 5.63176, 52.00092 ], [ 5.63198, 52.00095 ], [ 5.63217, 52.00094 ], [ 5.63366, 52.00054 ], [ 5.63396, 52.00048 ] ] } },
{ "type": "Feature", "properties": { "klompenpad_naam": "Harscamperpad", "url": "https://klompenpaden.nl/klompenpaden/Harscamperpad/0dba3312-362d-4c1d-8136-062ba70ea409", "date": null }, "geometry": { "type": "LineString", "coordinates": [ [ 5.75439, 52.11964 ], [ 5.75267, 52.12326 ], [ 5.75224, 52.12318 ], [ 5.75108, 52.12306 ], [ 5.75093, 52.12321 ], [ 5.74967, 52.12296 ], [ 5.74956, 52.12338 ], [ 5.74839, 52.1231 ], [ 5.7485, 52.12262 ], [ 5.74831, 52.1226 ], [ 5.74775, 52.12503 ], [ 5.7482, 52.12514 ], [ 5.74819, 52.12523 ], [ 5.74914, 52.12567 ], [ 5.75003, 52.12676 ], [ 5.75067, 52.12763 ], [ 5.75044, 52.12776 ], [ 5.7499, 52.12997 ], [ 5.7493, 52.12992 ], [ 5.74858, 52.1298 ], [ 5.74879, 52.12899 ], [ 5.74686, 52.12879 ], [ 5.74719, 52.12724 ], [ 5.74296, 52.1266 ], [ 5.74291, 52.12646 ], [ 5.74328, 52.12572 ], [ 5.74757, 52.125 ], [ 5.74579, 52.12413 ], [ 5.73498, 52.12396 ], [ 5.73483, 52.12397 ], [ 5.73012, 52.12618 ], [ 5.72966, 52.12644 ], [ 5.72912, 52.12744 ], [ 5.72781, 52.12764 ], [ 5.72758, 52.12776 ], [ 5.72761, 52.12808 ], [ 5.72749, 52.12821 ], [ 5.72698, 52.1298 ], [ 5.72383, 52.12897 ], [ 5.72304, 52.12872 ], [ 5.72227, 52.12855 ], [ 5.72125, 52.12839 ], [ 5.71769, 52.12826 ], [ 5.71629, 52.12832 ], [ 5.71622, 52.13013 ], [ 5.7183, 52.13052 ], [ 5.72523, 52.13189 ], [ 5.72484, 52.13314 ], [ 5.72643, 52.13318 ], [ 5.72633, 52.1321 ], [ 5.72695, 52.13222 ], [ 5.72734, 52.13224 ], [ 5.72886, 52.13191 ], [ 5.73481, 52.13188 ], [ 5.73485, 52.13176 ], [ 5.7399, 52.13121 ], [ 5.74147, 52.13113 ], [ 5.74215, 52.13125 ], [ 5.7423, 52.13135 ], [ 5.74281, 52.13145 ], [ 5.7451, 52.13232 ], [ 5.74769, 52.13326 ], [ 5.74868, 52.1336 ], [ 5.74919, 52.13362 ], [ 5.75035, 52.13348 ], [ 5.7506, 52.13288 ], [ 5.75224, 52.13284 ], [ 5.75257, 52.13297 ], [ 5.75435, 52.13313 ], [ 5.75466, 52.13338 ], [ 5.75551, 52.13385 ], [ 5.7563, 52.13399 ], [ 5.75817, 52.13425 ], [ 5.7594, 52.13483 ], [ 5.75985, 52.13507 ], [ 5.76063, 52.13571 ], [ 5.7608, 52.13576 ], [ 5.761, 52.13576 ], [ 5.76132, 52.13554 ], [ 5.76163, 52.13525 ], [ 5.76184, 52.13514 ], [ 5.76223, 52.13503 ], [ 5.76257, 52.13468 ], [ 5.76284, 52.13436 ], [ 5.76356, 52.13287 ], [ 5.76391, 52.13225 ], [ 5.76475, 52.13156 ], [ 5.76488, 52.12979 ], [ 5.76352, 52.12896 ], [ 5.76313, 52.12835 ], [ 5.7603, 52.12792 ], [ 5.75959, 52.12785 ], [ 5.758, 52.12754 ], [ 5.75604, 52.12699 ], [ 5.7565, 52.1265 ], [ 5.75577, 52.12628 ], [ 5.75709, 52.12467 ], [ 5.75707, 52.1246 ], [ 5.75789, 52.1241 ], [ 5.75783, 52.12391 ], [ 5.75827, 52.12336 ], [ 5.75825, 52.12322 ], [ 5.75856, 52.12296 ], [ 5.75862, 52.12269 ], [ 5.75882, 52.12219 ], [ 5.75914, 52.1216 ], [ 5.75925, 52.12104 ], [ 5.75919, 52.1209 ], [ 5.75915, 52.12085 ], [ 5.75893, 52.12069 ], [ 5.75878, 52.12055 ], [ 5.75863, 52.12034 ], [ 5.75847, 52.12016 ], [ 5.75737, 52.11996 ], [ 5.75734, 52.1199 ], [ 5.75569, 52.11972 ], [ 5.75437, 52.11965 ] ] } },
{ "type": "Feature", "properties": { "klompenpad_naam": "Hamarithapad", "url": "https://klompenpaden.nl/klompenpaden/Hamarithapad/89577701-1150-4f1f-a364-8f1c999a9da4", "date": null }, "geometry": { "type": "LineString", "coordinates": [ [ 5.17455, 51.76255 ], [ 5.17178, 51.76254 ], [ 5.17113, 51.76249 ], [ 5.16984, 51.76223 ], [ 5.16987, 51.76215 ], [ 5.16791, 51.76167 ], [ 5.16726, 51.76146 ], [ 5.1658, 51.7612 ], [ 5.16427, 51.76084 ], [ 5.16255, 51.76041 ], [ 5.16249, 51.76047 ], [ 5.16221, 51.76043 ], [ 5.16204, 51.76035 ], [ 5.16186, 51.76023 ], [ 5.16192, 51.76014 ], [ 5.16021, 51.75953 ], [ 5.15972, 51.75943 ], [ 5.15962, 51.7595 ], [ 5.15886, 51.75949 ], [ 5.15697, 51.75988 ], [ 5.15635, 51.75999 ], [ 5.15323, 51.76079 ], [ 5.15306, 51.76086 ], [ 5.15292, 51.76088 ], [ 5.15219, 51.76083 ], [ 5.15181, 51.76189 ], [ 5.1517, 51.76212 ], [ 5.15176, 51.76214 ], [ 5.15022, 51.76413 ], [ 5.14987, 51.7645 ], [ 5.15052, 51.76466 ], [ 5.15059, 51.76473 ], [ 5.15055, 51.76483 ], [ 5.15031, 51.76519 ], [ 5.14994, 51.76555 ], [ 5.14984, 51.76575 ], [ 5.1496, 51.76655 ], [ 5.14947, 51.76715 ], [ 5.14958, 51.76739 ], [ 5.14987, 51.76777 ], [ 5.15015, 51.76817 ], [ 5.15025, 51.76847 ], [ 5.15021, 51.76888 ], [ 5.15032, 51.76898 ], [ 5.15528, 51.77026 ], [ 5.15541, 51.77036 ], [ 5.15625, 51.77056 ], [ 5.15582, 51.77119 ], [ 5.15477, 51.7716 ], [ 5.15284, 51.77209 ], [ 5.15242, 51.77229 ], [ 5.15137, 51.77296 ], [ 5.15106, 51.77346 ], [ 5.15076, 51.77378 ], [ 5.15018, 51.77456 ], [ 5.14982, 51.77475 ], [ 5.14892, 51.77518 ], [ 5.14853, 51.77543 ], [ 5.14836, 51.7756 ], [ 5.1475, 51.77719 ], [ 5.14731, 51.7773 ], [ 5.14709, 51.77739 ], [ 5.14663, 51.77696 ], [ 5.14551, 51.77728 ], [ 5.14533, 51.77738 ], [ 5.1451, 51.77815 ], [ 5.14499, 51.77823 ], [ 5.14511, 51.77838 ], [ 5.14667, 51.77932 ], [ 5.14147, 51.78138 ], [ 5.14165, 51.78182 ], [ 5.14214, 51.78269 ], [ 5.14255, 51.78305 ], [ 5.14239, 51.78316 ], [ 5.14239, 51.78336 ], [ 5.14257, 51.78347 ], [ 5.1428, 51.78351 ], [ 5.1437, 51.78383 ], [ 5.14445, 51.78422 ], [ 5.14477, 51.78432 ], [ 5.14559, 51.78441 ], [ 5.14752, 51.78488 ], [ 5.14923, 51.78498 ], [ 5.15306, 51.78502 ], [ 5.15348, 51.7851 ], [ 5.15437, 51.78523 ], [ 5.1557, 51.78525 ], [ 5.15705, 51.78515 ], [ 5.16024, 51.78478 ], [ 5.16087, 51.78465 ], [ 5.16228, 51.78451 ], [ 5.16452, 51.78417 ], [ 5.16559, 51.78393 ], [ 5.16666, 51.78355 ], [ 5.16815, 51.78288 ], [ 5.16882, 51.7825 ], [ 5.16945, 51.78208 ], [ 5.16993, 51.78166 ], [ 5.17045, 51.78127 ], [ 5.17091, 51.78097 ], [ 5.17138, 51.78038 ], [ 5.17197, 51.77985 ], [ 5.17265, 51.77931 ], [ 5.17303, 51.77917 ], [ 5.17335, 51.77889 ], [ 5.17367, 51.7785 ], [ 5.17407, 51.77791 ], [ 5.17439, 51.77727 ], [ 5.17462, 51.77667 ], [ 5.17494, 51.77609 ], [ 5.17544, 51.77545 ], [ 5.17501, 51.77533 ], [ 5.17563, 51.77439 ], [ 5.17638, 51.773 ], [ 5.17692, 51.77221 ], [ 5.17896, 51.77039 ], [ 5.17957, 51.7698 ], [ 5.18027, 51.76887 ], [ 5.1814, 51.76741 ], [ 5.18154, 51.76728 ], [ 5.18178, 51.7672 ], [ 5.18215, 51.76676 ], [ 5.18232, 51.76655 ], [ 5.18227, 51.76635 ], [ 5.18226, 51.76539 ], [ 5.18222, 51.76515 ], [ 5.18204, 51.76491 ], [ 5.18029, 51.7637 ], [ 5.1799, 51.7634 ], [ 5.1799, 51.76321 ], [ 5.18007, 51.76314 ], [ 5.17997, 51.76305 ], [ 5.17875, 51.7624 ], [ 5.17838, 51.76233 ], [ 5.17827, 51.76224 ], [ 5.17774, 51.76231 ], [ 5.17665, 51.76236 ], [ 5.17668, 51.76246 ], [ 5.17536, 51.76268 ], [ 5.17516, 51.76267 ], [ 5.17515, 51.76255 ], [ 5.17455, 51.76255 ] ] } },
{ "type": "Feature", "properties": { "klompenpad_naam": "Grift-en-Graftenpad", "url": "https://klompenpaden.nl/klompenpaden/Grift-en-Graftenpad/251b4966-4657-476a-9fa0-ecdeae01d0d7", "date": null }, "geometry": { "type": "LineString", "coordinates": [ [ 5.58169, 51.97386 ], [ 5.58106, 51.9739 ], [ 5.58062, 51.97394 ], [ 5.57936, 51.9742 ], [ 5.57952, 51.97442 ], [ 5.57973, 51.97453 ], [ 5.58474, 51.97642 ], [ 5.58692, 51.97725 ], [ 5.58903, 51.97808 ], [ 5.58782, 51.97918 ], [ 5.58783, 51.97929 ], [ 5.59601, 51.98252 ], [ 5.59723, 51.98118 ], [ 5.61387, 51.98745 ], [ 5.61407, 51.9863 ], [ 5.61413, 51.9861 ], [ 5.61421, 51.98591 ], [ 5.61439, 51.98577 ], [ 5.61459, 51.98566 ], [ 5.61477, 51.9855 ], [ 5.61488, 51.98535 ], [ 5.61492, 51.98523 ], [ 5.61491, 51.98503 ], [ 5.61489, 51.98487 ], [ 5.61462, 51.98431 ], [ 5.61459, 51.98399 ], [ 5.61467, 51.98365 ], [ 5.61473, 51.98325 ], [ 5.61472, 51.98291 ], [ 5.61477, 51.98266 ], [ 5.61484, 51.98256 ], [ 5.61565, 51.98176 ], [ 5.61644, 51.98087 ], [ 5.61689, 51.9804 ], [ 5.6179, 51.97957 ], [ 5.61842, 51.97913 ], [ 5.61878, 51.97872 ], [ 5.61955, 51.97765 ], [ 5.61993, 51.97717 ], [ 5.62039, 51.97701 ], [ 5.62125, 51.97676 ], [ 5.62155, 51.97664 ], [ 5.62212, 51.97633 ], [ 5.62305, 51.97578 ], [ 5.62509, 51.97446 ], [ 5.62561, 51.9741 ], [ 5.62576, 51.97397 ], [ 5.62586, 51.97385 ], [ 5.62586, 51.97372 ], [ 5.62555, 51.97301 ], [ 5.62534, 51.97241 ], [ 5.6246, 51.97058 ], [ 5.62389, 51.96993 ], [ 5.62287, 51.96903 ], [ 5.6225, 51.96859 ], [ 5.6222, 51.96836 ], [ 5.62181, 51.96819 ], [ 5.61943, 51.96737 ], [ 5.61813, 51.96661 ], [ 5.61793, 51.96628 ], [ 5.61792, 51.96618 ], [ 5.61819, 51.96445 ], [ 5.61819, 51.96435 ], [ 5.6181, 51.96427 ], [ 5.61779, 51.96412 ], [ 5.61746, 51.964 ], [ 5.61625, 51.9633 ], [ 5.61581, 51.96312 ], [ 5.6146, 51.96267 ], [ 5.61397, 51.96228 ], [ 5.61336, 51.96214 ], [ 5.61303, 51.96193 ], [ 5.61238, 51.96147 ], [ 5.61159, 51.96102 ], [ 5.61141, 51.9609 ], [ 5.61125, 51.96069 ], [ 5.61108, 51.9604 ], [ 5.61076, 51.95972 ], [ 5.61049, 51.95925 ], [ 5.61037, 51.9591 ], [ 5.60981, 51.95865 ], [ 5.60965, 51.95838 ], [ 5.60924, 51.95725 ], [ 5.60924, 51.9571 ], [ 5.60931, 51.95671 ], [ 5.6094, 51.95654 ], [ 5.60936, 51.95592 ], [ 5.60926, 51.95582 ], [ 5.60862, 51.95573 ], [ 5.6082, 51.95571 ], [ 5.60825, 51.956 ], [ 5.60857, 51.95659 ], [ 5.60827, 51.95722 ], [ 5.60785, 51.95776 ], [ 5.60736, 51.95834 ], [ 5.60512, 51.95812 ], [ 5.60386, 51.95787 ], [ 5.60326, 51.95785 ], [ 5.60279, 51.95785 ], [ 5.60253, 51.9578 ], [ 5.59719, 51.95756 ], [ 5.59713, 51.95762 ], [ 5.59677, 51.95777 ], [ 5.59627, 51.95795 ], [ 5.59508, 51.95833 ], [ 5.59485, 51.95835 ], [ 5.59379, 51.95859 ], [ 5.59371, 51.9588 ], [ 5.59451, 51.95965 ], [ 5.59509, 51.96039 ], [ 5.59559, 51.9611 ], [ 5.59563, 51.96133 ], [ 5.59559, 51.96144 ], [ 5.5957, 51.9616 ], [ 5.59558, 51.96185 ], [ 5.59574, 51.96194 ], [ 5.59588, 51.96195 ], [ 5.59575, 51.96231 ], [ 5.59253, 51.96182 ], [ 5.59246, 51.96196 ], [ 5.59185, 51.96254 ], [ 5.59116, 51.9628 ], [ 5.58989, 51.9632 ], [ 5.58847, 51.96357 ], [ 5.58831, 51.96351 ], [ 5.58787, 51.96282 ], [ 5.58766, 51.96254 ], [ 5.58604, 51.96275 ], [ 5.58629, 51.96362 ], [ 5.5868, 51.96411 ], [ 5.58731, 51.96474 ], [ 5.58745, 51.96499 ], [ 5.58634, 51.96557 ], [ 5.58584, 51.96586 ], [ 5.58632, 51.96622 ], [ 5.58721, 51.96674 ], [ 5.58776, 51.96708 ], [ 5.58682, 51.96807 ], [ 5.58679, 51.96827 ], [ 5.58633, 51.96868 ], [ 5.58584, 51.96903 ], [ 5.58493, 51.96944 ], [ 5.58322, 51.97022 ], [ 5.58315, 51.97028 ], [ 5.58298, 51.97027 ], [ 5.58042, 51.97104 ], [ 5.58013, 51.97103 ], [ 5.57933, 51.9712 ], [ 5.57895, 51.97136 ], [ 5.57876, 51.97173 ], [ 5.57828, 51.97274 ], [ 5.57912, 51.97334 ], [ 5.57945, 51.97365 ], [ 5.57956, 51.97395 ], [ 5.57968, 51.97414 ], [ 5.58063, 51.97394 ], [ 5.58107, 51.9739 ], [ 5.58169, 51.97386 ] ] } },
{ "type": "Feature", "properties": { "klompenpad_naam": "Griezeveensepad", "url": "https://klompenpaden.nl/klompenpaden/Griezeveensepad/a8296729-658e-4d86-84cb-5f2bcf334a1a", "date": null }, "geometry": { "type": "LineString", "coordinates": [ [ 5.62928, 52.19125 ], [ 5.62985, 52.19039 ], [ 5.63154, 52.19093 ], [ 5.63407, 52.19055 ], [ 5.63655, 52.19031 ], [ 5.63727, 52.18913 ], [ 5.6379, 52.18923 ], [ 5.63793, 52.18891 ], [ 5.63835, 52.18835 ], [ 5.63928, 52.1885 ], [ 5.63978, 52.18853 ], [ 5.63941, 52.18961 ], [ 5.6419, 52.19079 ], [ 5.64578, 52.1881 ], [ 5.64893, 52.18986 ], [ 5.65061, 52.19082 ], [ 5.65232, 52.19203 ], [ 5.65566, 52.18986 ], [ 5.66109, 52.19144 ], [ 5.66518, 52.19048 ], [ 5.66782, 52.19315 ], [ 5.67058, 52.19728 ], [ 5.6731, 52.20092 ], [ 5.67447, 52.20313 ], [ 5.67436, 52.20363 ], [ 5.67409, 52.20416 ], [ 5.67359, 52.20482 ], [ 5.67286, 52.20463 ], [ 5.67255, 52.20516 ], [ 5.67208, 52.20502 ], [ 5.67104, 52.2049 ], [ 5.66708, 52.20902 ], [ 5.66672, 52.20769 ], [ 5.66649, 52.20726 ], [ 5.66421, 52.20898 ], [ 5.66121, 52.21092 ], [ 5.65932, 52.21209 ], [ 5.65916, 52.21199 ], [ 5.6575, 52.21347 ], [ 5.65094, 52.21051 ], [ 5.65341, 52.20853 ], [ 5.65077, 52.20692 ], [ 5.65088, 52.20585 ], [ 5.64244, 52.20668 ], [ 5.64099, 52.20607 ], [ 5.63874, 52.20799 ], [ 5.63808, 52.20778 ], [ 5.63625, 52.20863 ], [ 5.63594, 52.20927 ], [ 5.63462, 52.20869 ], [ 5.63324, 52.20812 ], [ 5.63084, 52.20782 ], [ 5.63163, 52.20337 ], [ 5.63275, 52.20344 ], [ 5.62944, 52.19948 ], [ 5.631, 52.199 ], [ 5.62984, 52.19758 ], [ 5.62969, 52.19701 ], [ 5.63004, 52.19695 ], [ 5.63051, 52.19695 ], [ 5.63081, 52.1969 ], [ 5.63093, 52.19679 ], [ 5.63146, 52.19681 ], [ 5.63208, 52.19698 ], [ 5.63429, 52.19723 ], [ 5.63441, 52.19669 ], [ 5.63444, 52.19639 ], [ 5.63385, 52.19624 ], [ 5.63346, 52.19615 ], [ 5.63266, 52.19606 ], [ 5.63249, 52.196 ], [ 5.63225, 52.1958 ], [ 5.63177, 52.19561 ], [ 5.63138, 52.19536 ], [ 5.63087, 52.19518 ], [ 5.62863, 52.19478 ], [ 5.62832, 52.19474 ], [ 5.62765, 52.19392 ], [ 5.62746, 52.19362 ], [ 5.62751, 52.19354 ], [ 5.62674, 52.19347 ], [ 5.62567, 52.19329 ], [ 5.6255, 52.19309 ], [ 5.62542, 52.1929 ], [ 5.62514, 52.1928 ], [ 5.62499, 52.1927 ], [ 5.62513, 52.19264 ], [ 5.62568, 52.1925 ], [ 5.62602, 52.19233 ], [ 5.62633, 52.19215 ], [ 5.62671, 52.19195 ], [ 5.62679, 52.19181 ], [ 5.62656, 52.19153 ], [ 5.6265, 52.19134 ], [ 5.62635, 52.19111 ], [ 5.62591, 52.19088 ], [ 5.62579, 52.1908 ], [ 5.62593, 52.19059 ], [ 5.62643, 52.19072 ], [ 5.62689, 52.1909 ], [ 5.62726, 52.19097 ], [ 5.6279, 52.19119 ], [ 5.62898, 52.19154 ], [ 5.62928, 52.19125 ] ] } },
{ "type": "Feature", "properties": { "klompenpad_naam": "Graveslootpad", "url": "https://klompenpaden.nl/klompenpaden/Graveslootpad/04611bde-aab0-43e5-ae94-b69ed39a7a87", "date": null }, "geometry": { "type": "LineString", "coordinates": [ [ 4.88247, 52.10578 ], [ 4.88033, 52.10577 ], [ 4.87976, 52.10579 ], [ 4.87358, 52.10578 ], [ 4.87205, 52.10577 ], [ 4.87068, 52.10575 ], [ 4.87042, 52.10572 ], [ 4.87032, 52.10506 ], [ 4.86988, 52.10508 ], [ 4.86982, 52.10502 ], [ 4.86951, 52.105 ], [ 4.86702, 52.10497 ], [ 4.86697, 52.10494 ], [ 4.86715, 52.10471 ], [ 4.86728, 52.10462 ], [ 4.86815, 52.10423 ], [ 4.86868, 52.10394 ], [ 4.86892, 52.1039 ], [ 4.86959, 52.10389 ], [ 4.86968, 52.1039 ], [ 4.86966, 52.10402 ], [ 4.8697, 52.10402 ], [ 4.86977, 52.10422 ], [ 4.86975, 52.10431 ], [ 4.86978, 52.10437 ], [ 4.86989, 52.10487 ], [ 4.87139, 52.10484 ], [ 4.87141, 52.10326 ], [ 4.87139, 52.10313 ], [ 4.87149, 52.10312 ], [ 4.87146, 52.09994 ], [ 4.87078, 52.09994 ], [ 4.87076, 52.09981 ], [ 4.87146, 52.09981 ], [ 4.87143, 52.09903 ], [ 4.8715, 52.09463 ], [ 4.87154, 52.09291 ], [ 4.87242, 52.09298 ], [ 4.87477, 52.09334 ], [ 4.87805, 52.09374 ], [ 4.87919, 52.09202 ], [ 4.88062, 52.09231 ], [ 4.88079, 52.09236 ], [ 4.88099, 52.09254 ], [ 4.88132, 52.09265 ], [ 4.88162, 52.09264 ], [ 4.88197, 52.09268 ], [ 4.88245, 52.09279 ], [ 4.88264, 52.09278 ], [ 4.88281, 52.09272 ], [ 4.88317, 52.09282 ], [ 4.88402, 52.09295 ], [ 4.88432, 52.09295 ], [ 4.88484, 52.09284 ], [ 4.88582, 52.09143 ], [ 4.88889, 52.09172 ], [ 4.88898, 52.09148 ], [ 4.88914, 52.0912 ], [ 4.8894, 52.09085 ], [ 4.88993, 52.09022 ], [ 4.89051, 52.09026 ], [ 4.89111, 52.09044 ], [ 4.89187, 52.09072 ], [ 4.89201, 52.09082 ], [ 4.89202, 52.09102 ], [ 4.8915, 52.09114 ], [ 4.89146, 52.09135 ], [ 4.8906, 52.09234 ], [ 4.89044, 52.09238 ], [ 4.88978, 52.09345 ], [ 4.89004, 52.09349 ], [ 4.88964, 52.09402 ], [ 4.88984, 52.09408 ], [ 4.88936, 52.0947 ], [ 4.89104, 52.09492 ], [ 4.89128, 52.09498 ], [ 4.89151, 52.095 ], [ 4.8917, 52.09496 ], [ 4.89179, 52.09515 ], [ 4.89187, 52.09525 ], [ 4.89169, 52.09531 ], [ 4.89126, 52.09526 ], [ 4.89123, 52.09596 ], [ 4.89123, 52.09658 ], [ 4.89138, 52.09658 ], [ 4.89135, 52.0974 ], [ 4.89138, 52.09887 ], [ 4.89136, 52.10034 ], [ 4.8913, 52.10319 ], [ 4.89105, 52.10321 ], [ 4.89059, 52.10319 ], [ 4.88906, 52.10318 ], [ 4.88906, 52.10329 ], [ 4.88266, 52.10328 ], [ 4.88263, 52.10431 ], [ 4.88264, 52.10578 ], [ 4.88239, 52.10578 ] ] } },
{ "type": "Feature", "properties": { "klompenpad_naam": "Goilberdingerpad", "url": "https://klompenpaden.nl/klompenpaden/Goilberdingerpad/8f44ece4-78d4-4d6e-a19a-3fb4bde6893d", "date": null }, "geometry": { "type": "LineString", "coordinates": [ [ 5.19033, 51.95895 ], [ 5.18916, 51.95909 ], [ 5.18933, 51.95937 ], [ 5.18958, 51.96009 ], [ 5.18968, 51.96006 ], [ 5.18979, 51.96008 ], [ 5.18993, 51.9602 ], [ 5.18998, 51.96036 ], [ 5.19027, 51.96055 ], [ 5.19076, 51.96062 ], [ 5.19012, 51.96097 ], [ 5.18828, 51.96183 ], [ 5.18639, 51.96275 ], [ 5.18478, 51.96346 ], [ 5.18342, 51.96419 ], [ 5.18217, 51.96489 ], [ 5.17975, 51.96574 ], [ 5.17941, 51.96593 ], [ 5.17881, 51.96608 ], [ 5.1787, 51.96571 ], [ 5.17844, 51.96525 ], [ 5.17795, 51.96459 ], [ 5.1778, 51.96416 ], [ 5.17778, 51.96384 ], [ 5.17792, 51.96361 ], [ 5.17814, 51.96351 ], [ 5.17867, 51.96339 ], [ 5.179, 51.96329 ], [ 5.17919, 51.9631 ], [ 5.17917, 51.96289 ], [ 5.1791, 51.96277 ], [ 5.17882, 51.96253 ], [ 5.17806, 51.96205 ], [ 5.17804, 51.96192 ], [ 5.17809, 51.96163 ], [ 5.17809, 51.96125 ], [ 5.17629, 51.96188 ], [ 5.17626, 51.96193 ], [ 5.17655, 51.96227 ], [ 5.17668, 51.96229 ], [ 5.1772, 51.96225 ], [ 5.17767, 51.96253 ], [ 5.17774, 51.96262 ], [ 5.17778, 51.96275 ], [ 5.17772, 51.96285 ], [ 5.17702, 51.96286 ], [ 5.17694, 51.96265 ], [ 5.17605, 51.96224 ], [ 5.17605, 51.96209 ], [ 5.17595, 51.96196 ], [ 5.17575, 51.96184 ], [ 5.1755, 51.96178 ], [ 5.17516, 51.96178 ], [ 5.17499, 51.96204 ], [ 5.17494, 51.96218 ], [ 5.1749, 51.96239 ], [ 5.17476, 51.96248 ], [ 5.17408, 51.96274 ], [ 5.17427, 51.96279 ], [ 5.17441, 51.96286 ], [ 5.1745, 51.96294 ], [ 5.17447, 51.96319 ], [ 5.17452, 51.96346 ], [ 5.17469, 51.96368 ], [ 5.17492, 51.96381 ], [ 5.17526, 51.96387 ], [ 5.17569, 51.96389 ], [ 5.1759, 51.96388 ], [ 5.17626, 51.96374 ], [ 5.17645, 51.9637 ], [ 5.17668, 51.96372 ], [ 5.17704, 51.96392 ], [ 5.17706, 51.96408 ], [ 5.17723, 51.96442 ], [ 5.178, 51.96569 ], [ 5.17839, 51.96619 ], [ 5.17804, 51.96631 ], [ 5.1776, 51.9664 ], [ 5.17719, 51.96652 ], [ 5.17702, 51.96661 ], [ 5.17692, 51.96671 ], [ 5.1768, 51.96675 ], [ 5.17671, 51.96677 ], [ 5.17656, 51.96675 ], [ 5.17636, 51.96669 ], [ 5.17616, 51.96673 ], [ 5.17504, 51.96714 ], [ 5.1746, 51.96721 ], [ 5.17367, 51.96732 ], [ 5.17359, 51.96738 ], [ 5.17353, 51.9676 ], [ 5.17304, 51.96771 ], [ 5.17178, 51.96796 ], [ 5.1706, 51.96808 ], [ 5.17035, 51.96812 ], [ 5.17028, 51.96799 ], [ 5.1702, 51.9679 ], [ 5.17002, 51.96784 ], [ 5.16926, 51.96775 ], [ 5.16863, 51.96773 ], [ 5.16793, 51.96775 ], [ 5.16683, 51.96789 ], [ 5.1665, 51.96799 ], [ 5.16629, 51.96799 ], [ 5.16594, 51.96785 ], [ 5.1655, 51.96776 ], [ 5.16453, 51.96776 ], [ 5.16373, 51.96784 ], [ 5.16354, 51.96788 ], [ 5.16341, 51.96797 ], [ 5.16315, 51.96798 ], [ 5.16262, 51.96787 ], [ 5.16171, 51.96786 ], [ 5.16119, 51.96788 ], [ 5.16079, 51.96785 ], [ 5.16048, 51.96778 ], [ 5.16028, 51.9677 ], [ 5.16014, 51.96755 ], [ 5.1599, 51.96707 ], [ 5.15991, 51.96692 ], [ 5.15996, 51.96678 ], [ 5.16007, 51.96656 ], [ 5.16022, 51.96635 ], [ 5.16028, 51.96621 ], [ 5.16026, 51.966 ], [ 5.16019, 51.96579 ], [ 5.16159, 51.96563 ], [ 5.16211, 51.96555 ], [ 5.16289, 51.96535 ], [ 5.16363, 51.96509 ], [ 5.16407, 51.96496 ], [ 5.16526, 51.96473 ], [ 5.16638, 51.96456 ], [ 5.16674, 51.96449 ], [ 5.16689, 51.96441 ], [ 5.167, 51.96432 ], [ 5.16723, 51.96401 ], [ 5.16718, 51.96395 ], [ 5.1669, 51.96344 ], [ 5.16664, 51.96343 ], [ 5.16669, 51.96289 ], [ 5.16676, 51.96179 ], [ 5.16676, 51.96127 ], [ 5.16662, 51.95988 ], [ 5.16664, 51.95971 ], [ 5.16635, 51.95672 ], [ 5.16635, 51.95595 ], [ 5.16636, 51.95583 ], [ 5.16683, 51.95584 ], [ 5.16716, 51.95576 ], [ 5.16791, 51.95552 ], [ 5.16868, 51.9552 ], [ 5.16891, 51.95513 ], [ 5.16897, 51.95498 ], [ 5.16892, 51.9549 ], [ 5.1674, 51.95277 ], [ 5.16496, 51.94923 ], [ 5.16376, 51.94766 ], [ 5.16335, 51.94709 ], [ 5.1631, 51.94685 ], [ 5.16241, 51.94631 ], [ 5.16303, 51.94663 ], [ 5.16384, 51.94643 ], [ 5.16613, 51.94619 ], [ 5.16648, 51.94613 ], [ 5.16632, 51.94599 ], [ 5.16525, 51.94489 ], [ 5.16347, 51.94312 ], [ 5.16324, 51.94189 ], [ 5.16298, 51.94066 ], [ 5.16287, 51.93946 ], [ 5.16288, 51.93934 ], [ 5.16303, 51.93934 ], [ 5.16308, 51.93929 ], [ 5.16299, 51.93911 ], [ 5.16202, 51.93777 ], [ 5.16174, 51.93768 ], [ 5.16115, 51.93677 ], [ 5.16707, 51.93507 ], [ 5.16675, 51.93473 ], [ 5.16636, 51.93423 ], [ 5.1664, 51.93413 ], [ 5.16716, 51.9339 ], [ 5.16765, 51.93383 ], [ 5.16871, 51.93382 ], [ 5.16917, 51.93402 ], [ 5.16956, 51.93423 ], [ 5.16997, 51.93423 ], [ 5.17007, 51.93435 ], [ 5.17045, 51.93433 ], [ 5.17082, 51.93445 ], [ 5.17136, 51.93424 ], [ 5.1715, 51.93405 ], [ 5.17167, 51.93396 ], [ 5.17202, 51.93382 ], [ 5.17258, 51.93364 ], [ 5.17328, 51.93376 ], [ 5.17417, 51.93405 ], [ 5.17492, 51.93468 ], [ 5.17504, 51.93492 ], [ 5.17497, 51.93515 ], [ 5.1698, 51.93669 ], [ 5.16966, 51.93676 ], [ 5.17011, 51.93801 ], [ 5.16952, 51.93919 ], [ 5.17187, 51.93914 ], [ 5.17197, 51.93919 ], [ 5.17122, 51.94067 ], [ 5.17033, 51.94219 ], [ 5.17039, 51.94249 ], [ 5.17063, 51.94291 ], [ 5.17243, 51.94537 ], [ 5.17264, 51.94551 ], [ 5.18075, 51.94449 ], [ 5.18559, 51.94385 ], [ 5.18552, 51.94435 ], [ 5.18998, 51.95037 ], [ 5.19012, 51.95105 ], [ 5.18626, 51.95132 ], [ 5.18721, 51.95377 ], [ 5.18776, 51.95514 ], [ 5.18771, 51.9552 ], [ 5.18872, 51.95784 ], [ 5.18905, 51.95784 ], [ 5.18926, 51.95772 ], [ 5.18989, 51.95765 ], [ 5.19065, 51.95784 ], [ 5.19102, 51.958 ], [ 5.19158, 51.95798 ], [ 5.19188, 51.95793 ], [ 5.19208, 51.95793 ], [ 5.1924, 51.95865 ], [ 5.19238, 51.95882 ], [ 5.19251, 51.95895 ], [ 5.19033, 51.95895 ] ] } },
{ "type": "Feature", "properties": { "klompenpad_naam": "Glindhorsterpad", "url": "https://klompenpaden.nl/klompenpaden/Glindhorsterpad/db5700e5-f4c5-4631-8d37-5148160b1b1a", "date": null }, "geometry": { "type": "LineString", "coordinates": [ [ 5.52277, 52.11832 ], [ 5.52209, 52.11737 ], [ 5.52205, 52.11727 ], [ 5.5221, 52.11668 ], [ 5.52189, 52.11512 ], [ 5.52229, 52.11505 ], [ 5.52267, 52.11426 ], [ 5.52264, 52.11418 ], [ 5.52244, 52.114 ], [ 5.52276, 52.11265 ], [ 5.52288, 52.11225 ], [ 5.52303, 52.11215 ], [ 5.5238, 52.1118 ], [ 5.52017, 52.11082 ], [ 5.52012, 52.11097 ], [ 5.52017, 52.11134 ], [ 5.52008, 52.11139 ], [ 5.51937, 52.11111 ], [ 5.51876, 52.11102 ], [ 5.51784, 52.11182 ], [ 5.51643, 52.11123 ], [ 5.51581, 52.11102 ], [ 5.51574, 52.11111 ], [ 5.51559, 52.11107 ], [ 5.5153, 52.1113 ], [ 5.51501, 52.11141 ], [ 5.51468, 52.11147 ], [ 5.51429, 52.11138 ], [ 5.51391, 52.11147 ], [ 5.51358, 52.11152 ], [ 5.5132, 52.11155 ], [ 5.51303, 52.1117 ], [ 5.51286, 52.11175 ], [ 5.5126, 52.1118 ], [ 5.51198, 52.11177 ], [ 5.51185, 52.11169 ], [ 5.51179, 52.11158 ], [ 5.51171, 52.11158 ], [ 5.51158, 52.11161 ], [ 5.51152, 52.1117 ], [ 5.51144, 52.11173 ], [ 5.51096, 52.11173 ], [ 5.51072, 52.11167 ], [ 5.51064, 52.11167 ], [ 5.51055, 52.11173 ], [ 5.50951, 52.11186 ], [ 5.50945, 52.11189 ], [ 5.50945, 52.11194 ], [ 5.5095, 52.112 ], [ 5.50968, 52.11211 ], [ 5.5097, 52.11215 ], [ 5.50965, 52.11221 ], [ 5.509, 52.11183 ], [ 5.50795, 52.11186 ], [ 5.50703, 52.11322 ], [ 5.50775, 52.11383 ], [ 5.50771, 52.11393 ], [ 5.50765, 52.11484 ], [ 5.50757, 52.11563 ], [ 5.50753, 52.11561 ], [ 5.50713, 52.11558 ], [ 5.50706, 52.11581 ], [ 5.50662, 52.11581 ], [ 5.50586, 52.11597 ], [ 5.50381, 52.11656 ], [ 5.50427, 52.11712 ], [ 5.50481, 52.11858 ], [ 5.50528, 52.11977 ], [ 5.50644, 52.11964 ], [ 5.50653, 52.12003 ], [ 5.50655, 52.12023 ], [ 5.50653, 52.1204 ], [ 5.50661, 52.12052 ], [ 5.50662, 52.12057 ], [ 5.50681, 52.12099 ], [ 5.50714, 52.12161 ], [ 5.50688, 52.12163 ], [ 5.50688, 52.12168 ], [ 5.50693, 52.12178 ], [ 5.50691, 52.12185 ], [ 5.50679, 52.12194 ], [ 5.50656, 52.12199 ], [ 5.50613, 52.12206 ], [ 5.50583, 52.122 ], [ 5.50556, 52.12179 ], [ 5.50532, 52.12155 ], [ 5.50527, 52.12144 ], [ 5.50543, 52.12125 ], [ 5.50586, 52.12113 ], [ 5.50632, 52.12111 ], [ 5.50653, 52.12115 ], [ 5.50674, 52.12132 ], [ 5.50687, 52.1216 ], [ 5.50714, 52.12158 ], [ 5.50663, 52.12058 ], [ 5.50721, 52.12048 ], [ 5.50761, 52.12038 ], [ 5.50759, 52.12023 ], [ 5.50749, 52.11978 ], [ 5.50798, 52.11973 ], [ 5.50808, 52.11969 ], [ 5.50798, 52.11941 ], [ 5.50948, 52.11911 ], [ 5.5095, 52.11902 ], [ 5.50886, 52.11834 ], [ 5.50858, 52.11807 ], [ 5.50814, 52.11792 ], [ 5.50928, 52.11664 ], [ 5.51043, 52.11678 ], [ 5.51035, 52.11615 ], [ 5.51196, 52.11452 ], [ 5.51207, 52.1144 ], [ 5.51226, 52.11247 ], [ 5.51383, 52.11307 ], [ 5.51417, 52.11278 ], [ 5.51437, 52.11263 ], [ 5.51475, 52.11262 ], [ 5.51495, 52.11265 ], [ 5.51529, 52.11275 ], [ 5.51495, 52.11309 ], [ 5.51504, 52.11314 ], [ 5.5159, 52.11348 ], [ 5.51467, 52.11457 ], [ 5.51546, 52.11473 ], [ 5.51505, 52.11567 ], [ 5.51408, 52.11553 ], [ 5.51399, 52.11584 ], [ 5.51354, 52.11576 ], [ 5.51238, 52.11687 ], [ 5.51049, 52.11658 ], [ 5.51059, 52.11704 ], [ 5.51246, 52.1178 ], [ 5.51275, 52.11782 ], [ 5.51309, 52.11798 ], [ 5.51326, 52.11801 ], [ 5.51363, 52.11825 ], [ 5.51677, 52.11887 ], [ 5.51757, 52.11887 ], [ 5.51787, 52.11889 ], [ 5.51813, 52.11902 ], [ 5.51855, 52.11915 ], [ 5.51898, 52.11914 ], [ 5.52277, 52.11832 ], [ 5.52724, 52.12284 ], [ 5.52744, 52.1228 ], [ 5.52701, 52.12258 ], [ 5.52734, 52.12218 ], [ 5.52671, 52.12187 ], [ 5.5264, 52.12177 ], [ 5.52669, 52.12101 ], [ 5.52646, 52.12039 ], [ 5.5251, 52.12023 ], [ 5.52344, 52.11872 ], [ 5.52356, 52.11855 ], [ 5.52289, 52.11834 ], [ 5.52277, 52.11832 ], [ 5.52724, 52.12284 ], [ 5.52602, 52.12314 ], [ 5.5265, 52.12389 ], [ 5.52769, 52.12366 ], [ 5.52724, 52.12284 ] ] } },
{ "type": "Feature", "properties": { "klompenpad_naam": "Gerrit-Achterbergpad", "url": "https://klompenpaden.nl/klompenpaden/Gerrit-Achterbergpad/46c98db0-9bae-4e98-ad5b-b455308b506f", "date": null }, "geometry": { "type": "LineString", "coordinates": [ [ 5.34866, 51.97063 ], [ 5.34853, 51.97072 ], [ 5.34846, 51.97066 ], [ 5.34831, 51.97044 ], [ 5.3482, 51.97023 ], [ 5.34812, 51.97015 ], [ 5.34801, 51.97016 ], [ 5.34765, 51.97006 ], [ 5.34731, 51.96999 ], [ 5.34686, 51.96995 ], [ 5.34641, 51.96996 ], [ 5.34584, 51.97002 ], [ 5.34583, 51.96994 ], [ 5.34585, 51.96988 ], [ 5.34581, 51.96976 ], [ 5.34572, 51.96971 ], [ 5.34554, 51.96979 ], [ 5.34524, 51.96983 ], [ 5.34466, 51.96994 ], [ 5.34456, 51.96992 ], [ 5.3444, 51.96993 ], [ 5.34417, 51.97001 ], [ 5.34406, 51.97002 ], [ 5.34409, 51.97009 ], [ 5.3444, 51.97025 ], [ 5.34416, 51.97054 ], [ 5.34379, 51.97066 ], [ 5.34503, 51.97247 ], [ 5.34551, 51.97324 ], [ 5.3457, 51.97319 ], [ 5.34647, 51.97367 ], [ 5.34657, 51.97367 ], [ 5.34679, 51.97387 ], [ 5.34672, 51.97392 ], [ 5.34754, 51.97481 ], [ 5.34702, 51.97492 ], [ 5.34709, 51.97508 ], [ 5.34719, 51.9751 ], [ 5.34764, 51.97542 ], [ 5.3476, 51.97548 ], [ 5.34773, 51.97572 ], [ 5.34752, 51.97588 ], [ 5.34833, 51.97635 ], [ 5.34904, 51.97692 ], [ 5.35027, 51.97833 ], [ 5.35043, 51.97863 ], [ 5.35078, 51.98002 ], [ 5.3508, 51.98025 ], [ 5.35087, 51.98024 ], [ 5.35113, 51.9804 ], [ 5.351, 51.98074 ], [ 5.35092, 51.98106 ], [ 5.35085, 51.98161 ], [ 5.35089, 51.98174 ], [ 5.35108, 51.98193 ], [ 5.35101, 51.98203 ], [ 5.35136, 51.98215 ], [ 5.35221, 51.98231 ], [ 5.35345, 51.98259 ], [ 5.3554, 51.98317 ], [ 5.35685, 51.98366 ], [ 5.35691, 51.98377 ], [ 5.35737, 51.98388 ], [ 5.35851, 51.98397 ], [ 5.3585, 51.98406 ], [ 5.35875, 51.98426 ], [ 5.35919, 51.98455 ], [ 5.35934, 51.98461 ], [ 5.35964, 51.98488 ], [ 5.35974, 51.98503 ], [ 5.36042, 51.9855 ], [ 5.36063, 51.98569 ], [ 5.36084, 51.98584 ], [ 5.361, 51.9859 ], [ 5.36129, 51.98616 ], [ 5.36137, 51.98628 ], [ 5.36162, 51.98643 ], [ 5.36211, 51.98683 ], [ 5.36232, 51.98705 ], [ 5.36249, 51.98715 ], [ 5.36249, 51.98724 ], [ 5.36278, 51.98735 ], [ 5.363, 51.98759 ], [ 5.36319, 51.98769 ], [ 5.36327, 51.98786 ], [ 5.36351, 51.98802 ], [ 5.36364, 51.98801 ], [ 5.36379, 51.98809 ], [ 5.36383, 51.98828 ], [ 5.36423, 51.9885 ], [ 5.36431, 51.98861 ], [ 5.3646, 51.98869 ], [ 5.36467, 51.98887 ], [ 5.36478, 51.98894 ], [ 5.36483, 51.98903 ], [ 5.36516, 51.98928 ], [ 5.36519, 51.98936 ], [ 5.36509, 51.98944 ], [ 5.36508, 51.98959 ], [ 5.3661, 51.99039 ], [ 5.36615, 51.99053 ], [ 5.36662, 51.99082 ], [ 5.36679, 51.99104 ], [ 5.36715, 51.99124 ], [ 5.36847, 51.99227 ], [ 5.3688, 51.99258 ], [ 5.36914, 51.99283 ], [ 5.36963, 51.99322 ], [ 5.36456, 51.99543 ], [ 5.35759, 51.9984 ], [ 5.35184, 52.0011 ], [ 5.34643, 52.00417 ], [ 5.34493, 52.00524 ], [ 5.34451, 52.00511 ], [ 5.34423, 52.00477 ], [ 5.34314, 52.00407 ], [ 5.34288, 52.00405 ], [ 5.34128, 52.00473 ], [ 5.33974, 52.00545 ], [ 5.33966, 52.00561 ], [ 5.34026, 52.00618 ], [ 5.34099, 52.00663 ], [ 5.34029, 52.00698 ], [ 5.34002, 52.00707 ], [ 5.34024, 52.00732 ], [ 5.34045, 52.00729 ], [ 5.34083, 52.00759 ], [ 5.34088, 52.00795 ], [ 5.34094, 52.00802 ], [ 5.34145, 52.00811 ], [ 5.34169, 52.0083 ], [ 5.34167, 52.0085 ], [ 5.34204, 52.00877 ], [ 5.34211, 52.009 ], [ 5.34198, 52.00916 ], [ 5.34199, 52.00923 ], [ 5.34352, 52.01043 ], [ 5.34425, 52.01028 ], [ 5.34458, 52.0101 ], [ 5.34512, 52.01062 ], [ 5.34528, 52.01091 ], [ 5.34559, 52.01114 ], [ 5.34598, 52.01135 ], [ 5.34613, 52.01157 ], [ 5.34633, 52.01166 ], [ 5.34664, 52.01216 ], [ 5.34702, 52.01265 ], [ 5.34707, 52.01282 ], [ 5.34776, 52.01281 ], [ 5.34798, 52.01302 ], [ 5.34833, 52.01308 ], [ 5.34941, 52.0126 ], [ 5.34975, 52.01279 ], [ 5.35029, 52.01302 ], [ 5.35098, 52.01328 ], [ 5.3517, 52.01378 ], [ 5.35299, 52.01487 ], [ 5.35393, 52.01444 ], [ 5.35465, 52.01414 ], [ 5.35505, 52.01393 ], [ 5.35549, 52.01364 ], [ 5.3571, 52.0129 ], [ 5.35866, 52.01222 ], [ 5.35882, 52.01239 ], [ 5.3645, 52.01573 ], [ 5.36843, 52.01797 ], [ 5.36674, 52.01918 ], [ 5.36679, 52.01931 ], [ 5.36892, 52.02108 ], [ 5.36738, 52.02153 ], [ 5.36468, 52.02331 ], [ 5.36529, 52.02478 ], [ 5.36584, 52.02602 ], [ 5.36591, 52.02626 ], [ 5.36566, 52.02695 ], [ 5.36597, 52.02726 ], [ 5.36624, 52.02747 ], [ 5.36826, 52.02992 ], [ 5.36844, 52.03011 ], [ 5.36895, 52.03053 ], [ 5.36958, 52.03155 ] ] } },
{ "type": "Feature", "properties": { "klompenpad_naam": "Ganderpad", "url": "https://klompenpaden.nl/klompenpaden/Ganderpad/65837b44-08b0-4bef-9595-3fa1d49fcb42", "date": null }, "geometry": { "type": "LineString", "coordinates": [ [ 6.32796, 51.93688 ], [ 6.33189, 51.93908 ], [ 6.33313, 51.9381 ], [ 6.3342, 51.93797 ], [ 6.335, 51.93763 ], [ 6.33529, 51.93772 ], [ 6.33583, 51.93776 ], [ 6.33836, 51.93776 ], [ 6.33873, 51.93809 ], [ 6.33894, 51.93831 ], [ 6.33902, 51.93849 ], [ 6.33907, 51.93938 ], [ 6.33925, 51.94051 ], [ 6.33946, 51.94096 ], [ 6.34003, 51.94164 ], [ 6.34019, 51.94193 ], [ 6.34023, 51.94238 ], [ 6.34013, 51.9427 ], [ 6.33999, 51.94303 ], [ 6.33997, 51.94335 ], [ 6.34012, 51.94356 ], [ 6.34033, 51.94372 ], [ 6.34066, 51.94388 ], [ 6.34119, 51.94403 ], [ 6.3417, 51.94414 ], [ 6.34139, 51.94455 ], [ 6.34117, 51.94463 ], [ 6.34078, 51.94469 ], [ 6.33961, 51.94464 ], [ 6.34139, 51.94473 ], [ 6.34193, 51.94557 ], [ 6.34226, 51.94651 ], [ 6.34272, 51.94732 ], [ 6.34329, 51.94755 ], [ 6.34407, 51.94774 ], [ 6.34479, 51.94787 ], [ 6.34673, 51.94849 ], [ 6.34705, 51.94852 ], [ 6.34749, 51.94852 ], [ 6.35199, 51.94829 ], [ 6.35301, 51.94813 ], [ 6.35371, 51.94808 ], [ 6.35502, 51.94789 ], [ 6.35616, 51.94765 ], [ 6.35689, 51.94737 ], [ 6.35688, 51.94729 ], [ 6.35699, 51.94716 ], [ 6.35721, 51.94704 ], [ 6.357, 51.94684 ], [ 6.35708, 51.94676 ], [ 6.35729, 51.9464 ], [ 6.3574, 51.94611 ], [ 6.35745, 51.94591 ], [ 6.35744, 51.94578 ], [ 6.35727, 51.94546 ], [ 6.35715, 51.94534 ], [ 6.35691, 51.94515 ], [ 6.35688, 51.94507 ], [ 6.35695, 51.94471 ], [ 6.35695, 51.94465 ], [ 6.35692, 51.94461 ], [ 6.35723, 51.94429 ], [ 6.35773, 51.94447 ], [ 6.36165, 51.94545 ], [ 6.36265, 51.94446 ], [ 6.36357, 51.94489 ], [ 6.36486, 51.94544 ], [ 6.36532, 51.94548 ], [ 6.36568, 51.94538 ], [ 6.36701, 51.94461 ], [ 6.37058, 51.94359 ], [ 6.37059, 51.94338 ], [ 6.37008, 51.94248 ], [ 6.37013, 51.94238 ], [ 6.37025, 51.94237 ], [ 6.37014, 51.94224 ], [ 6.36977, 51.94188 ], [ 6.36951, 51.94167 ], [ 6.36895, 51.94139 ], [ 6.36912, 51.94128 ], [ 6.36917, 51.94113 ], [ 6.36838, 51.93986 ], [ 6.36777, 51.93936 ], [ 6.36663, 51.93766 ], [ 6.36663, 51.93757 ], [ 6.36667, 51.93753 ], [ 6.36683, 51.93746 ], [ 6.36776, 51.93726 ], [ 6.3679, 51.9372 ], [ 6.36794, 51.93712 ], [ 6.36791, 51.93703 ], [ 6.36675, 51.93633 ], [ 6.3657, 51.93563 ], [ 6.36351, 51.93398 ], [ 6.36169, 51.93345 ], [ 6.36161, 51.93324 ], [ 6.35944, 51.93319 ], [ 6.3587, 51.93308 ], [ 6.35734, 51.93244 ], [ 6.35669, 51.93244 ], [ 6.35679, 51.93196 ], [ 6.3569, 51.93165 ], [ 6.3577, 51.9312 ], [ 6.35855, 51.93123 ], [ 6.35894, 51.93108 ], [ 6.35941, 51.931 ], [ 6.3596, 51.93101 ], [ 6.35993, 51.93128 ], [ 6.36013, 51.93138 ], [ 6.3604, 51.9314 ], [ 6.36132, 51.93136 ], [ 6.36248, 51.93118 ], [ 6.36265, 51.93119 ], [ 6.3628, 51.93125 ], [ 6.36293, 51.93126 ], [ 6.36306, 51.93122 ], [ 6.36332, 51.93106 ], [ 6.36363, 51.93095 ], [ 6.36306, 51.93028 ], [ 6.36296, 51.93009 ], [ 6.36306, 51.92979 ], [ 6.36303, 51.92967 ], [ 6.36113, 51.92967 ], [ 6.36034, 51.92943 ], [ 6.35986, 51.92943 ], [ 6.35866, 51.9295 ], [ 6.35853, 51.92912 ], [ 6.35831, 51.92894 ], [ 6.35823, 51.9285 ], [ 6.35829, 51.92803 ], [ 6.35886, 51.92732 ], [ 6.35898, 51.92628 ], [ 6.35912, 51.92615 ], [ 6.35913, 51.92594 ], [ 6.35892, 51.92566 ], [ 6.3587, 51.92543 ], [ 6.35823, 51.92558 ], [ 6.35666, 51.92478 ], [ 6.35624, 51.92506 ], [ 6.35559, 51.92454 ], [ 6.35579, 51.92427 ], [ 6.35524, 51.92391 ], [ 6.35504, 51.92387 ], [ 6.35496, 51.92389 ], [ 6.35421, 51.92394 ], [ 6.3534, 51.92409 ], [ 6.35191, 51.92394 ], [ 6.35158, 51.92397 ], [ 6.35108, 51.92394 ], [ 6.35073, 51.9239 ], [ 6.35037, 51.92381 ], [ 6.34997, 51.92377 ], [ 6.34955, 51.92388 ], [ 6.34957, 51.92379 ], [ 6.34935, 51.92385 ], [ 6.3492, 51.9241 ], [ 6.34905, 51.92441 ], [ 6.34875, 51.92468 ], [ 6.34825, 51.92485 ], [ 6.34758, 51.92503 ], [ 6.34677, 51.92511 ], [ 6.3464, 51.92512 ], [ 6.34464, 51.92532 ], [ 6.34438, 51.92533 ], [ 6.3435, 51.92521 ], [ 6.34299, 51.92519 ], [ 6.34244, 51.9252 ], [ 6.34212, 51.92523 ], [ 6.34171, 51.92531 ], [ 6.34073, 51.92561 ], [ 6.34041, 51.92565 ], [ 6.3401, 51.92566 ], [ 6.33979, 51.92509 ], [ 6.33936, 51.92449 ], [ 6.33879, 51.92463 ], [ 6.33818, 51.92468 ], [ 6.33378, 51.92523 ], [ 6.33293, 51.9256 ], [ 6.3315, 51.92675 ], [ 6.32987, 51.92801 ], [ 6.32777, 51.92916 ], [ 6.32698, 51.92982 ], [ 6.32619, 51.93086 ], [ 6.32492, 51.93225 ], [ 6.32427, 51.93285 ], [ 6.32344, 51.93347 ], [ 6.32234, 51.93405 ], [ 6.3211, 51.93462 ], [ 6.32082, 51.93488 ], [ 6.3208, 51.93528 ], [ 6.32094, 51.93574 ], [ 6.32129, 51.93616 ], [ 6.32192, 51.9367 ], [ 6.32231, 51.93695 ], [ 6.32263, 51.93704 ], [ 6.32292, 51.9371 ], [ 6.32314, 51.93717 ], [ 6.32453, 51.93671 ], [ 6.32657, 51.93611 ], [ 6.32797, 51.93688 ] ] } },
{ "type": "Feature", "properties": { "klompenpad_naam": "Fliertpad", "url": "https://klompenpaden.nl/klompenpaden/Fliertpad/e89287fc-e1cc-4609-a612-4a1155ef8d71", "date": null }, "geometry": { "type": "LineString", "coordinates": [ [ 6.11263, 52.23634 ], [ 6.11333, 52.23532 ], [ 6.11432, 52.23501 ], [ 6.11448, 52.235 ], [ 6.11466, 52.23493 ], [ 6.11471, 52.23481 ], [ 6.11473, 52.23444 ], [ 6.11472, 52.23409 ], [ 6.11488, 52.23299 ], [ 6.11514, 52.23299 ], [ 6.11598, 52.23304 ], [ 6.11602, 52.23309 ], [ 6.11603, 52.23319 ], [ 6.11608, 52.23324 ], [ 6.11616, 52.23327 ], [ 6.11819, 52.23346 ], [ 6.11825, 52.23348 ], [ 6.11821, 52.2339 ], [ 6.1195, 52.23387 ], [ 6.11951, 52.23397 ], [ 6.11996, 52.23396 ], [ 6.12037, 52.23393 ], [ 6.12054, 52.23404 ], [ 6.12073, 52.23399 ], [ 6.12432, 52.23328 ], [ 6.12655, 52.23334 ], [ 6.12733, 52.23322 ], [ 6.12769, 52.23314 ], [ 6.12814, 52.23311 ], [ 6.12959, 52.23398 ], [ 6.12972, 52.23388 ], [ 6.1305, 52.23428 ], [ 6.13065, 52.23446 ], [ 6.1308, 52.23474 ], [ 6.13189, 52.23473 ], [ 6.13191, 52.23467 ], [ 6.13201, 52.23463 ], [ 6.1321, 52.23463 ], [ 6.13217, 52.23465 ], [ 6.13221, 52.2347 ], [ 6.1322, 52.23475 ], [ 6.13378, 52.23492 ], [ 6.13489, 52.23502 ], [ 6.13485, 52.23508 ], [ 6.13487, 52.23509 ], [ 6.13957, 52.24241 ], [ 6.13959, 52.24251 ], [ 6.13964, 52.24264 ], [ 6.13997, 52.24272 ], [ 6.14009, 52.24279 ], [ 6.13973, 52.24319 ], [ 6.13972, 52.24329 ], [ 6.13976, 52.2436 ], [ 6.13976, 52.24386 ], [ 6.14023, 52.24408 ], [ 6.14072, 52.24424 ], [ 6.142, 52.24455 ], [ 6.14292, 52.24469 ], [ 6.14303, 52.24474 ], [ 6.14298, 52.24543 ], [ 6.14293, 52.2456 ], [ 6.14278, 52.24573 ], [ 6.14259, 52.24582 ], [ 6.1415, 52.24611 ], [ 6.13974, 52.24625 ], [ 6.13962, 52.24622 ], [ 6.13893, 52.24622 ], [ 6.13821, 52.24631 ], [ 6.138, 52.24638 ], [ 6.13419, 52.24666 ], [ 6.13394, 52.24666 ], [ 6.13374, 52.24664 ], [ 6.13357, 52.24671 ], [ 6.13349, 52.24672 ], [ 6.13394, 52.24709 ], [ 6.13394, 52.24709 ], [ 6.13416, 52.24726 ], [ 6.1342, 52.24724 ], [ 6.13447, 52.24727 ], [ 6.13464, 52.24725 ], [ 6.13467, 52.2472 ], [ 6.13462, 52.24716 ], [ 6.13434, 52.24707 ], [ 6.13394, 52.24709 ], [ 6.13394, 52.24709 ], [ 6.13343, 52.24712 ], [ 6.13241, 52.24753 ], [ 6.13238, 52.24758 ], [ 6.13191, 52.24775 ], [ 6.13167, 52.24775 ], [ 6.13085, 52.24764 ], [ 6.13038, 52.24766 ], [ 6.12917, 52.24788 ], [ 6.1288, 52.24789 ], [ 6.12788, 52.24772 ], [ 6.12727, 52.2477 ], [ 6.12682, 52.24771 ], [ 6.12645, 52.24774 ], [ 6.12578, 52.24786 ], [ 6.12534, 52.24802 ], [ 6.12491, 52.24822 ], [ 6.12441, 52.24834 ], [ 6.12364, 52.24824 ], [ 6.12355, 52.24784 ], [ 6.12359, 52.24774 ], [ 6.12416, 52.24761 ], [ 6.12416, 52.24761 ], [ 6.124, 52.24748 ], [ 6.12419, 52.24761 ], [ 6.12416, 52.24761 ], [ 6.12416, 52.24761 ], [ 6.12351, 52.24776 ], [ 6.1236, 52.24821 ], [ 6.12344, 52.24827 ], [ 6.12328, 52.24829 ], [ 6.12277, 52.24822 ], [ 6.12237, 52.24824 ], [ 6.12196, 52.24835 ], [ 6.12151, 52.24853 ], [ 6.12121, 52.24856 ], [ 6.12039, 52.2486 ], [ 6.11992, 52.24866 ], [ 6.1197, 52.24878 ], [ 6.11937, 52.24907 ], [ 6.11869, 52.24975 ], [ 6.1186, 52.25006 ], [ 6.11859, 52.25055 ], [ 6.1187, 52.25087 ], [ 6.11856, 52.25088 ], [ 6.11832, 52.251 ], [ 6.11821, 52.25101 ], [ 6.11801, 52.25098 ], [ 6.11454, 52.24994 ], [ 6.11402, 52.24981 ], [ 6.11179, 52.24905 ], [ 6.11167, 52.24918 ], [ 6.11144, 52.24931 ], [ 6.11136, 52.2496 ], [ 6.11122, 52.24979 ], [ 6.11123, 52.25012 ], [ 6.11118, 52.25034 ], [ 6.11114, 52.25043 ], [ 6.11101, 52.25058 ], [ 6.11092, 52.25075 ], [ 6.11091, 52.25084 ], [ 6.11095, 52.25092 ], [ 6.11093, 52.25111 ], [ 6.11086, 52.25116 ], [ 6.11073, 52.2512 ], [ 6.1106, 52.25121 ], [ 6.10991, 52.25111 ], [ 6.10962, 52.25109 ], [ 6.10947, 52.25107 ], [ 6.10936, 52.25102 ], [ 6.10926, 52.25096 ], [ 6.10921, 52.25088 ], [ 6.10924, 52.25062 ], [ 6.10918, 52.25034 ], [ 6.10913, 52.25026 ], [ 6.10911, 52.25017 ], [ 6.10892, 52.25003 ], [ 6.10881, 52.24998 ], [ 6.10869, 52.24996 ], [ 6.10791, 52.24972 ], [ 6.10762, 52.2497 ], [ 6.10749, 52.24968 ], [ 6.10737, 52.24964 ], [ 6.10727, 52.24958 ], [ 6.10714, 52.24962 ], [ 6.10703, 52.24968 ], [ 6.10688, 52.24983 ], [ 6.10674, 52.24989 ], [ 6.1066, 52.2499 ], [ 6.1065, 52.24985 ], [ 6.10647, 52.24976 ], [ 6.10533, 52.25038 ], [ 6.10536, 52.25041 ], [ 6.10526, 52.25055 ], [ 6.10507, 52.25056 ], [ 6.10238, 52.25027 ], [ 6.10234, 52.25028 ], [ 6.10186, 52.2506 ], [ 6.10116, 52.25103 ], [ 6.10035, 52.25143 ], [ 6.09804, 52.25251 ], [ 6.09794, 52.25255 ], [ 6.09776, 52.2526 ], [ 6.09721, 52.25265 ], [ 6.09646, 52.25281 ], [ 6.09627, 52.25281 ], [ 6.09476, 52.25253 ], [ 6.0946, 52.25253 ], [ 6.09432, 52.25256 ], [ 6.09219, 52.253 ], [ 6.09171, 52.25306 ], [ 6.09159, 52.25296 ], [ 6.09153, 52.25295 ], [ 6.09069, 52.25347 ], [ 6.08878, 52.2546 ], [ 6.08852, 52.25474 ], [ 6.08743, 52.25494 ], [ 6.08692, 52.25449 ], [ 6.08627, 52.25346 ], [ 6.08567, 52.25207 ], [ 6.08537, 52.25196 ], [ 6.08416, 52.25217 ], [ 6.08412, 52.25202 ], [ 6.0841, 52.25177 ], [ 6.08412, 52.25163 ], [ 6.08383, 52.25155 ], [ 6.07903, 52.25052 ], [ 6.07804, 52.25056 ], [ 6.07798, 52.25059 ], [ 6.07768, 52.25165 ], [ 6.07758, 52.25168 ], [ 6.07436, 52.2514 ], [ 6.07434, 52.25143 ], [ 6.07419, 52.25144 ], [ 6.07262, 52.25057 ], [ 6.0727, 52.25057 ], [ 6.0738, 52.25001 ], [ 6.07459, 52.24971 ], [ 6.07472, 52.2497 ], [ 6.07513, 52.24971 ], [ 6.07711, 52.24989 ], [ 6.07744, 52.2496 ], [ 6.07778, 52.24957 ], [ 6.0781, 52.24935 ], [ 6.07897, 52.24866 ], [ 6.07963, 52.24829 ], [ 6.08096, 52.24904 ], [ 6.08105, 52.24904 ], [ 6.08154, 52.24882 ], [ 6.08225, 52.24867 ], [ 6.08401, 52.24823 ], [ 6.08411, 52.24826 ], [ 6.08561, 52.24806 ], [ 6.08945, 52.24762 ], [ 6.09317, 52.24715 ], [ 6.09332, 52.2471 ], [ 6.09332, 52.247 ], [ 6.09317, 52.24648 ], [ 6.09312, 52.24608 ], [ 6.09317, 52.24598 ], [ 6.09328, 52.24592 ], [ 6.09333, 52.24591 ], [ 6.09373, 52.24588 ], [ 6.09563, 52.24584 ], [ 6.09568, 52.24572 ], [ 6.09585, 52.2457 ], [ 6.09588, 52.24552 ], [ 6.09599, 52.24523 ], [ 6.09629, 52.24457 ], [ 6.0965, 52.24433 ], [ 6.09672, 52.24413 ], [ 6.09676, 52.24415 ], [ 6.09681, 52.24413 ], [ 6.09688, 52.24415 ], [ 6.09705, 52.24439 ], [ 6.09739, 52.2446 ], [ 6.09795, 52.24492 ], [ 6.09813, 52.24508 ], [ 6.09829, 52.24513 ], [ 6.09855, 52.24509 ], [ 6.09876, 52.245 ], [ 6.09896, 52.245 ], [ 6.09951, 52.24552 ], [ 6.09966, 52.24559 ], [ 6.0998, 52.24563 ], [ 6.10059, 52.24622 ], [ 6.10103, 52.24642 ], [ 6.10266, 52.24715 ], [ 6.10429, 52.24756 ], [ 6.1078, 52.24833 ], [ 6.10993, 52.24843 ], [ 6.1102, 52.24849 ], [ 6.11061, 52.24868 ], [ 6.11076, 52.24836 ], [ 6.11091, 52.24791 ], [ 6.11098, 52.24732 ], [ 6.11151, 52.24592 ], [ 6.11175, 52.24539 ], [ 6.11215, 52.24435 ], [ 6.11191, 52.24417 ], [ 6.11202, 52.24402 ], [ 6.11246, 52.24325 ], [ 6.11288, 52.24233 ], [ 6.11305, 52.24232 ], [ 6.11425, 52.24255 ], [ 6.11454, 52.24275 ], [ 6.1147, 52.24273 ], [ 6.11469, 52.24244 ], [ 6.11458, 52.24219 ], [ 6.11399, 52.24166 ], [ 6.1136, 52.24109 ], [ 6.11361, 52.24097 ], [ 6.11441, 52.24079 ], [ 6.11435, 52.24068 ], [ 6.11445, 52.2405 ], [ 6.11483, 52.24003 ], [ 6.11503, 52.23975 ], [ 6.11439, 52.23954 ], [ 6.11412, 52.23935 ], [ 6.11391, 52.23927 ], [ 6.11366, 52.23916 ], [ 6.11349, 52.23903 ], [ 6.1136, 52.23863 ], [ 6.11366, 52.23852 ], [ 6.11389, 52.23853 ], [ 6.11411, 52.23861 ], [ 6.11432, 52.23789 ], [ 6.11317, 52.23774 ], [ 6.11308, 52.23757 ], [ 6.11321, 52.23719 ], [ 6.11336, 52.23685 ], [ 6.11334, 52.23671 ], [ 6.11323, 52.23665 ], [ 6.11274, 52.23651 ], [ 6.11267, 52.23643 ], [ 6.11263, 52.23634 ], [ 6.13487, 52.23509 ], [ 6.13356, 52.23627 ], [ 6.13355, 52.23679 ], [ 6.13576, 52.23686 ], [ 6.13618, 52.23684 ], [ 6.13711, 52.23673 ], [ 6.1378, 52.23677 ], [ 6.13796, 52.23679 ], [ 6.13801, 52.23682 ], [ 6.138, 52.23756 ], [ 6.13833, 52.23795 ], [ 6.13842, 52.23802 ], [ 6.13868, 52.23827 ], [ 6.13898, 52.23845 ], [ 6.13962, 52.23876 ], [ 6.14016, 52.23899 ], [ 6.14084, 52.23916 ], [ 6.14199, 52.23934 ], [ 6.14248, 52.23944 ], [ 6.14287, 52.23971 ], [ 6.14314, 52.23997 ], [ 6.14322, 52.24019 ], [ 6.14321, 52.24049 ], [ 6.14313, 52.24133 ], [ 6.14278, 52.24146 ], [ 6.14273, 52.24154 ], [ 6.14242, 52.24154 ], [ 6.14223, 52.24164 ], [ 6.14219, 52.24157 ], [ 6.14166, 52.24142 ], [ 6.14139, 52.24143 ], [ 6.141, 52.2415 ], [ 6.14067, 52.24167 ], [ 6.14055, 52.24177 ], [ 6.14048, 52.24193 ], [ 6.14017, 52.24219 ], [ 6.13996, 52.24228 ], [ 6.13957, 52.24238 ], [ 6.13957, 52.24241 ] ] } },
{ "type": "Feature", "properties": { "klompenpad_naam": "Engelroderpad", "url": "https://klompenpaden.nl/klompenpaden/Engelroderpad/8cbc4362-0f2d-4eb6-82ee-5b009947bf18", "date": null }, "geometry": { "type": "LineString", "coordinates": [ [ 5.28475, 51.94302 ], [ 5.2843, 51.94317 ], [ 5.28364, 51.94332 ], [ 5.28363, 51.94343 ], [ 5.28378, 51.94352 ], [ 5.28269, 51.9438 ], [ 5.28235, 51.944 ], [ 5.28174, 51.9444 ], [ 5.28156, 51.94446 ], [ 5.28099, 51.94474 ], [ 5.2801, 51.94509 ], [ 5.27977, 51.94519 ], [ 5.27957, 51.9454 ], [ 5.27859, 51.94586 ], [ 5.27809, 51.94618 ], [ 5.27798, 51.94644 ], [ 5.27773, 51.94644 ], [ 5.27726, 51.94666 ], [ 5.27762, 51.94684 ], [ 5.27746, 51.94696 ], [ 5.27812, 51.94731 ], [ 5.27763, 51.94759 ], [ 5.27691, 51.94802 ], [ 5.27661, 51.94815 ], [ 5.27633, 51.94817 ], [ 5.27617, 51.94814 ], [ 5.27593, 51.94804 ], [ 5.27588, 51.94795 ], [ 5.27603, 51.94779 ], [ 5.27595, 51.94762 ], [ 5.27575, 51.94758 ], [ 5.27558, 51.94761 ], [ 5.27546, 51.94769 ], [ 5.27542, 51.94776 ], [ 5.27541, 51.94785 ], [ 5.27546, 51.94795 ], [ 5.2757, 51.94823 ], [ 5.27568, 51.94831 ], [ 5.2756, 51.94839 ], [ 5.27508, 51.94855 ], [ 5.27502, 51.94874 ], [ 5.27513, 51.94901 ], [ 5.27502, 51.94909 ], [ 5.27475, 51.94911 ], [ 5.27451, 51.94899 ], [ 5.27442, 51.94882 ], [ 5.27451, 51.94865 ], [ 5.27455, 51.94842 ], [ 5.27451, 51.94823 ], [ 5.27426, 51.94813 ], [ 5.27377, 51.94821 ], [ 5.2743, 51.94952 ], [ 5.27574, 51.94932 ], [ 5.27614, 51.95043 ], [ 5.27645, 51.95147 ], [ 5.27657, 51.95205 ], [ 5.27663, 51.95268 ], [ 5.27683, 51.9527 ], [ 5.27695, 51.95282 ], [ 5.27577, 51.95337 ], [ 5.2754, 51.95438 ], [ 5.27634, 51.95457 ], [ 5.2774, 51.95489 ], [ 5.27784, 51.95493 ], [ 5.27787, 51.95547 ], [ 5.27924, 51.95507 ], [ 5.28154, 51.955 ], [ 5.28382, 51.95384 ], [ 5.28418, 51.95348 ], [ 5.28508, 51.95392 ], [ 5.28538, 51.95361 ], [ 5.28523, 51.95352 ], [ 5.28551, 51.95312 ], [ 5.28584, 51.95273 ], [ 5.28659, 51.95243 ], [ 5.28744, 51.95152 ], [ 5.28883, 51.95083 ], [ 5.28919, 51.95048 ], [ 5.2893, 51.95024 ], [ 5.28886, 51.94993 ], [ 5.2901, 51.94933 ], [ 5.29106, 51.94913 ], [ 5.29115, 51.94904 ], [ 5.29141, 51.94893 ], [ 5.29248, 51.94827 ], [ 5.29301, 51.94854 ], [ 5.29368, 51.94869 ], [ 5.29365, 51.94887 ], [ 5.29415, 51.94957 ], [ 5.29223, 51.95027 ], [ 5.29267, 51.95091 ], [ 5.29373, 51.95066 ], [ 5.294, 51.95117 ], [ 5.29453, 51.95191 ], [ 5.29521, 51.95208 ], [ 5.29539, 51.95231 ], [ 5.29596, 51.9525 ], [ 5.29614, 51.95272 ], [ 5.29674, 51.95269 ], [ 5.29801, 51.95401 ], [ 5.29782, 51.95434 ], [ 5.29826, 51.95479 ], [ 5.29959, 51.95449 ], [ 5.30142, 51.95446 ], [ 5.30338, 51.95403 ], [ 5.30426, 51.95395 ], [ 5.30641, 51.95179 ], [ 5.30748, 51.94887 ], [ 5.30701, 51.94842 ], [ 5.30597, 51.94778 ], [ 5.30514, 51.94766 ], [ 5.30492, 51.94739 ], [ 5.30492, 51.9469 ], [ 5.30545, 51.9461 ], [ 5.306, 51.94584 ], [ 5.30641, 51.94532 ], [ 5.30687, 51.94481 ], [ 5.30712, 51.94477 ], [ 5.30823, 51.94389 ], [ 5.30891, 51.94331 ], [ 5.30971, 51.94276 ], [ 5.31041, 51.94254 ], [ 5.31066, 51.94217 ], [ 5.31133, 51.9419 ], [ 5.31099, 51.94136 ], [ 5.31093, 51.94106 ], [ 5.31057, 51.94105 ], [ 5.31011, 51.94115 ], [ 5.31002, 51.94098 ], [ 5.30951, 51.94104 ], [ 5.30834, 51.94088 ], [ 5.30663, 51.94077 ], [ 5.30359, 51.94039 ], [ 5.30189, 51.94005 ], [ 5.29958, 51.9392 ], [ 5.29824, 51.94136 ], [ 5.29799, 51.9414 ], [ 5.29741, 51.94115 ], [ 5.29644, 51.94092 ], [ 5.29511, 51.94073 ], [ 5.29384, 51.94072 ], [ 5.29287, 51.94079 ], [ 5.29197, 51.94106 ], [ 5.29151, 51.94143 ], [ 5.29025, 51.94275 ], [ 5.29004, 51.94328 ], [ 5.29027, 51.94363 ], [ 5.29019, 51.94368 ], [ 5.28975, 51.94351 ], [ 5.28783, 51.94337 ], [ 5.28629, 51.94312 ], [ 5.28579, 51.94295 ], [ 5.28535, 51.94285 ], [ 5.28506, 51.9429 ], [ 5.28476, 51.94302 ], [ 5.28445, 51.94282 ], [ 5.28423, 51.9427 ], [ 5.28397, 51.9427 ], [ 5.28375, 51.94256 ], [ 5.28375, 51.94238 ], [ 5.28352, 51.94217 ], [ 5.28352, 51.94217 ], [ 5.28349, 51.94215 ], [ 5.2834, 51.94224 ], [ 5.28336, 51.94246 ], [ 5.28326, 51.94263 ], [ 5.28235, 51.94319 ], [ 5.28204, 51.94336 ], [ 5.28086, 51.94258 ], [ 5.27955, 51.9418 ], [ 5.28018, 51.94153 ], [ 5.27907, 51.94025 ], [ 5.27954, 51.93999 ], [ 5.27939, 51.9399 ], [ 5.27965, 51.93969 ], [ 5.27859, 51.93906 ], [ 5.27815, 51.93887 ], [ 5.27821, 51.93881 ], [ 5.27654, 51.93823 ], [ 5.2695, 51.93591 ], [ 5.2694, 51.936 ], [ 5.26316, 51.93393 ], [ 5.26318, 51.93389 ], [ 5.26295, 51.93374 ], [ 5.26028, 51.93148 ], [ 5.25992, 51.93141 ], [ 5.25831, 51.93277 ], [ 5.25649, 51.93096 ], [ 5.25219, 51.93239 ], [ 5.24926, 51.93023 ], [ 5.24885, 51.93051 ], [ 5.24646, 51.92888 ], [ 5.25145, 51.92552 ], [ 5.25548, 51.92469 ], [ 5.2557, 51.92467 ], [ 5.25915, 51.9239 ], [ 5.26494, 51.92679 ], [ 5.26704, 51.92789 ], [ 5.27568, 51.93224 ], [ 5.27599, 51.93243 ], [ 5.27793, 51.93281 ], [ 5.27942, 51.93307 ], [ 5.28078, 51.93306 ], [ 5.28101, 51.93289 ], [ 5.28124, 51.93291 ], [ 5.28226, 51.93292 ], [ 5.28493, 51.93402 ], [ 5.2925, 51.93739 ], [ 5.29272, 51.93759 ], [ 5.29131, 51.93822 ], [ 5.28965, 51.93914 ], [ 5.28519, 51.9417 ], [ 5.28398, 51.94207 ], [ 5.2838, 51.94206 ], [ 5.28362, 51.94208 ], [ 5.28352, 51.94217 ] ] } },
{ "type": "Feature", "properties": { "klompenpad_naam": "Engelenburgerpad", "url": "https://klompenpaden.nl/klompenpaden/Engelenburgerpad/cc984b68-841c-40ea-8d6d-9d79800b9a1c", "date": null }, "geometry": { "type": "LineString", "coordinates": [ [ 5.13028, 51.82496 ], [ 5.12957, 51.82494 ], [ 5.12821, 51.82471 ], [ 5.12695, 51.82456 ], [ 5.12546, 51.82424 ], [ 5.12353, 51.82311 ], [ 5.12293, 51.8233 ], [ 5.12153, 51.82382 ], [ 5.12086, 51.82424 ], [ 5.12054, 51.82492 ], [ 5.12019, 51.82547 ], [ 5.11971, 51.82599 ], [ 5.11921, 51.82635 ], [ 5.11861, 51.82669 ], [ 5.11847, 51.82681 ], [ 5.11845, 51.82702 ], [ 5.11856, 51.82717 ], [ 5.1185, 51.82722 ], [ 5.1183, 51.82699 ], [ 5.11821, 51.82667 ], [ 5.11898, 51.82628 ], [ 5.11993, 51.82556 ], [ 5.12047, 51.82482 ], [ 5.12077, 51.82405 ], [ 5.12182, 51.82293 ], [ 5.12233, 51.82264 ], [ 5.12346, 51.82309 ], [ 5.12379, 51.82297 ], [ 5.12445, 51.8221 ], [ 5.12452, 51.82208 ], [ 5.12561, 51.82235 ], [ 5.12623, 51.8214 ], [ 5.12963, 51.8224 ], [ 5.12823, 51.82377 ], [ 5.12784, 51.82433 ], [ 5.12798, 51.82441 ], [ 5.12804, 51.82455 ], [ 5.12834, 51.82473 ], [ 5.12882, 51.82479 ], [ 5.12914, 51.82444 ], [ 5.12916, 51.82412 ], [ 5.12926, 51.82372 ], [ 5.13023, 51.82379 ], [ 5.13046, 51.82357 ], [ 5.13085, 51.82311 ], [ 5.13126, 51.82297 ], [ 5.13181, 51.82236 ], [ 5.13131, 51.82214 ], [ 5.13209, 51.82135 ], [ 5.13226, 51.82133 ], [ 5.13253, 51.82145 ], [ 5.13249, 51.82153 ], [ 5.13258, 51.8216 ], [ 5.13274, 51.8216 ], [ 5.13305, 51.82114 ], [ 5.13319, 51.82118 ], [ 5.13335, 51.82121 ], [ 5.13397, 51.82055 ], [ 5.13406, 51.82055 ], [ 5.13467, 51.82082 ], [ 5.13423, 51.82138 ], [ 5.13483, 51.82153 ], [ 5.13574, 51.82054 ], [ 5.13561, 51.82047 ], [ 5.13505, 51.81973 ], [ 5.13459, 51.8193 ], [ 5.13428, 51.81905 ], [ 5.1344, 51.81898 ], [ 5.1346, 51.8189 ], [ 5.13493, 51.81906 ], [ 5.13543, 51.81936 ], [ 5.13581, 51.81978 ], [ 5.13625, 51.82006 ], [ 5.13623, 51.82014 ], [ 5.1368, 51.82033 ], [ 5.13724, 51.82042 ], [ 5.13703, 51.82071 ], [ 5.13659, 51.82125 ], [ 5.13638, 51.82147 ], [ 5.13662, 51.82162 ], [ 5.13705, 51.82179 ], [ 5.13726, 51.822 ], [ 5.13734, 51.82217 ], [ 5.13715, 51.8224 ], [ 5.13678, 51.82239 ], [ 5.13669, 51.82243 ], [ 5.13637, 51.82237 ], [ 5.13582, 51.8222 ], [ 5.1357, 51.82236 ], [ 5.13553, 51.82237 ], [ 5.13456, 51.82203 ], [ 5.13441, 51.82212 ], [ 5.13418, 51.82234 ], [ 5.13355, 51.82314 ], [ 5.13194, 51.82512 ], [ 5.13184, 51.8252 ], [ 5.13079, 51.82517 ], [ 5.13028, 51.82496 ] ] } },
{ "type": "Feature", "properties": { "klompenpad_naam": "Elsvoorderpad", "url": "https://klompenpaden.nl/klompenpaden/Elsvoorderpad/5969b9a6-8af9-496c-8123-ee00c1b5e15d", "date": null }, "geometry": { "type": "LineString", "coordinates": [ [ 6.09678, 52.3751 ], [ 6.09669, 52.37503 ], [ 6.09632, 52.37491 ], [ 6.09583, 52.3748 ], [ 6.09521, 52.37472 ], [ 6.09478, 52.37469 ], [ 6.09418, 52.37473 ], [ 6.09413, 52.37488 ], [ 6.09385, 52.37493 ], [ 6.09356, 52.37513 ], [ 6.0935, 52.37522 ], [ 6.09322, 52.37583 ], [ 6.09293, 52.37583 ], [ 6.09287, 52.376 ], [ 6.0919, 52.37628 ], [ 6.09202, 52.37638 ], [ 6.09031, 52.37693 ], [ 6.09007, 52.37716 ], [ 6.08981, 52.37721 ], [ 6.0895, 52.37721 ], [ 6.08914, 52.37726 ], [ 6.08855, 52.3779 ], [ 6.08799, 52.37824 ], [ 6.08751, 52.37847 ], [ 6.08589, 52.37817 ], [ 6.08504, 52.37803 ], [ 6.08498, 52.37812 ], [ 6.0851, 52.37862 ], [ 6.08583, 52.38075 ], [ 6.08613, 52.38098 ], [ 6.08855, 52.38159 ], [ 6.089, 52.38207 ], [ 6.0893, 52.38299 ], [ 6.08938, 52.38333 ], [ 6.08923, 52.38342 ], [ 6.08896, 52.38343 ], [ 6.08847, 52.38369 ], [ 6.08898, 52.38428 ], [ 6.08907, 52.38441 ], [ 6.08863, 52.38531 ], [ 6.08796, 52.3869 ], [ 6.08806, 52.38712 ], [ 6.0883, 52.38736 ], [ 6.08876, 52.38754 ], [ 6.08964, 52.38784 ], [ 6.09412, 52.3893 ], [ 6.09429, 52.3893 ], [ 6.09449, 52.38919 ], [ 6.09463, 52.38871 ], [ 6.09467, 52.38872 ], [ 6.09491, 52.39144 ], [ 6.09504, 52.39169 ], [ 6.09542, 52.39215 ], [ 6.09954, 52.39623 ], [ 6.10139, 52.39812 ], [ 6.10361, 52.3972 ], [ 6.10375, 52.39718 ], [ 6.1043, 52.39768 ], [ 6.10458, 52.39781 ], [ 6.10514, 52.39794 ], [ 6.10578, 52.39802 ], [ 6.10615, 52.39821 ], [ 6.10701, 52.39898 ], [ 6.10668, 52.39931 ], [ 6.10666, 52.39961 ], [ 6.10673, 52.39993 ], [ 6.10596, 52.4001 ], [ 6.10694, 52.40074 ], [ 6.10699, 52.40082 ], [ 6.10797, 52.40154 ], [ 6.10863, 52.40127 ], [ 6.10856, 52.40113 ], [ 6.10866, 52.40098 ], [ 6.10882, 52.40092 ], [ 6.10776, 52.39987 ], [ 6.10731, 52.39928 ], [ 6.10859, 52.39897 ], [ 6.1086, 52.39853 ], [ 6.10979, 52.39867 ], [ 6.11011, 52.39866 ], [ 6.11056, 52.39849 ], [ 6.11202, 52.39775 ], [ 6.11266, 52.39755 ], [ 6.11485, 52.39724 ], [ 6.11591, 52.39723 ], [ 6.11647, 52.397 ], [ 6.1171, 52.39669 ], [ 6.1179, 52.39637 ], [ 6.11799, 52.39624 ], [ 6.118, 52.39601 ], [ 6.11786, 52.39567 ], [ 6.11761, 52.39541 ], [ 6.1173, 52.39523 ], [ 6.11651, 52.39497 ], [ 6.11632, 52.39483 ], [ 6.11593, 52.39387 ], [ 6.1209, 52.39198 ], [ 6.12131, 52.39191 ], [ 6.12243, 52.39339 ], [ 6.124, 52.39274 ], [ 6.12319, 52.39163 ], [ 6.12394, 52.39142 ], [ 6.12409, 52.39035 ], [ 6.12487, 52.38732 ], [ 6.12502, 52.38633 ], [ 6.12503, 52.3854 ], [ 6.12471, 52.38439 ], [ 6.12428, 52.38358 ], [ 6.12335, 52.38252 ], [ 6.12254, 52.38172 ], [ 6.12169, 52.38099 ], [ 6.12049, 52.38029 ], [ 6.11924, 52.37967 ], [ 6.11744, 52.37903 ], [ 6.11457, 52.37826 ], [ 6.11432, 52.37849 ], [ 6.1141, 52.37863 ], [ 6.11307, 52.37905 ], [ 6.11369, 52.37948 ], [ 6.11393, 52.37968 ], [ 6.11402, 52.37985 ], [ 6.11396, 52.37996 ], [ 6.11329, 52.38022 ], [ 6.11284, 52.38031 ], [ 6.11276, 52.38007 ], [ 6.11266, 52.37992 ], [ 6.11246, 52.37968 ], [ 6.1117, 52.37914 ], [ 6.11118, 52.3788 ], [ 6.11051, 52.37847 ], [ 6.11023, 52.37835 ], [ 6.10971, 52.37818 ], [ 6.10813, 52.37771 ], [ 6.10672, 52.3774 ], [ 6.10664, 52.37722 ], [ 6.10371, 52.37664 ], [ 6.10381, 52.37647 ], [ 6.10021, 52.37596 ], [ 6.09681, 52.37527 ], [ 6.09678, 52.3751 ], [ 6.09681, 52.37528 ], [ 6.09671, 52.37545 ], [ 6.09657, 52.3756 ], [ 6.09632, 52.37565 ], [ 6.09615, 52.37574 ] ] } },
{ "type": "Feature", "properties": { "klompenpad_naam": "Eeskooterpad", "url": "https://klompenpaden.nl/klompenpaden/Eeskooterpad/b117aa48-15d6-46d4-86b0-558c15277d56", "date": null }, "geometry": { "type": "LineString", "coordinates": [ [ 5.765, 52.0883 ], [ 5.76013, 52.08955 ], [ 5.76021, 52.08968 ], [ 5.75685, 52.09064 ], [ 5.75863, 52.09171 ], [ 5.75759, 52.09198 ], [ 5.75816, 52.09281 ], [ 5.75417, 52.09382 ], [ 5.7534, 52.09414 ], [ 5.75167, 52.09452 ], [ 5.75232, 52.09545 ], [ 5.75109, 52.09576 ], [ 5.75192, 52.09689 ], [ 5.7476, 52.09675 ], [ 5.74761, 52.09659 ], [ 5.7477, 52.09653 ], [ 5.74604, 52.09368 ], [ 5.74602, 52.09348 ], [ 5.7461, 52.09322 ], [ 5.74553, 52.09231 ], [ 5.74326, 52.09291 ], [ 5.74472, 52.09693 ], [ 5.74483, 52.09712 ], [ 5.74513, 52.09722 ], [ 5.74566, 52.09923 ], [ 5.74554, 52.09935 ], [ 5.74537, 52.09947 ], [ 5.74714, 52.10034 ], [ 5.74718, 52.10054 ], [ 5.74905, 52.10215 ], [ 5.75006, 52.103 ], [ 5.75174, 52.10435 ], [ 5.75555, 52.10373 ], [ 5.75584, 52.10375 ], [ 5.75605, 52.10373 ], [ 5.75615, 52.10398 ], [ 5.75616, 52.10427 ], [ 5.75596, 52.10529 ], [ 5.75591, 52.10576 ], [ 5.75596, 52.10614 ], [ 5.75596, 52.10641 ], [ 5.75591, 52.10668 ], [ 5.75591, 52.10693 ], [ 5.75603, 52.10717 ], [ 5.75629, 52.10715 ], [ 5.75715, 52.10697 ], [ 5.7577, 52.10689 ], [ 5.75825, 52.10686 ], [ 5.75898, 52.1069 ], [ 5.75978, 52.10676 ], [ 5.75985, 52.10694 ], [ 5.75994, 52.10779 ], [ 5.76, 52.10847 ], [ 5.75997, 52.1086 ], [ 5.75965, 52.10914 ], [ 5.765, 52.10925 ], [ 5.76583, 52.1093 ], [ 5.76831, 52.10951 ], [ 5.76785, 52.11049 ], [ 5.76759, 52.11138 ], [ 5.76683, 52.11351 ], [ 5.76711, 52.11357 ], [ 5.76724, 52.11347 ], [ 5.77108, 52.11348 ], [ 5.77263, 52.11383 ], [ 5.77256, 52.11362 ], [ 5.7726, 52.11313 ], [ 5.77273, 52.11273 ], [ 5.77281, 52.11258 ], [ 5.77285, 52.11231 ], [ 5.7726, 52.11227 ], [ 5.77233, 52.11218 ], [ 5.7716, 52.11173 ], [ 5.7712, 52.11154 ], [ 5.77073, 52.1114 ], [ 5.77037, 52.11138 ], [ 5.7703, 52.11115 ], [ 5.77026, 52.11022 ], [ 5.77011, 52.10937 ], [ 5.77023, 52.10914 ], [ 5.77101, 52.10885 ], [ 5.77117, 52.10866 ], [ 5.77088, 52.10856 ], [ 5.77075, 52.10846 ], [ 5.77076, 52.10837 ], [ 5.7687, 52.10834 ], [ 5.76883, 52.10748 ], [ 5.76883, 52.1065 ], [ 5.76892, 52.10635 ], [ 5.76878, 52.10623 ], [ 5.76879, 52.10538 ], [ 5.76881, 52.10493 ], [ 5.76907, 52.10448 ], [ 5.7696, 52.10409 ], [ 5.76982, 52.10404 ], [ 5.77009, 52.10393 ], [ 5.77035, 52.10372 ], [ 5.77101, 52.10349 ], [ 5.77191, 52.10322 ], [ 5.77189, 52.10313 ], [ 5.77198, 52.10307 ], [ 5.77204, 52.10299 ], [ 5.77198, 52.10285 ], [ 5.77209, 52.10262 ], [ 5.77205, 52.10197 ], [ 5.77192, 52.10156 ], [ 5.77181, 52.10141 ], [ 5.77158, 52.10124 ], [ 5.77157, 52.10121 ], [ 5.77155, 52.10102 ], [ 5.77154, 52.10106 ], [ 5.77154, 52.10106 ], [ 5.77156, 52.10102 ], [ 5.77154, 52.10106 ], [ 5.77152, 52.10114 ], [ 5.77152, 52.10114 ], [ 5.77151, 52.10113 ], [ 5.77154, 52.10106 ], [ 5.77152, 52.10114 ], [ 5.77151, 52.10118 ], [ 5.77157, 52.10121 ], [ 5.77157, 52.10121 ], [ 5.77152, 52.10114 ], [ 5.77157, 52.10121 ], [ 5.77187, 52.10144 ], [ 5.77236, 52.10144 ], [ 5.77334, 52.10147 ], [ 5.77655, 52.10185 ], [ 5.77934, 52.10226 ], [ 5.77929, 52.10252 ], [ 5.7792, 52.10278 ], [ 5.77915, 52.10304 ], [ 5.77908, 52.10312 ], [ 5.77866, 52.10368 ], [ 5.77835, 52.10405 ], [ 5.77838, 52.1041 ], [ 5.77824, 52.10422 ], [ 5.77829, 52.10442 ], [ 5.77999, 52.10451 ], [ 5.78017, 52.10438 ], [ 5.7817, 52.10427 ], [ 5.78226, 52.10433 ], [ 5.78317, 52.10427 ], [ 5.78346, 52.10411 ], [ 5.78355, 52.10393 ], [ 5.78329, 52.10387 ], [ 5.78357, 52.10323 ], [ 5.78419, 52.10334 ], [ 5.7845, 52.10333 ], [ 5.78526, 52.10323 ], [ 5.78557, 52.1029 ], [ 5.78624, 52.10188 ], [ 5.78696, 52.10088 ], [ 5.78808, 52.09944 ], [ 5.78836, 52.09912 ], [ 5.79311, 52.09311 ], [ 5.7927, 52.09312 ], [ 5.79105, 52.09303 ], [ 5.78985, 52.0923 ], [ 5.79002, 52.09164 ], [ 5.78949, 52.09184 ], [ 5.78808, 52.092 ], [ 5.78823, 52.0912 ], [ 5.78837, 52.09014 ], [ 5.78676, 52.0897 ], [ 5.78642, 52.08924 ], [ 5.786, 52.08883 ], [ 5.78559, 52.08914 ], [ 5.78531, 52.08925 ], [ 5.78464, 52.08925 ], [ 5.78381, 52.08845 ], [ 5.7825, 52.08809 ], [ 5.78214, 52.08752 ], [ 5.78113, 52.08765 ], [ 5.77861, 52.08703 ], [ 5.77714, 52.08665 ], [ 5.77676, 52.08751 ], [ 5.76968, 52.08659 ], [ 5.76946, 52.08649 ], [ 5.76922, 52.08642 ], [ 5.76889, 52.08638 ], [ 5.76826, 52.08648 ], [ 5.76438, 52.086 ], [ 5.76503, 52.08827 ] ] } },
{ "type": "Feature", "properties": { "klompenpad_naam": "Eendenkooienpad", "url": "https://klompenpaden.nl/klompenpaden/Eendenkooienpad/187b1b1b-675a-4ced-9e5d-c1d00988ccc6", "date": null }, "geometry": { "type": "LineString", "coordinates": [ [ 5.0194, 52.04578 ], [ 5.01924, 52.04565 ], [ 5.01901, 52.04555 ], [ 5.01804, 52.04523 ], [ 5.01813, 52.04511 ], [ 5.01841, 52.04516 ], [ 5.01848, 52.04512 ], [ 5.01882, 52.04477 ], [ 5.01902, 52.04459 ], [ 5.01925, 52.04443 ], [ 5.01955, 52.04425 ], [ 5.02163, 52.04328 ], [ 5.02226, 52.04302 ], [ 5.02274, 52.04287 ], [ 5.02477, 52.04239 ], [ 5.02545, 52.04218 ], [ 5.02565, 52.04209 ], [ 5.026, 52.04185 ], [ 5.02678, 52.04124 ], [ 5.02804, 52.0402 ], [ 5.02826, 52.03997 ], [ 5.02838, 52.03978 ], [ 5.02852, 52.03942 ], [ 5.02853, 52.03917 ], [ 5.0285, 52.03898 ], [ 5.0284, 52.03862 ], [ 5.0282, 52.03814 ], [ 5.02783, 52.03806 ], [ 5.02759, 52.03796 ], [ 5.02743, 52.03783 ], [ 5.02745, 52.03774 ], [ 5.02748, 52.03767 ], [ 5.02736, 52.03722 ], [ 5.02719, 52.03668 ], [ 5.02723, 52.03614 ], [ 5.02747, 52.03574 ], [ 5.02781, 52.03543 ], [ 5.02826, 52.03509 ], [ 5.02909, 52.03465 ], [ 5.02967, 52.03444 ], [ 5.03062, 52.03421 ], [ 5.03072, 52.03431 ], [ 5.03118, 52.0345 ], [ 5.03172, 52.03449 ], [ 5.032, 52.03462 ], [ 5.0346, 52.03444 ], [ 5.03528, 52.03436 ], [ 5.03564, 52.03424 ], [ 5.03599, 52.03406 ], [ 5.03663, 52.03367 ], [ 5.03787, 52.03279 ], [ 5.03804, 52.03263 ], [ 5.03835, 52.03234 ], [ 5.03853, 52.03203 ], [ 5.03857, 52.03183 ], [ 5.03854, 52.03156 ], [ 5.03839, 52.03137 ], [ 5.03819, 52.03121 ], [ 5.03709, 52.03069 ], [ 5.03681, 52.03049 ], [ 5.0366, 52.03022 ], [ 5.03659, 52.03004 ], [ 5.0366, 52.02985 ], [ 5.0367, 52.02968 ], [ 5.03712, 52.02925 ], [ 5.0374, 52.02899 ], [ 5.03662, 52.02867 ], [ 5.03612, 52.02844 ], [ 5.03463, 52.02765 ], [ 5.03322, 52.02693 ], [ 5.03102, 52.02585 ], [ 5.03086, 52.02581 ], [ 5.03113, 52.02549 ], [ 5.03133, 52.02519 ], [ 5.03147, 52.02483 ], [ 5.0305, 52.0246 ], [ 5.02939, 52.0249 ], [ 5.02213, 52.02671 ], [ 5.0204, 52.02629 ], [ 5.0201, 52.02597 ], [ 5.01985, 52.02576 ], [ 5.01971, 52.0257 ], [ 5.01773, 52.0254 ], [ 5.00945, 52.02408 ], [ 5.00899, 52.02399 ], [ 5.00636, 52.02356 ], [ 5.00622, 52.02348 ], [ 4.99941, 52.02241 ], [ 4.99743, 52.02208 ], [ 4.99365, 52.0214 ], [ 4.99247, 52.02121 ], [ 4.99207, 52.02118 ], [ 4.99155, 52.0212 ], [ 4.99127, 52.02124 ], [ 4.99045, 52.02129 ], [ 4.99016, 52.02129 ], [ 4.98981, 52.02126 ], [ 4.98802, 52.02127 ], [ 4.98609, 52.02132 ], [ 4.98579, 52.02131 ], [ 4.98527, 52.02234 ], [ 4.98508, 52.0227 ], [ 4.98338, 52.02709 ], [ 4.98265, 52.02873 ], [ 4.98196, 52.03036 ], [ 4.98141, 52.03173 ], [ 4.98134, 52.03184 ], [ 4.98091, 52.03283 ], [ 4.98027, 52.03439 ], [ 4.98012, 52.03478 ], [ 4.97957, 52.03635 ], [ 4.97835, 52.03973 ], [ 4.97528, 52.03942 ], [ 4.96789, 52.03877 ], [ 4.96738, 52.03871 ], [ 4.96712, 52.03866 ], [ 4.96528, 52.03809 ], [ 4.96467, 52.03783 ], [ 4.96421, 52.03762 ], [ 4.9629, 52.03698 ], [ 4.95963, 52.03532 ], [ 4.95944, 52.03557 ], [ 4.95929, 52.03566 ], [ 4.95923, 52.0359 ], [ 4.95906, 52.03603 ], [ 4.95904, 52.03629 ], [ 4.95873, 52.0366 ], [ 4.95876, 52.03687 ], [ 4.95867, 52.0371 ], [ 4.95999, 52.0375 ], [ 4.95977, 52.03784 ], [ 4.96035, 52.03798 ], [ 4.96037, 52.03807 ], [ 4.96066, 52.03814 ], [ 4.96041, 52.03862 ], [ 4.96017, 52.03858 ], [ 4.95941, 52.04019 ], [ 4.9602, 52.04034 ], [ 4.95986, 52.04123 ], [ 4.9589, 52.04107 ], [ 4.95879, 52.04131 ], [ 4.95899, 52.04138 ], [ 4.95883, 52.04159 ], [ 4.95838, 52.04212 ], [ 4.95937, 52.04231 ], [ 4.95896, 52.04314 ], [ 4.95799, 52.04298 ], [ 4.95797, 52.04306 ], [ 4.95814, 52.04318 ], [ 4.95817, 52.04329 ], [ 4.95798, 52.04377 ], [ 4.9601, 52.04452 ], [ 4.96366, 52.04559 ], [ 4.96527, 52.04586 ], [ 4.9658, 52.04593 ], [ 4.96706, 52.04611 ], [ 4.96817, 52.04624 ], [ 4.96903, 52.04626 ], [ 4.97099, 52.04635 ], [ 4.97252, 52.0464 ], [ 4.97489, 52.04665 ], [ 4.97588, 52.04673 ], [ 4.97737, 52.04683 ], [ 4.9775, 52.04728 ], [ 4.97948, 52.04782 ], [ 4.98075, 52.04801 ], [ 4.98266, 52.04827 ], [ 4.98462, 52.04859 ], [ 4.98752, 52.049 ], [ 4.98786, 52.04902 ], [ 4.98826, 52.04899 ], [ 4.98845, 52.04927 ], [ 4.98922, 52.05061 ], [ 4.98928, 52.05093 ], [ 4.98956, 52.05138 ], [ 4.9901, 52.05232 ], [ 4.99042, 52.05215 ], [ 4.9908, 52.05185 ], [ 4.99094, 52.05189 ], [ 4.99119, 52.05206 ], [ 4.99136, 52.05226 ], [ 4.99145, 52.05232 ], [ 4.99155, 52.0523 ], [ 4.99176, 52.05253 ], [ 4.99266, 52.05244 ], [ 4.99372, 52.05236 ], [ 4.99473, 52.05239 ], [ 4.99592, 52.05254 ], [ 4.99702, 52.05275 ], [ 4.99992, 52.0534 ], [ 5.0006, 52.05361 ], [ 5.00143, 52.05392 ], [ 5.00257, 52.05451 ], [ 5.00389, 52.05523 ], [ 5.00416, 52.05532 ], [ 5.00446, 52.05538 ], [ 5.00484, 52.0554 ], [ 5.00528, 52.05539 ], [ 5.00595, 52.05527 ], [ 5.00656, 52.05503 ], [ 5.00838, 52.05425 ], [ 5.00949, 52.05382 ], [ 5.01159, 52.05308 ], [ 5.01188, 52.05296 ], [ 5.01234, 52.05272 ], [ 5.01281, 52.05242 ], [ 5.01344, 52.05193 ], [ 5.01514, 52.05037 ], [ 5.01627, 52.04932 ], [ 5.01679, 52.04881 ], [ 5.01722, 52.04833 ], [ 5.01744, 52.0479 ], [ 5.01774, 52.04677 ], [ 5.01807, 52.04575 ], [ 5.01821, 52.0455 ], [ 5.01826, 52.04537 ], [ 5.01841, 52.04516 ] ] } },
{ "type": "Feature", "properties": { "klompenpad_naam": "Eekterpad", "url": "https://klompenpaden.nl/klompenpaden/Eekterpad/0b4b8836-a7b1-4036-aa67-6d1eb2542828", "date": null }, "geometry": { "type": "LineString", "coordinates": [ [ 5.89491, 52.46591 ], [ 5.89484, 52.466 ], [ 5.89467, 52.46603 ], [ 5.89469, 52.46652 ], [ 5.89456, 52.46756 ], [ 5.89165, 52.4677 ], [ 5.8916, 52.46766 ], [ 5.89095, 52.46624 ], [ 5.8911, 52.46622 ], [ 5.89101, 52.46612 ], [ 5.89093, 52.4661 ], [ 5.89008, 52.46616 ], [ 5.88949, 52.46507 ], [ 5.88935, 52.46509 ], [ 5.88881, 52.46409 ], [ 5.8884, 52.46378 ], [ 5.88752, 52.4625 ], [ 5.88271, 52.46311 ], [ 5.88266, 52.46317 ], [ 5.88279, 52.46364 ], [ 5.88266, 52.46376 ], [ 5.8827, 52.46385 ], [ 5.88077, 52.46404 ], [ 5.88055, 52.46341 ], [ 5.88029, 52.46343 ], [ 5.87991, 52.46223 ], [ 5.87315, 52.46335 ], [ 5.87316, 52.4632 ], [ 5.87344, 52.46232 ], [ 5.87359, 52.46155 ], [ 5.86683, 52.46309 ], [ 5.86683, 52.46317 ], [ 5.8652, 52.46344 ], [ 5.86398, 52.46238 ], [ 5.86391, 52.4624 ], [ 5.86381, 52.46232 ], [ 5.8634, 52.46243 ], [ 5.86232, 52.46144 ], [ 5.86197, 52.4616 ], [ 5.86188, 52.46161 ], [ 5.86175, 52.46159 ], [ 5.86116, 52.46132 ], [ 5.86076, 52.46118 ], [ 5.86013, 52.461 ], [ 5.85986, 52.46089 ], [ 5.85952, 52.46065 ], [ 5.85914, 52.46029 ], [ 5.85913, 52.4602 ], [ 5.85918, 52.46014 ], [ 5.86003, 52.4597 ], [ 5.86047, 52.4595 ], [ 5.86057, 52.4595 ], [ 5.8609, 52.45941 ], [ 5.86226, 52.45889 ], [ 5.86263, 52.45878 ], [ 5.86329, 52.4587 ], [ 5.86357, 52.45859 ], [ 5.86462, 52.45812 ], [ 5.86625, 52.45728 ], [ 5.86718, 52.45688 ], [ 5.86775, 52.4566 ], [ 5.86797, 52.45648 ], [ 5.86841, 52.45608 ], [ 5.869, 52.45581 ], [ 5.86908, 52.4558 ], [ 5.86932, 52.45591 ], [ 5.86952, 52.45583 ], [ 5.87046, 52.45556 ], [ 5.87066, 52.45546 ], [ 5.87065, 52.45511 ], [ 5.87071, 52.455 ], [ 5.87085, 52.45496 ], [ 5.87191, 52.45489 ], [ 5.87202, 52.45484 ], [ 5.87212, 52.45473 ], [ 5.8723, 52.45446 ], [ 5.87247, 52.4543 ], [ 5.87262, 52.45423 ], [ 5.87284, 52.4542 ], [ 5.87409, 52.45446 ], [ 5.87421, 52.45446 ], [ 5.87429, 52.45444 ], [ 5.87442, 52.45432 ], [ 5.87592, 52.45455 ], [ 5.87779, 52.45511 ], [ 5.87664, 52.45697 ], [ 5.87656, 52.45715 ], [ 5.87646, 52.45731 ], [ 5.87655, 52.45739 ], [ 5.87741, 52.45762 ], [ 5.87787, 52.45778 ], [ 5.87895, 52.45841 ], [ 5.87933, 52.45869 ], [ 5.87983, 52.45891 ], [ 5.88066, 52.4594 ], [ 5.88214, 52.46001 ], [ 5.88217, 52.46008 ], [ 5.88208, 52.46012 ], [ 5.88212, 52.46024 ], [ 5.88305, 52.46066 ], [ 5.88328, 52.46032 ], [ 5.88349, 52.46014 ], [ 5.8842, 52.45969 ], [ 5.88433, 52.45956 ], [ 5.8846, 52.45917 ], [ 5.88467, 52.45903 ], [ 5.88577, 52.45746 ], [ 5.88608, 52.4571 ], [ 5.88637, 52.45669 ], [ 5.88655, 52.45667 ], [ 5.88846, 52.45738 ], [ 5.88924, 52.45761 ], [ 5.88949, 52.45772 ], [ 5.88995, 52.45798 ], [ 5.89082, 52.45862 ], [ 5.89109, 52.45885 ], [ 5.89115, 52.45898 ], [ 5.89109, 52.45945 ], [ 5.89116, 52.45956 ], [ 5.89148, 52.45978 ], [ 5.89199, 52.46005 ], [ 5.8926, 52.46036 ], [ 5.89352, 52.46074 ], [ 5.89441, 52.46118 ], [ 5.89476, 52.46137 ], [ 5.89505, 52.46148 ], [ 5.89619, 52.46205 ], [ 5.89635, 52.46206 ], [ 5.89655, 52.4619 ], [ 5.89808, 52.46263 ], [ 5.89757, 52.46305 ], [ 5.89725, 52.46328 ], [ 5.8969, 52.46347 ], [ 5.89648, 52.46384 ], [ 5.89646, 52.46392 ], [ 5.89678, 52.46405 ], [ 5.89505, 52.4656 ], [ 5.8949, 52.46576 ], [ 5.89491, 52.46591 ], [ 5.89491, 52.46591 ], [ 5.89491, 52.46591 ], [ 5.89491, 52.46591 ], [ 5.89491, 52.46591 ], [ 5.89491, 52.46591 ], [ 5.89484, 52.466 ], [ 5.89467, 52.46603 ], [ 5.89469, 52.46652 ], [ 5.89456, 52.46756 ], [ 5.89452, 52.46757 ], [ 5.89165, 52.4677 ], [ 5.8916, 52.46766 ], [ 5.89095, 52.46624 ], [ 5.8911, 52.46622 ], [ 5.89101, 52.46612 ], [ 5.89093, 52.4661 ], [ 5.89008, 52.46616 ], [ 5.88949, 52.46507 ], [ 5.88935, 52.46509 ], [ 5.88881, 52.46409 ], [ 5.8884, 52.46378 ], [ 5.88752, 52.4625 ], [ 5.88271, 52.46311 ], [ 5.88266, 52.46317 ], [ 5.88279, 52.46364 ], [ 5.88266, 52.46376 ], [ 5.8827, 52.46385 ], [ 5.88077, 52.46404 ], [ 5.88055, 52.46341 ], [ 5.88029, 52.46343 ], [ 5.87991, 52.46223 ], [ 5.87315, 52.46335 ], [ 5.87316, 52.4632 ], [ 5.87344, 52.46232 ], [ 5.87359, 52.46155 ], [ 5.87342, 52.46158 ], [ 5.86683, 52.46309 ], [ 5.86683, 52.46317 ], [ 5.8652, 52.46344 ], [ 5.86398, 52.46238 ], [ 5.86392, 52.4624 ], [ 5.86381, 52.46232 ], [ 5.8634, 52.46243 ], [ 5.86232, 52.46144 ], [ 5.86197, 52.4616 ], [ 5.86188, 52.46161 ], [ 5.86175, 52.46159 ], [ 5.86116, 52.46132 ], [ 5.86076, 52.46118 ], [ 5.86013, 52.461 ], [ 5.85986, 52.46089 ], [ 5.85952, 52.46065 ], [ 5.8593, 52.46044 ], [ 5.85914, 52.46029 ], [ 5.85913, 52.4602 ], [ 5.85918, 52.46014 ], [ 5.86003, 52.4597 ], [ 5.86047, 52.4595 ], [ 5.86057, 52.4595 ], [ 5.8609, 52.45941 ], [ 5.86226, 52.45889 ], [ 5.86263, 52.45878 ], [ 5.86312, 52.45873 ], [ 5.86329, 52.4587 ], [ 5.86357, 52.45859 ], [ 5.86462, 52.45812 ], [ 5.86625, 52.45728 ], [ 5.86718, 52.45688 ], [ 5.86775, 52.4566 ], [ 5.86797, 52.45648 ], [ 5.86841, 52.45608 ], [ 5.869, 52.45581 ], [ 5.86908, 52.4558 ], [ 5.86932, 52.45591 ], [ 5.86952, 52.45583 ], [ 5.87046, 52.45556 ], [ 5.87066, 52.45546 ], [ 5.87065, 52.45511 ], [ 5.87071, 52.455 ], [ 5.87085, 52.45496 ], [ 5.87191, 52.45489 ], [ 5.87202, 52.45484 ], [ 5.87212, 52.45473 ], [ 5.8723, 52.45446 ], [ 5.87247, 52.4543 ], [ 5.87262, 52.45423 ], [ 5.87284, 52.4542 ], [ 5.87409, 52.45446 ], [ 5.87421, 52.45446 ], [ 5.87429, 52.45444 ], [ 5.87442, 52.45432 ], [ 5.87592, 52.45455 ], [ 5.87779, 52.45512 ], [ 5.87664, 52.45697 ], [ 5.87656, 52.45715 ], [ 5.87646, 52.45731 ], [ 5.87655, 52.45739 ], [ 5.87741, 52.45762 ], [ 5.87787, 52.45778 ], [ 5.87895, 52.45841 ], [ 5.8794, 52.4587 ], [ 5.87983, 52.45891 ], [ 5.88066, 52.4594 ], [ 5.8821, 52.45999 ], [ 5.88214, 52.46001 ], [ 5.88217, 52.46008 ], [ 5.88208, 52.46012 ], [ 5.88212, 52.46024 ], [ 5.88305, 52.46066 ], [ 5.88328, 52.46032 ], [ 5.88349, 52.46014 ], [ 5.8842, 52.45969 ], [ 5.88433, 52.45956 ], [ 5.8846, 52.45917 ], [ 5.88467, 52.45903 ], [ 5.88577, 52.45746 ], [ 5.88608, 52.4571 ], [ 5.88637, 52.4567 ], [ 5.88655, 52.45667 ], [ 5.88682, 52.45676 ], [ 5.88846, 52.45738 ], [ 5.88924, 52.45761 ], [ 5.88949, 52.45772 ], [ 5.88995, 52.45798 ], [ 5.89082, 52.45862 ], [ 5.89109, 52.45885 ], [ 5.89115, 52.45898 ], [ 5.89109, 52.45945 ], [ 5.89116, 52.45956 ], [ 5.89148, 52.45978 ], [ 5.89199, 52.46005 ], [ 5.8926, 52.46036 ], [ 5.89352, 52.46074 ], [ 5.89441, 52.46118 ], [ 5.89476, 52.46137 ], [ 5.89505, 52.46148 ], [ 5.89619, 52.46205 ], [ 5.89635, 52.46206 ], [ 5.89655, 52.4619 ], [ 5.89808, 52.46263 ], [ 5.89757, 52.46305 ], [ 5.89725, 52.46328 ], [ 5.8969, 52.46347 ], [ 5.89648, 52.46384 ], [ 5.89646, 52.46392 ], [ 5.89678, 52.46405 ], [ 5.89572, 52.46502 ], [ 5.89646, 52.46528 ], [ 5.89571, 52.46502 ], [ 5.89519, 52.46546 ], [ 5.8949, 52.46576 ], [ 5.89491, 52.46591 ] ] } },
{ "type": "Feature", "properties": { "klompenpad_naam": "Dorenweertsepad", "url": "https://klompenpaden.nl/klompenpaden/Dorenweertsepad/6024e172-9138-409b-8f10-598cf8465d0d", "date": null }, "geometry": { "type": "LineString", "coordinates": [ [ 5.78728, 51.9665 ], [ 5.78764, 51.96637 ], [ 5.78794, 51.96678 ], [ 5.78823, 51.96699 ], [ 5.78829, 51.96718 ], [ 5.78962, 51.96699 ], [ 5.78991, 51.96697 ], [ 5.79051, 51.96714 ], [ 5.79081, 51.96829 ], [ 5.7907, 51.96886 ], [ 5.79101, 51.96886 ], [ 5.79108, 51.96888 ], [ 5.79102, 51.96894 ], [ 5.79114, 51.96915 ], [ 5.79089, 51.96929 ], [ 5.79078, 51.96968 ], [ 5.7904, 51.96991 ], [ 5.78986, 51.97 ], [ 5.78955, 51.97013 ], [ 5.78948, 51.96981 ], [ 5.78927, 51.96961 ], [ 5.78901, 51.96948 ], [ 5.78866, 51.9694 ], [ 5.78827, 51.9694 ], [ 5.78687, 51.96922 ], [ 5.78614, 51.96921 ], [ 5.7858, 51.96926 ], [ 5.7854, 51.96927 ], [ 5.7852, 51.96943 ], [ 5.78479, 51.9695 ], [ 5.78425, 51.96951 ], [ 5.78382, 51.96936 ], [ 5.78336, 51.96932 ], [ 5.7837, 51.97007 ], [ 5.78396, 51.97053 ], [ 5.78421, 51.97088 ], [ 5.78423, 51.9711 ], [ 5.78416, 51.97127 ], [ 5.7835, 51.97167 ], [ 5.78319, 51.97176 ], [ 5.78281, 51.97142 ], [ 5.78271, 51.97129 ], [ 5.78217, 51.9708 ], [ 5.7824, 51.97068 ], [ 5.78217, 51.9708 ], [ 5.78202, 51.97077 ], [ 5.78171, 51.97078 ], [ 5.78162, 51.97104 ], [ 5.78151, 51.97129 ], [ 5.78109, 51.9718 ], [ 5.78068, 51.97214 ], [ 5.78044, 51.9722 ], [ 5.78042, 51.97231 ], [ 5.78029, 51.9724 ], [ 5.77973, 51.9726 ], [ 5.77898, 51.97305 ], [ 5.77889, 51.97324 ], [ 5.77861, 51.9733 ], [ 5.77813, 51.97357 ], [ 5.77803, 51.97366 ], [ 5.77803, 51.97376 ], [ 5.77814, 51.97383 ], [ 5.77842, 51.9739 ], [ 5.77926, 51.97407 ], [ 5.78035, 51.97393 ], [ 5.78175, 51.97403 ], [ 5.78185, 51.97417 ], [ 5.78212, 51.97419 ], [ 5.78235, 51.97424 ], [ 5.78555, 51.97352 ], [ 5.78534, 51.97336 ], [ 5.78508, 51.97303 ], [ 5.78475, 51.97245 ], [ 5.78597, 51.97218 ], [ 5.78611, 51.97212 ], [ 5.78628, 51.97209 ], [ 5.78644, 51.97209 ], [ 5.78658, 51.97218 ], [ 5.78667, 51.97231 ], [ 5.78707, 51.97318 ], [ 5.78893, 51.97279 ], [ 5.78915, 51.97282 ], [ 5.7897, 51.97305 ], [ 5.79076, 51.97368 ], [ 5.79158, 51.97402 ], [ 5.79194, 51.97423 ], [ 5.79226, 51.97447 ], [ 5.79289, 51.9745 ], [ 5.79343, 51.9743 ], [ 5.79452, 51.97399 ], [ 5.79435, 51.9736 ], [ 5.7943, 51.97324 ], [ 5.79435, 51.97287 ], [ 5.79455, 51.97273 ], [ 5.79461, 51.97264 ], [ 5.7945, 51.97254 ], [ 5.79446, 51.97232 ], [ 5.79485, 51.97221 ], [ 5.79569, 51.97234 ], [ 5.79606, 51.97236 ], [ 5.7962, 51.97231 ], [ 5.79617, 51.97223 ], [ 5.79602, 51.9721 ], [ 5.79538, 51.97194 ], [ 5.7951, 51.9718 ], [ 5.79482, 51.97179 ], [ 5.79452, 51.97149 ], [ 5.79422, 51.97082 ], [ 5.79406, 51.97022 ], [ 5.79388, 51.97005 ], [ 5.79342, 51.96975 ], [ 5.79323, 51.96928 ], [ 5.7932, 51.96924 ], [ 5.79378, 51.96911 ], [ 5.79425, 51.96913 ], [ 5.79504, 51.96909 ], [ 5.79549, 51.96913 ], [ 5.79579, 51.96928 ], [ 5.79605, 51.96951 ], [ 5.79627, 51.96961 ], [ 5.79645, 51.96965 ], [ 5.79653, 51.96959 ], [ 5.79654, 51.9694 ], [ 5.79653, 51.96927 ], [ 5.79665, 51.96918 ], [ 5.79693, 51.96917 ], [ 5.79715, 51.96918 ], [ 5.79816, 51.96933 ], [ 5.79884, 51.96921 ], [ 5.79935, 51.96941 ], [ 5.79953, 51.96936 ], [ 5.79983, 51.96921 ], [ 5.80011, 51.96918 ], [ 5.80043, 51.96926 ], [ 5.80096, 51.96934 ], [ 5.8013, 51.96947 ], [ 5.8016, 51.96956 ], [ 5.80168, 51.96962 ], [ 5.8022, 51.96986 ], [ 5.80233, 51.9699 ], [ 5.80252, 51.96988 ], [ 5.80279, 51.9698 ], [ 5.80324, 51.9696 ], [ 5.80364, 51.96948 ], [ 5.80401, 51.96961 ], [ 5.80436, 51.96957 ], [ 5.80469, 51.96958 ], [ 5.80495, 51.96982 ], [ 5.80507, 51.9702 ], [ 5.80509, 51.97033 ], [ 5.805, 51.97057 ], [ 5.80476, 51.97081 ], [ 5.80442, 51.97137 ], [ 5.80434, 51.9717 ], [ 5.80447, 51.97189 ], [ 5.80507, 51.97249 ], [ 5.80709, 51.97243 ], [ 5.80782, 51.97247 ], [ 5.80788, 51.97255 ], [ 5.80768, 51.97314 ], [ 5.80732, 51.9735 ], [ 5.80838, 51.97385 ], [ 5.80882, 51.97414 ], [ 5.80898, 51.97439 ], [ 5.80894, 51.97462 ], [ 5.80869, 51.97501 ], [ 5.80888, 51.97545 ], [ 5.80903, 51.97573 ], [ 5.809, 51.97597 ], [ 5.80914, 51.9766 ], [ 5.80951, 51.97659 ], [ 5.80963, 51.97662 ], [ 5.80949, 51.97674 ], [ 5.80948, 51.97689 ], [ 5.80956, 51.97702 ], [ 5.80936, 51.97786 ], [ 5.80982, 51.97785 ], [ 5.81065, 51.97793 ], [ 5.81117, 51.97792 ], [ 5.81189, 51.97806 ], [ 5.81273, 51.97842 ], [ 5.81307, 51.97843 ], [ 5.81321, 51.97842 ], [ 5.81225, 51.9774 ], [ 5.81222, 51.97686 ], [ 5.81228, 51.97677 ], [ 5.81335, 51.97653 ], [ 5.81376, 51.97649 ], [ 5.81493, 51.97662 ], [ 5.81544, 51.97661 ], [ 5.81571, 51.97656 ], [ 5.81592, 51.97641 ], [ 5.81607, 51.97619 ], [ 5.81624, 51.97613 ], [ 5.81651, 51.97622 ], [ 5.81688, 51.9762 ], [ 5.81776, 51.97627 ], [ 5.81824, 51.97612 ], [ 5.81933, 51.97628 ], [ 5.81948, 51.97622 ], [ 5.81952, 51.97613 ], [ 5.81954, 51.97588 ], [ 5.81966, 51.97566 ], [ 5.82072, 51.97436 ], [ 5.82044, 51.97431 ], [ 5.82022, 51.97435 ], [ 5.82008, 51.97429 ], [ 5.82008, 51.97416 ], [ 5.81986, 51.97408 ], [ 5.81879, 51.97389 ], [ 5.81831, 51.97369 ], [ 5.81784, 51.97392 ], [ 5.81719, 51.97422 ], [ 5.81689, 51.97419 ], [ 5.81599, 51.97462 ], [ 5.81573, 51.97476 ], [ 5.8155, 51.97482 ], [ 5.81518, 51.97469 ], [ 5.81495, 51.97441 ], [ 5.81454, 51.97436 ], [ 5.81469, 51.97393 ], [ 5.81341, 51.97338 ], [ 5.81268, 51.97314 ], [ 5.81262, 51.973 ], [ 5.81228, 51.97279 ], [ 5.81195, 51.97263 ], [ 5.81188, 51.97254 ], [ 5.81201, 51.97243 ], [ 5.81198, 51.97233 ], [ 5.81189, 51.9723 ], [ 5.81223, 51.97205 ], [ 5.81247, 51.97214 ], [ 5.81305, 51.97203 ], [ 5.81286, 51.97177 ], [ 5.81252, 51.97156 ], [ 5.81221, 51.9715 ], [ 5.81181, 51.97175 ], [ 5.81129, 51.97183 ], [ 5.8108, 51.97185 ], [ 5.81029, 51.97191 ], [ 5.80982, 51.97172 ], [ 5.80935, 51.9715 ], [ 5.80905, 51.9711 ], [ 5.80884, 51.97097 ], [ 5.80859, 51.97088 ], [ 5.80846, 51.97076 ], [ 5.80819, 51.97068 ], [ 5.80787, 51.97065 ], [ 5.80746, 51.97048 ], [ 5.80758, 51.97069 ], [ 5.80712, 51.97048 ], [ 5.80644, 51.96975 ], [ 5.8062, 51.96986 ], [ 5.80614, 51.96996 ], [ 5.80602, 51.97002 ], [ 5.80587, 51.97004 ], [ 5.80575, 51.96993 ], [ 5.80567, 51.96978 ], [ 5.8058, 51.96954 ], [ 5.80549, 51.96942 ], [ 5.80543, 51.96935 ], [ 5.80616, 51.96847 ], [ 5.80629, 51.968 ], [ 5.80637, 51.9678 ], [ 5.80337, 51.96672 ], [ 5.80152, 51.96714 ], [ 5.7992, 51.96648 ], [ 5.79697, 51.96571 ], [ 5.79527, 51.96497 ], [ 5.79304, 51.96408 ], [ 5.79216, 51.96371 ], [ 5.79169, 51.96356 ], [ 5.79154, 51.96359 ], [ 5.79028, 51.9648 ], [ 5.79026, 51.96484 ], [ 5.78952, 51.9648 ], [ 5.7891, 51.96491 ], [ 5.7863, 51.96496 ], [ 5.78633, 51.96582 ], [ 5.78621, 51.96594 ], [ 5.78638, 51.96638 ], [ 5.78634, 51.96646 ], [ 5.78664, 51.96678 ], [ 5.78728, 51.9665 ] ] } },
{ "type": "Feature", "properties": { "klompenpad_naam": "Doesburgermolenpad", "url": "https://klompenpaden.nl/klompenpaden/Doesburgermolenpad/60964327-e925-421e-8796-41f75be6dfd6", "date": null }, "geometry": { "type": "LineString", "coordinates": [ [ 5.65644, 52.05348 ], [ 5.65579, 52.05337 ], [ 5.65608, 52.05264 ], [ 5.65307, 52.05219 ], [ 5.65284, 52.05251 ], [ 5.65278, 52.05271 ], [ 5.65281, 52.05304 ], [ 5.65274, 52.05355 ], [ 5.6529, 52.05409 ], [ 5.65362, 52.05454 ], [ 5.65425, 52.05486 ], [ 5.65392, 52.05539 ], [ 5.65357, 52.0559 ], [ 5.65324, 52.05624 ], [ 5.65268, 52.05705 ], [ 5.65121, 52.0584 ], [ 5.65005, 52.05952 ], [ 5.65104, 52.06 ], [ 5.65188, 52.06032 ], [ 5.65066, 52.06156 ], [ 5.65043, 52.06151 ], [ 5.65034, 52.06163 ], [ 5.6496, 52.06165 ], [ 5.6493, 52.06183 ], [ 5.64858, 52.0617 ], [ 5.64839, 52.06199 ], [ 5.64792, 52.06196 ], [ 5.64715, 52.06198 ], [ 5.64661, 52.06225 ], [ 5.64526, 52.06315 ], [ 5.64349, 52.06466 ], [ 5.64165, 52.06654 ], [ 5.64054, 52.06753 ], [ 5.6425, 52.06833 ], [ 5.64255, 52.06845 ], [ 5.6423, 52.0689 ], [ 5.64164, 52.06969 ], [ 5.64172, 52.06978 ], [ 5.64228, 52.06969 ], [ 5.6429, 52.06975 ], [ 5.64458, 52.07031 ], [ 5.64827, 52.07138 ], [ 5.65176, 52.07259 ], [ 5.65223, 52.07218 ], [ 5.65483, 52.06931 ], [ 5.6505, 52.06784 ], [ 5.64664, 52.06651 ], [ 5.64848, 52.06521 ], [ 5.64885, 52.06465 ], [ 5.64862, 52.06448 ], [ 5.64751, 52.06412 ], [ 5.64704, 52.06389 ], [ 5.64714, 52.06371 ], [ 5.64781, 52.06391 ], [ 5.64904, 52.06412 ], [ 5.64971, 52.06428 ], [ 5.65048, 52.06456 ], [ 5.6511, 52.06481 ], [ 5.65259, 52.06549 ], [ 5.65266, 52.06524 ], [ 5.6526, 52.06509 ], [ 5.65275, 52.06482 ], [ 5.65277, 52.06461 ], [ 5.65287, 52.06441 ], [ 5.65309, 52.0642 ], [ 5.65247, 52.06388 ], [ 5.65267, 52.06368 ], [ 5.65324, 52.06342 ], [ 5.65449, 52.06299 ], [ 5.65466, 52.06283 ], [ 5.65584, 52.06145 ], [ 5.65631, 52.06154 ], [ 5.65703, 52.06176 ], [ 5.65752, 52.06194 ], [ 5.65829, 52.06229 ], [ 5.65871, 52.06245 ], [ 5.65893, 52.06233 ], [ 5.65943, 52.06219 ], [ 5.65994, 52.06207 ], [ 5.66066, 52.06202 ], [ 5.66098, 52.06194 ], [ 5.66114, 52.06179 ], [ 5.66147, 52.06118 ], [ 5.66056, 52.06114 ], [ 5.65986, 52.06071 ], [ 5.66008, 52.06053 ], [ 5.65985, 52.05957 ], [ 5.65956, 52.05913 ], [ 5.66024, 52.05873 ], [ 5.66089, 52.05826 ], [ 5.66326, 52.05677 ], [ 5.66488, 52.05738 ], [ 5.66689, 52.05569 ], [ 5.66682, 52.05541 ], [ 5.66699, 52.05442 ], [ 5.66324, 52.0538 ], [ 5.66236, 52.05368 ], [ 5.65983, 52.05589 ], [ 5.65969, 52.05596 ], [ 5.65858, 52.05594 ], [ 5.65816, 52.05592 ], [ 5.65672, 52.05518 ], [ 5.65599, 52.05484 ], [ 5.65561, 52.05463 ], [ 5.65708, 52.05349 ], [ 5.65653, 52.05334 ], [ 5.65646, 52.05346 ] ] } },
{ "type": "Feature", "properties": { "klompenpad_naam": "Doddendaelpad", "url": "https://klompenpaden.nl/klompenpaden/Doddendaelpad/2a0cf5a2-cf9e-45dd-b073-f706166e8cab", "date": null }, "geometry": { "type": "LineString", "coordinates": [ [ 5.77344, 51.86418 ], [ 5.77361, 51.86427 ], [ 5.77373, 51.86439 ], [ 5.77274, 51.86486 ], [ 5.77189, 51.86521 ], [ 5.77188, 51.86529 ], [ 5.7735, 51.86597 ], [ 5.77327, 51.86751 ], [ 5.77325, 51.86785 ], [ 5.7743, 51.86985 ], [ 5.77528, 51.87067 ], [ 5.77633, 51.87131 ], [ 5.77716, 51.87219 ], [ 5.77944, 51.8717 ], [ 5.77986, 51.873 ], [ 5.78074, 51.87285 ], [ 5.78056, 51.8723 ], [ 5.78202, 51.87206 ], [ 5.78176, 51.87136 ], [ 5.78373, 51.87114 ], [ 5.78335, 51.87058 ], [ 5.78243, 51.86766 ], [ 5.78473, 51.86775 ], [ 5.78872, 51.86769 ], [ 5.78916, 51.86761 ], [ 5.7902, 51.86763 ], [ 5.79068, 51.86742 ], [ 5.79184, 51.86731 ], [ 5.79267, 51.86727 ], [ 5.79279, 51.86724 ], [ 5.79293, 51.86717 ], [ 5.79322, 51.86709 ], [ 5.79424, 51.86692 ], [ 5.79498, 51.86673 ], [ 5.79599, 51.8665 ], [ 5.79611, 51.86649 ], [ 5.79634, 51.86699 ], [ 5.79697, 51.86683 ], [ 5.79927, 51.86617 ], [ 5.79952, 51.86606 ], [ 5.79959, 51.86592 ], [ 5.79972, 51.86582 ], [ 5.79984, 51.86577 ], [ 5.8001, 51.86552 ], [ 5.80029, 51.86542 ], [ 5.80111, 51.86513 ], [ 5.8019, 51.86487 ], [ 5.80299, 51.86464 ], [ 5.80369, 51.86457 ], [ 5.8044, 51.86458 ], [ 5.80521, 51.86468 ], [ 5.80626, 51.86484 ], [ 5.80695, 51.86491 ], [ 5.80738, 51.86487 ], [ 5.80784, 51.86473 ], [ 5.80977, 51.86378 ], [ 5.81111, 51.86307 ], [ 5.81118, 51.86309 ], [ 5.81109, 51.86325 ], [ 5.81122, 51.8636 ], [ 5.81163, 51.86444 ], [ 5.81212, 51.86553 ], [ 5.81222, 51.86564 ], [ 5.81202, 51.86621 ], [ 5.81194, 51.86636 ], [ 5.81056, 51.86704 ], [ 5.80957, 51.86739 ], [ 5.80934, 51.86738 ], [ 5.80848, 51.86725 ], [ 5.8078, 51.86726 ], [ 5.80706, 51.86735 ], [ 5.80705, 51.86676 ], [ 5.80697, 51.86637 ], [ 5.80686, 51.86609 ], [ 5.80645, 51.86609 ], [ 5.8053, 51.86614 ], [ 5.80389, 51.86633 ], [ 5.80267, 51.86659 ], [ 5.80166, 51.86683 ], [ 5.80141, 51.86684 ], [ 5.80082, 51.86693 ], [ 5.8007, 51.86692 ], [ 5.80062, 51.8669 ], [ 5.7992, 51.86781 ], [ 5.799, 51.86785 ], [ 5.79832, 51.86774 ], [ 5.79752, 51.86804 ], [ 5.7947, 51.86926 ], [ 5.79177, 51.86973 ], [ 5.79128, 51.8695 ], [ 5.79154, 51.86979 ], [ 5.79123, 51.8698 ], [ 5.79099, 51.87024 ], [ 5.79063, 51.8706 ], [ 5.79035, 51.87071 ], [ 5.79001, 51.87071 ], [ 5.78952, 51.87068 ], [ 5.78912, 51.87068 ], [ 5.78822, 51.87087 ], [ 5.78778, 51.87101 ], [ 5.78735, 51.87124 ], [ 5.78708, 51.87141 ], [ 5.7865, 51.87159 ], [ 5.78588, 51.87184 ], [ 5.78518, 51.87198 ], [ 5.78513, 51.87207 ], [ 5.78537, 51.87216 ], [ 5.7856, 51.87227 ], [ 5.7858, 51.8728 ], [ 5.7867, 51.87351 ], [ 5.78734, 51.87413 ], [ 5.78779, 51.87502 ], [ 5.78735, 51.87507 ], [ 5.78591, 51.87538 ], [ 5.78511, 51.87548 ], [ 5.78403, 51.87548 ], [ 5.78322, 51.8756 ], [ 5.78258, 51.87578 ], [ 5.78168, 51.87576 ], [ 5.78136, 51.87572 ], [ 5.78066, 51.87583 ], [ 5.78006, 51.876 ], [ 5.77973, 51.87608 ], [ 5.77922, 51.87611 ], [ 5.77714, 51.87619 ], [ 5.77699, 51.87624 ], [ 5.7763, 51.87667 ], [ 5.77575, 51.87671 ], [ 5.77437, 51.8769 ], [ 5.7734, 51.877 ], [ 5.77276, 51.87711 ], [ 5.7727, 51.87728 ], [ 5.77248, 51.8774 ], [ 5.77196, 51.87752 ], [ 5.77116, 51.87755 ], [ 5.77086, 51.87737 ], [ 5.77033, 51.87748 ], [ 5.76973, 51.87742 ], [ 5.76942, 51.87753 ], [ 5.76921, 51.87759 ], [ 5.76912, 51.87768 ], [ 5.76896, 51.87774 ], [ 5.76828, 51.87795 ], [ 5.76778, 51.87802 ], [ 5.76757, 51.87811 ], [ 5.76733, 51.87817 ], [ 5.76662, 51.87826 ], [ 5.76628, 51.87825 ], [ 5.76618, 51.87821 ], [ 5.76597, 51.87808 ], [ 5.76577, 51.87806 ], [ 5.76551, 51.87806 ], [ 5.76447, 51.87828 ], [ 5.76378, 51.87857 ], [ 5.76371, 51.87862 ], [ 5.76353, 51.87864 ], [ 5.76342, 51.87861 ], [ 5.76331, 51.87862 ], [ 5.76276, 51.87866 ], [ 5.76224, 51.87874 ], [ 5.76172, 51.87886 ], [ 5.76124, 51.87887 ], [ 5.76098, 51.87875 ], [ 5.76081, 51.8787 ], [ 5.76077, 51.87862 ], [ 5.76038, 51.87839 ], [ 5.76022, 51.87789 ], [ 5.76019, 51.8777 ], [ 5.7602, 51.87755 ], [ 5.75952, 51.87774 ], [ 5.75598, 51.87777 ], [ 5.75565, 51.87779 ], [ 5.75545, 51.87784 ], [ 5.75477, 51.8781 ], [ 5.75433, 51.87815 ], [ 5.7533, 51.87801 ], [ 5.75208, 51.87801 ], [ 5.75156, 51.87806 ], [ 5.75095, 51.8783 ], [ 5.75067, 51.87835 ], [ 5.7492, 51.87842 ], [ 5.74866, 51.87839 ], [ 5.74842, 51.87833 ], [ 5.74832, 51.87808 ], [ 5.74859, 51.8779 ], [ 5.74866, 51.87783 ], [ 5.74867, 51.87772 ], [ 5.74854, 51.87689 ], [ 5.749, 51.8748 ], [ 5.74874, 51.87461 ], [ 5.74876, 51.87403 ], [ 5.7487, 51.87391 ], [ 5.74844, 51.87369 ], [ 5.74673, 51.87256 ], [ 5.74982, 51.8718 ], [ 5.74996, 51.87195 ], [ 5.75015, 51.87199 ], [ 5.75042, 51.87195 ], [ 5.75108, 51.87174 ], [ 5.75141, 51.87168 ], [ 5.75164, 51.87169 ], [ 5.75192, 51.87175 ], [ 5.75226, 51.8719 ], [ 5.75348, 51.87251 ], [ 5.75393, 51.87279 ], [ 5.75435, 51.87326 ], [ 5.75471, 51.87386 ], [ 5.75485, 51.8742 ], [ 5.75473, 51.87464 ], [ 5.75437, 51.87575 ], [ 5.75437, 51.87595 ], [ 5.75404, 51.87692 ], [ 5.7537, 51.877 ], [ 5.75661, 51.8773 ], [ 5.75725, 51.87733 ], [ 5.75739, 51.87726 ], [ 5.75881, 51.87715 ], [ 5.75902, 51.87721 ], [ 5.75891, 51.87735 ], [ 5.75893, 51.87742 ], [ 5.759, 51.87743 ], [ 5.75895, 51.87758 ], [ 5.75928, 51.87759 ], [ 5.75953, 51.87742 ], [ 5.75998, 51.87738 ], [ 5.76105, 51.87685 ], [ 5.76139, 51.87675 ], [ 5.76383, 51.87633 ], [ 5.76458, 51.87624 ], [ 5.76582, 51.87614 ], [ 5.76642, 51.87612 ], [ 5.76705, 51.87615 ], [ 5.7671, 51.87585 ], [ 5.76837, 51.87583 ], [ 5.76954, 51.87576 ], [ 5.76921, 51.87418 ], [ 5.76928, 51.874 ], [ 5.76927, 51.87392 ], [ 5.76899, 51.87381 ], [ 5.76869, 51.87345 ], [ 5.77061, 51.87299 ], [ 5.7723, 51.87249 ], [ 5.77429, 51.87187 ], [ 5.77484, 51.87273 ], [ 5.7749, 51.87273 ], [ 5.77722, 51.87226 ], [ 5.77716, 51.87219 ] ] } },
{ "type": "Feature", "properties": { "klompenpad_naam": "Dashorsterpad", "url": "https://klompenpaden.nl/klompenpaden/Dashorsterpad/e90e1946-898d-4edd-b964-5563f337927c", "date": null }, "geometry": { "type": "LineString", "coordinates": [ [ 5.44893, 52.08031 ], [ 5.44904, 52.08022 ], [ 5.44958, 52.08031 ], [ 5.45007, 52.08046 ], [ 5.45027, 52.08056 ], [ 5.45049, 52.08064 ], [ 5.45056, 52.0807 ], [ 5.45077, 52.08074 ], [ 5.45098, 52.08072 ], [ 5.45194, 52.08075 ], [ 5.45608, 52.08154 ], [ 5.45627, 52.08168 ], [ 5.45515, 52.08248 ], [ 5.45378, 52.08336 ], [ 5.4515, 52.08427 ], [ 5.45116, 52.08447 ], [ 5.45093, 52.08471 ], [ 5.45071, 52.08514 ], [ 5.45066, 52.0854 ], [ 5.45079, 52.0858 ], [ 5.45126, 52.08655 ], [ 5.45142, 52.0872 ], [ 5.45136, 52.08835 ], [ 5.45119, 52.08869 ], [ 5.45082, 52.08901 ], [ 5.44973, 52.08957 ], [ 5.45002, 52.08984 ], [ 5.4501, 52.08987 ], [ 5.4582, 52.09373 ], [ 5.4606, 52.09492 ], [ 5.46561, 52.09729 ], [ 5.46681, 52.0967 ], [ 5.4678, 52.0975 ], [ 5.46749, 52.09816 ], [ 5.46723, 52.09831 ], [ 5.46547, 52.09947 ], [ 5.46515, 52.09966 ], [ 5.46505, 52.09987 ], [ 5.46501, 52.10024 ], [ 5.46511, 52.10072 ], [ 5.46612, 52.10104 ], [ 5.46699, 52.10219 ], [ 5.46713, 52.10327 ], [ 5.46862, 52.10381 ], [ 5.47057, 52.10447 ], [ 5.4723, 52.10464 ], [ 5.47654, 52.10512 ], [ 5.47761, 52.10531 ], [ 5.477, 52.10633 ], [ 5.47672, 52.10757 ], [ 5.47771, 52.10769 ], [ 5.47781, 52.10765 ], [ 5.47841, 52.10772 ], [ 5.47889, 52.10755 ], [ 5.47914, 52.10757 ], [ 5.48107, 52.10833 ], [ 5.48169, 52.10854 ], [ 5.48237, 52.10862 ], [ 5.48326, 52.10719 ], [ 5.48398, 52.10595 ], [ 5.48423, 52.10541 ], [ 5.48477, 52.10349 ], [ 5.48504, 52.09888 ], [ 5.48795, 52.09907 ], [ 5.48826, 52.09893 ], [ 5.48851, 52.09878 ], [ 5.48895, 52.09867 ], [ 5.49026, 52.09831 ], [ 5.48896, 52.09608 ], [ 5.48911, 52.09561 ], [ 5.49039, 52.09462 ], [ 5.49053, 52.09389 ], [ 5.49088, 52.09377 ], [ 5.49097, 52.09366 ], [ 5.49308, 52.09271 ], [ 5.49273, 52.0914 ], [ 5.49086, 52.0915 ], [ 5.4861, 52.09172 ], [ 5.48609, 52.09013 ], [ 5.48411, 52.09031 ], [ 5.48376, 52.09038 ], [ 5.48248, 52.091 ], [ 5.48153, 52.09135 ], [ 5.48006, 52.09172 ], [ 5.47749, 52.09067 ], [ 5.47682, 52.09045 ], [ 5.47492, 52.09032 ], [ 5.47443, 52.09012 ], [ 5.47288, 52.08927 ], [ 5.47265, 52.0892 ], [ 5.47167, 52.08944 ], [ 5.47082, 52.08999 ], [ 5.46987, 52.09071 ], [ 5.4686, 52.09073 ], [ 5.46588, 52.08936 ], [ 5.46371, 52.0883 ], [ 5.4628, 52.08711 ], [ 5.46252, 52.087 ], [ 5.46248, 52.08557 ], [ 5.46246, 52.08546 ], [ 5.46137, 52.08547 ], [ 5.45929, 52.0854 ], [ 5.45867, 52.0855 ], [ 5.45773, 52.08576 ], [ 5.45729, 52.08585 ], [ 5.45547, 52.0859 ], [ 5.45377, 52.08584 ], [ 5.45318, 52.08586 ], [ 5.45263, 52.0852 ], [ 5.45148, 52.0847 ], [ 5.45176, 52.08449 ], [ 5.45333, 52.08386 ], [ 5.45401, 52.08362 ], [ 5.45468, 52.08313 ], [ 5.45682, 52.08165 ], [ 5.45637, 52.08158 ], [ 5.45184, 52.08074 ], [ 5.45161, 52.08072 ], [ 5.4507, 52.08074 ], [ 5.45033, 52.0806 ], [ 5.45016, 52.0805 ], [ 5.4499, 52.08041 ], [ 5.4494, 52.08028 ], [ 5.4491, 52.08023 ], [ 5.44893, 52.08031 ] ] } },
{ "type": "Feature", "properties": { "klompenpad_naam": "Daatselaarsepad", "url": "https://klompenpaden.nl/klompenpaden/Daatselaarsepad/457c09e2-e27d-44ba-9e84-b86616d8ee5b", "date": null }, "geometry": { "type": "LineString", "coordinates": [ [ 5.5237, 52.0763 ], [ 5.52392, 52.0763 ], [ 5.5241, 52.07643 ], [ 5.52417, 52.07657 ], [ 5.52416, 52.07676 ], [ 5.52404, 52.07695 ], [ 5.52416, 52.07752 ], [ 5.52429, 52.07795 ], [ 5.52482, 52.07867 ], [ 5.52554, 52.07948 ], [ 5.52584, 52.07978 ], [ 5.52682, 52.08056 ], [ 5.52737, 52.08094 ], [ 5.52831, 52.0814 ], [ 5.52963, 52.08186 ], [ 5.53, 52.08192 ], [ 5.5304, 52.08212 ], [ 5.53088, 52.08239 ], [ 5.531, 52.08251 ], [ 5.53137, 52.0833 ], [ 5.5316, 52.08386 ], [ 5.53279, 52.08357 ], [ 5.53369, 52.08338 ], [ 5.53503, 52.08313 ], [ 5.53546, 52.08308 ], [ 5.5361, 52.08311 ], [ 5.53735, 52.08309 ], [ 5.53928, 52.08294 ], [ 5.53943, 52.08287 ], [ 5.54226, 52.08332 ], [ 5.54632, 52.08402 ], [ 5.54649, 52.08402 ], [ 5.54776, 52.08424 ], [ 5.5497, 52.08454 ], [ 5.54985, 52.08465 ], [ 5.55162, 52.08497 ], [ 5.55359, 52.0853 ], [ 5.55327, 52.08565 ], [ 5.55327, 52.0858 ], [ 5.55345, 52.08603 ], [ 5.55366, 52.08624 ], [ 5.55406, 52.08646 ], [ 5.55438, 52.08651 ], [ 5.55459, 52.08644 ], [ 5.55475, 52.0863 ], [ 5.55499, 52.08621 ], [ 5.5553, 52.08614 ], [ 5.55565, 52.08624 ], [ 5.55576, 52.08643 ], [ 5.55587, 52.08671 ], [ 5.55604, 52.08677 ], [ 5.55667, 52.08658 ], [ 5.55685, 52.08641 ], [ 5.55698, 52.08619 ], [ 5.55693, 52.08606 ], [ 5.55656, 52.08574 ], [ 5.55643, 52.08548 ], [ 5.55766, 52.08488 ], [ 5.55824, 52.08462 ], [ 5.55868, 52.08446 ], [ 5.55927, 52.08441 ], [ 5.55983, 52.08442 ], [ 5.56036, 52.08438 ], [ 5.56056, 52.08429 ], [ 5.56048, 52.08295 ], [ 5.56043, 52.0818 ], [ 5.56071, 52.08105 ], [ 5.56123, 52.08009 ], [ 5.56137, 52.07994 ], [ 5.56165, 52.07982 ], [ 5.56215, 52.07948 ], [ 5.56251, 52.0792 ], [ 5.56251, 52.07863 ], [ 5.56259, 52.07838 ], [ 5.56262, 52.07809 ], [ 5.56229, 52.07686 ], [ 5.56199, 52.07588 ], [ 5.56162, 52.07444 ], [ 5.56144, 52.07366 ], [ 5.56132, 52.07332 ], [ 5.55997, 52.07196 ], [ 5.55723, 52.07174 ], [ 5.55321, 52.07136 ], [ 5.55309, 52.0711 ], [ 5.55292, 52.07099 ], [ 5.55267, 52.07094 ], [ 5.55235, 52.07096 ], [ 5.55214, 52.07108 ], [ 5.55202, 52.07123 ], [ 5.55079, 52.07113 ], [ 5.5485, 52.0709 ], [ 5.54801, 52.07094 ], [ 5.54574, 52.07071 ], [ 5.54581, 52.0704 ], [ 5.54574, 52.07031 ], [ 5.54533, 52.07021 ], [ 5.54473, 52.07011 ], [ 5.54437, 52.07012 ], [ 5.54407, 52.07015 ], [ 5.54379, 52.07028 ], [ 5.54348, 52.07031 ], [ 5.54306, 52.07027 ], [ 5.54242, 52.07001 ], [ 5.54223, 52.06989 ], [ 5.54212, 52.0698 ], [ 5.54202, 52.06978 ], [ 5.54189, 52.06984 ], [ 5.54183, 52.06996 ], [ 5.54187, 52.07009 ], [ 5.54177, 52.07048 ], [ 5.54179, 52.07053 ], [ 5.54172, 52.07089 ], [ 5.54145, 52.07109 ], [ 5.541, 52.07136 ], [ 5.54093, 52.07117 ], [ 5.54126, 52.0701 ], [ 5.54132, 52.06962 ], [ 5.54124, 52.06956 ], [ 5.54014, 52.06967 ], [ 5.53992, 52.06974 ], [ 5.53977, 52.06984 ], [ 5.53931, 52.06987 ], [ 5.53891, 52.06996 ], [ 5.53807, 52.07025 ], [ 5.53762, 52.07035 ], [ 5.53707, 52.06921 ], [ 5.53666, 52.06795 ], [ 5.53659, 52.06779 ], [ 5.53657, 52.06721 ], [ 5.53573, 52.06677 ], [ 5.53526, 52.06682 ], [ 5.53484, 52.06693 ], [ 5.5332, 52.06771 ], [ 5.53262, 52.06772 ], [ 5.53112, 52.06784 ], [ 5.52974, 52.06798 ], [ 5.52919, 52.06801 ], [ 5.52932, 52.06766 ], [ 5.52924, 52.06736 ], [ 5.52897, 52.06703 ], [ 5.52875, 52.06673 ], [ 5.5284, 52.06647 ], [ 5.52775, 52.06626 ], [ 5.52708, 52.06609 ], [ 5.52639, 52.06596 ], [ 5.5255, 52.06585 ], [ 5.5251, 52.06588 ], [ 5.52345, 52.06613 ], [ 5.5229, 52.06504 ], [ 5.5225, 52.06435 ], [ 5.5216, 52.06308 ], [ 5.5211, 52.06252 ], [ 5.52071, 52.06264 ], [ 5.5206, 52.06275 ], [ 5.52061, 52.06283 ], [ 5.51805, 52.06351 ], [ 5.51898, 52.06518 ], [ 5.5194, 52.06584 ], [ 5.51601, 52.0657 ], [ 5.51555, 52.06584 ], [ 5.51485, 52.06624 ], [ 5.51411, 52.06673 ], [ 5.51457, 52.06822 ], [ 5.5149, 52.06861 ], [ 5.51557, 52.06928 ], [ 5.51608, 52.06976 ], [ 5.51683, 52.0703 ], [ 5.51755, 52.07086 ], [ 5.51866, 52.07183 ], [ 5.52009, 52.07294 ], [ 5.52279, 52.07513 ], [ 5.52391, 52.07594 ], [ 5.52403, 52.0761 ], [ 5.52394, 52.07629 ] ] } },
{ "type": "Feature", "properties": { "klompenpad_naam": "Broekerpad", "url": "https://klompenpaden.nl/klompenpaden/Broekerpad/18ea2796-9532-4d14-8359-b87636b22da3", "date": null }, "geometry": { "type": "LineString", "coordinates": [ [ 5.48997, 52.08448 ], [ 5.48989, 52.08429 ], [ 5.48985, 52.08411 ], [ 5.4908, 52.084 ], [ 5.49058, 52.08295 ], [ 5.49021, 52.08161 ], [ 5.49012, 52.08104 ], [ 5.48999, 52.08092 ], [ 5.48994, 52.08081 ], [ 5.49004, 52.08068 ], [ 5.48993, 52.0803 ], [ 5.48985, 52.07955 ], [ 5.48976, 52.07944 ], [ 5.4894, 52.07936 ], [ 5.4894, 52.07879 ], [ 5.48974, 52.07864 ], [ 5.48991, 52.07853 ], [ 5.4899, 52.07842 ], [ 5.48984, 52.07829 ], [ 5.48976, 52.07822 ], [ 5.48969, 52.07794 ], [ 5.48978, 52.07772 ], [ 5.49005, 52.07745 ], [ 5.49021, 52.07721 ], [ 5.49038, 52.07685 ], [ 5.49044, 52.07661 ], [ 5.49039, 52.07633 ], [ 5.48977, 52.0756 ], [ 5.48938, 52.07509 ], [ 5.49023, 52.07472 ], [ 5.49084, 52.07449 ], [ 5.48994, 52.07323 ], [ 5.4898, 52.07301 ], [ 5.48977, 52.07293 ], [ 5.49051, 52.07214 ], [ 5.49038, 52.07201 ], [ 5.48999, 52.07192 ], [ 5.4895, 52.0716 ], [ 5.48949, 52.07156 ], [ 5.48953, 52.07128 ], [ 5.48998, 52.07102 ], [ 5.49025, 52.07079 ], [ 5.49026, 52.07066 ], [ 5.49013, 52.07007 ], [ 5.49059, 52.06952 ], [ 5.48931, 52.06858 ], [ 5.48875, 52.06827 ], [ 5.48833, 52.06823 ], [ 5.48796, 52.06825 ], [ 5.48768, 52.06813 ], [ 5.48734, 52.06805 ], [ 5.48449, 52.0676 ], [ 5.4826, 52.06738 ], [ 5.4811, 52.06722 ], [ 5.47939, 52.06716 ], [ 5.47895, 52.06717 ], [ 5.47858, 52.06706 ], [ 5.47826, 52.06694 ], [ 5.47627, 52.06707 ], [ 5.47611, 52.0671 ], [ 5.47651, 52.06858 ], [ 5.47693, 52.06959 ], [ 5.47723, 52.07091 ], [ 5.47706, 52.07127 ], [ 5.47684, 52.07159 ], [ 5.47622, 52.07217 ], [ 5.47598, 52.07235 ], [ 5.4762, 52.07256 ], [ 5.47597, 52.07264 ], [ 5.47484, 52.07277 ], [ 5.47484, 52.07332 ], [ 5.47487, 52.07414 ], [ 5.47518, 52.0748 ], [ 5.47558, 52.07574 ], [ 5.47582, 52.0766 ], [ 5.47591, 52.0772 ], [ 5.47608, 52.07742 ], [ 5.47825, 52.07846 ], [ 5.47928, 52.07825 ], [ 5.47982, 52.0781 ], [ 5.48102, 52.07763 ], [ 5.48142, 52.07749 ], [ 5.48198, 52.07743 ], [ 5.48216, 52.07792 ], [ 5.48238, 52.07842 ], [ 5.48253, 52.07856 ], [ 5.48226, 52.07874 ], [ 5.48216, 52.07889 ], [ 5.4823, 52.07904 ], [ 5.48314, 52.07958 ], [ 5.4836, 52.07963 ], [ 5.48455, 52.07965 ], [ 5.48454, 52.08082 ], [ 5.48448, 52.08196 ], [ 5.48444, 52.08398 ], [ 5.48437, 52.08591 ], [ 5.48476, 52.08615 ], [ 5.4849, 52.08605 ], [ 5.48519, 52.08597 ], [ 5.49017, 52.0851 ], [ 5.49, 52.08458 ] ] } },
{ "type": "Feature", "properties": { "klompenpad_naam": "Breukerengpad", "url": "https://klompenpaden.nl/klompenpaden/Breukerengpad/80e1e14c-da1a-4009-8137-1d652957b0d3", "date": null }, "geometry": { "type": "LineString", "coordinates": [ [ 5.67067, 52.01253 ], [ 5.66816, 52.01278 ], [ 5.66745, 52.01287 ], [ 5.66727, 52.01284 ], [ 5.66644, 52.01251 ], [ 5.66589, 52.01232 ], [ 5.66446, 52.01197 ], [ 5.66359, 52.01165 ], [ 5.66286, 52.01133 ], [ 5.66268, 52.01194 ], [ 5.66243, 52.01318 ], [ 5.65945, 52.01296 ], [ 5.65906, 52.01292 ], [ 5.65894, 52.01283 ], [ 5.65458, 52.01242 ], [ 5.65475, 52.01173 ], [ 5.65637, 52.01187 ], [ 5.65666, 52.01066 ], [ 5.66227, 52.01113 ], [ 5.66278, 52.01126 ], [ 5.66298, 52.01046 ], [ 5.663, 52.00988 ], [ 5.66293, 52.00973 ], [ 5.66263, 52.00962 ], [ 5.66229, 52.00959 ], [ 5.66211, 52.00954 ], [ 5.66179, 52.00942 ], [ 5.66172, 52.00932 ], [ 5.66186, 52.0089 ], [ 5.6606, 52.00808 ], [ 5.6593, 52.00735 ], [ 5.65764, 52.00652 ], [ 5.65721, 52.00636 ], [ 5.65675, 52.00622 ], [ 5.65534, 52.00612 ], [ 5.65315, 52.0061 ], [ 5.65362, 52.0041 ], [ 5.65407, 52.00234 ], [ 5.65434, 52.00185 ], [ 5.65446, 52.00178 ], [ 5.65621, 52.00222 ], [ 5.65653, 52.00222 ], [ 5.65666, 52.00226 ], [ 5.65704, 52.00249 ], [ 5.65778, 52.00268 ], [ 5.65833, 52.00305 ], [ 5.65932, 52.00364 ], [ 5.6598, 52.00397 ], [ 5.66001, 52.00418 ], [ 5.66057, 52.00489 ], [ 5.66096, 52.00514 ], [ 5.66152, 52.00553 ], [ 5.66202, 52.00581 ], [ 5.66248, 52.00602 ], [ 5.66314, 52.00621 ], [ 5.66356, 52.0063 ], [ 5.66361, 52.00649 ], [ 5.6632, 52.00721 ], [ 5.66297, 52.00756 ], [ 5.66454, 52.0079 ], [ 5.66503, 52.00808 ], [ 5.66959, 52.01034 ], [ 5.66954, 52.01043 ], [ 5.66957, 52.01048 ], [ 5.66969, 52.01051 ], [ 5.66982, 52.01049 ], [ 5.67011, 52.01087 ], [ 5.67028, 52.01115 ], [ 5.67027, 52.01132 ], [ 5.67033, 52.01144 ], [ 5.67062, 52.01171 ], [ 5.67059, 52.012 ], [ 5.67046, 52.01223 ], [ 5.6706, 52.01238 ], [ 5.67069, 52.01253 ] ] } },
{ "type": "Feature", "properties": { "klompenpad_naam": "Breeschoterpad", "url": "https://klompenpaden.nl/klompenpaden/Breeschoterpad/8f23f903-9630-4cf1-8803-4ef9a8f79131", "date": null }, "geometry": { "type": "LineString", "coordinates": [ [ 5.52368, 52.07629 ], [ 5.52393, 52.07629 ], [ 5.52402, 52.07634 ], [ 5.52416, 52.0765 ], [ 5.52418, 52.0767 ], [ 5.52411, 52.07687 ], [ 5.52405, 52.07695 ], [ 5.52412, 52.07738 ], [ 5.52429, 52.07793 ], [ 5.5248, 52.07863 ], [ 5.52563, 52.07957 ], [ 5.5262, 52.08011 ], [ 5.52713, 52.08081 ], [ 5.52754, 52.081 ], [ 5.52822, 52.08138 ], [ 5.52957, 52.08185 ], [ 5.52999, 52.08192 ], [ 5.53054, 52.08217 ], [ 5.531, 52.08245 ], [ 5.53122, 52.08296 ], [ 5.53147, 52.0836 ], [ 5.5316, 52.08388 ], [ 5.53024, 52.08422 ], [ 5.52514, 52.08531 ], [ 5.52644, 52.08714 ], [ 5.52729, 52.08824 ], [ 5.52895, 52.09055 ], [ 5.52839, 52.09051 ], [ 5.52478, 52.09017 ], [ 5.52467, 52.09018 ], [ 5.52461, 52.0907 ], [ 5.52341, 52.09082 ], [ 5.52252, 52.09065 ], [ 5.52073, 52.09045 ], [ 5.52024, 52.09044 ], [ 5.51921, 52.09056 ], [ 5.51685, 52.0909 ], [ 5.51632, 52.09091 ], [ 5.51513, 52.09087 ], [ 5.51366, 52.09093 ], [ 5.5117, 52.09115 ], [ 5.51101, 52.09115 ], [ 5.50834, 52.09073 ], [ 5.50769, 52.08942 ], [ 5.50745, 52.08899 ], [ 5.50672, 52.0887 ], [ 5.5071, 52.08831 ], [ 5.50725, 52.08819 ], [ 5.50782, 52.08817 ], [ 5.5101, 52.08827 ], [ 5.51049, 52.08826 ], [ 5.51247, 52.08839 ], [ 5.51304, 52.08825 ], [ 5.51328, 52.08813 ], [ 5.51334, 52.0873 ], [ 5.51344, 52.08716 ], [ 5.51368, 52.08702 ], [ 5.51378, 52.08686 ], [ 5.51465, 52.08483 ], [ 5.51447, 52.08435 ], [ 5.5145, 52.08414 ], [ 5.51542, 52.08393 ], [ 5.5159, 52.08389 ], [ 5.51649, 52.08375 ], [ 5.51715, 52.08356 ], [ 5.51763, 52.08345 ], [ 5.51809, 52.08344 ], [ 5.51889, 52.08367 ], [ 5.51929, 52.08387 ], [ 5.51948, 52.08359 ], [ 5.52021, 52.08222 ], [ 5.52038, 52.08187 ], [ 5.52069, 52.08161 ], [ 5.5211, 52.08133 ], [ 5.52178, 52.08102 ], [ 5.5222, 52.08075 ], [ 5.52275, 52.08029 ], [ 5.52334, 52.07943 ], [ 5.52357, 52.07895 ], [ 5.52364, 52.07818 ], [ 5.52441, 52.07812 ], [ 5.52429, 52.07794 ], [ 5.52404, 52.07698 ], [ 5.52416, 52.07676 ], [ 5.52418, 52.07658 ], [ 5.52412, 52.07643 ], [ 5.5239, 52.07628 ], [ 5.52371, 52.07628 ] ] } },
{ "type": "Feature", "properties": { "klompenpad_naam": "Boereneschpad", "url": "https://klompenpaden.nl/klompenpaden/Boereneschpad/490a7cea-1aad-4010-82be-5c58ec4b2013", "date": null }, "geometry": { "type": "LineString", "coordinates": [ [ 6.51999, 52.17164 ], [ 6.51999, 52.17164 ], [ 6.51999, 52.17164 ], [ 6.51997, 52.17166 ], [ 6.51946, 52.17186 ], [ 6.51875, 52.17176 ], [ 6.51796, 52.17155 ], [ 6.51765, 52.17151 ], [ 6.51742, 52.17153 ], [ 6.51682, 52.17167 ], [ 6.51655, 52.17177 ], [ 6.51628, 52.17182 ], [ 6.51628, 52.17203 ], [ 6.51633, 52.17222 ], [ 6.51662, 52.17236 ], [ 6.51667, 52.17268 ], [ 6.51653, 52.1728 ], [ 6.51657, 52.17409 ], [ 6.51651, 52.17435 ], [ 6.51632, 52.17451 ], [ 6.51586, 52.17474 ], [ 6.51581, 52.17482 ], [ 6.5157, 52.17487 ], [ 6.51586, 52.17508 ], [ 6.51584, 52.17517 ], [ 6.51574, 52.17523 ], [ 6.51583, 52.1753 ], [ 6.51612, 52.17561 ], [ 6.51639, 52.17578 ], [ 6.51658, 52.17565 ], [ 6.51911, 52.17737 ], [ 6.51924, 52.17759 ], [ 6.5201, 52.1794 ], [ 6.52293, 52.17927 ], [ 6.52297, 52.1794 ], [ 6.52298, 52.17965 ], [ 6.52295, 52.18011 ], [ 6.52297, 52.18027 ], [ 6.52294, 52.18039 ], [ 6.52588, 52.18004 ], [ 6.52864, 52.17969 ], [ 6.52918, 52.17956 ], [ 6.52999, 52.17924 ], [ 6.53089, 52.179 ], [ 6.53133, 52.1789 ], [ 6.53148, 52.17898 ], [ 6.53194, 52.17898 ], [ 6.53199, 52.17916 ], [ 6.532, 52.17951 ], [ 6.53157, 52.18097 ], [ 6.53158, 52.1812 ], [ 6.5313, 52.18166 ], [ 6.53131, 52.18175 ], [ 6.51998, 52.17165 ], [ 6.51999, 52.17164 ], [ 6.51657, 52.17564 ], [ 6.51671, 52.17555 ], [ 6.53131, 52.18175 ], [ 6.53236, 52.18158 ], [ 6.53278, 52.18147 ], [ 6.53345, 52.18119 ], [ 6.53421, 52.18081 ], [ 6.53554, 52.18021 ], [ 6.53606, 52.18005 ], [ 6.53601, 52.17971 ], [ 6.53728, 52.17729 ], [ 6.54673, 52.17541 ], [ 6.54546, 52.17332 ], [ 6.54567, 52.17111 ], [ 6.54585, 52.1663 ], [ 6.54772, 52.16597 ], [ 6.54878, 52.16506 ], [ 6.54978, 52.16415 ], [ 6.55083, 52.16339 ], [ 6.55011, 52.16303 ], [ 6.54945, 52.16278 ], [ 6.54931, 52.16268 ], [ 6.54923, 52.16251 ], [ 6.54893, 52.16224 ], [ 6.54861, 52.16211 ], [ 6.54831, 52.16205 ], [ 6.54761, 52.16213 ], [ 6.54742, 52.1623 ], [ 6.54711, 52.16232 ], [ 6.54679, 52.16225 ], [ 6.54646, 52.16221 ], [ 6.54601, 52.16226 ], [ 6.54584, 52.16115 ], [ 6.54552, 52.15934 ], [ 6.54539, 52.15793 ], [ 6.54548, 52.15659 ], [ 6.54537, 52.15592 ], [ 6.54544, 52.15566 ], [ 6.54514, 52.15583 ], [ 6.54487, 52.15574 ], [ 6.54482, 52.15545 ], [ 6.54492, 52.15514 ], [ 6.54485, 52.15503 ], [ 6.54338, 52.15491 ], [ 6.54315, 52.15482 ], [ 6.54338, 52.15472 ], [ 6.54381, 52.15404 ], [ 6.54501, 52.15331 ], [ 6.54458, 52.15301 ], [ 6.54403, 52.15281 ], [ 6.5385, 52.15479 ], [ 6.5371, 52.15503 ], [ 6.53719, 52.15534 ], [ 6.53604, 52.15648 ], [ 6.534, 52.15704 ], [ 6.5351, 52.15791 ], [ 6.53675, 52.1588 ], [ 6.536, 52.15981 ], [ 6.53552, 52.15967 ], [ 6.53509, 52.16036 ], [ 6.53505, 52.16058 ], [ 6.53572, 52.16072 ], [ 6.53556, 52.16091 ], [ 6.53411, 52.16065 ], [ 6.53359, 52.16121 ], [ 6.53267, 52.1618 ], [ 6.532, 52.16231 ], [ 6.532, 52.16241 ], [ 6.53086, 52.16461 ], [ 6.5321, 52.16503 ], [ 6.53431, 52.16542 ], [ 6.53431, 52.16625 ], [ 6.53417, 52.16718 ], [ 6.53394, 52.16794 ], [ 6.53295, 52.16966 ], [ 6.53004, 52.16917 ], [ 6.52943, 52.16933 ], [ 6.52912, 52.16979 ], [ 6.52865, 52.1697 ], [ 6.52807, 52.16956 ], [ 6.52697, 52.16918 ], [ 6.52676, 52.16917 ], [ 6.5265, 52.16906 ], [ 6.52626, 52.16901 ], [ 6.52579, 52.16895 ], [ 6.52471, 52.16889 ], [ 6.52456, 52.16903 ], [ 6.52407, 52.16908 ], [ 6.52412, 52.16879 ], [ 6.52417, 52.16872 ], [ 6.52416, 52.16845 ], [ 6.52387, 52.16845 ], [ 6.52371, 52.16848 ], [ 6.52349, 52.16849 ], [ 6.52255, 52.16842 ], [ 6.52096, 52.16866 ], [ 6.52124, 52.16941 ], [ 6.5218, 52.17014 ], [ 6.52092, 52.17057 ], [ 6.51999, 52.17164 ], [ 6.53131, 52.18175 ], [ 6.53132, 52.18185 ], [ 6.53132, 52.18185 ], [ 6.53132, 52.18201 ], [ 6.53132, 52.18201 ], [ 6.53132, 52.18185 ], [ 6.53132, 52.18201 ], [ 6.53113, 52.18202 ], [ 6.53104, 52.18205 ], [ 6.53104, 52.18205 ], [ 6.53114, 52.18202 ], [ 6.53132, 52.18201 ], [ 6.53104, 52.18205 ], [ 6.53104, 52.1821 ], [ 6.53114, 52.18223 ] ] } },
{ "type": "Feature", "properties": { "klompenpad_naam": "Bevermeersepad", "url": "https://klompenpaden.nl/klompenpaden/Bevermeersepad/7c2a92a7-f245-497f-8baa-36bed958ec72", "date": null }, "geometry": { "type": "LineString", "coordinates": [ [ 6.14708, 51.99577 ], [ 6.1471, 51.99586 ], [ 6.1474, 51.99659 ], [ 6.14787, 51.99758 ], [ 6.148, 51.99782 ], [ 6.1482, 51.99806 ], [ 6.14852, 51.99839 ], [ 6.14901, 51.99883 ], [ 6.14933, 51.99914 ], [ 6.14967, 51.99932 ], [ 6.14994, 51.99937 ], [ 6.1504, 51.99941 ], [ 6.1519, 51.9993 ], [ 6.15499, 51.99896 ], [ 6.15522, 51.99902 ], [ 6.15554, 51.99915 ], [ 6.15604, 51.99956 ], [ 6.15624, 51.99951 ], [ 6.15663, 51.9995 ], [ 6.15674, 51.99947 ], [ 6.15701, 51.99936 ], [ 6.15719, 51.99924 ], [ 6.15784, 51.99858 ], [ 6.1589, 51.99761 ], [ 6.159, 51.99735 ], [ 6.1589, 51.99731 ], [ 6.15883, 51.99726 ], [ 6.15869, 51.99696 ], [ 6.15859, 51.99685 ], [ 6.15821, 51.99664 ], [ 6.15789, 51.99654 ], [ 6.15774, 51.99647 ], [ 6.15767, 51.99641 ], [ 6.15767, 51.99624 ], [ 6.15769, 51.99612 ], [ 6.15776, 51.99588 ], [ 6.15862, 51.99489 ], [ 6.15877, 51.99469 ], [ 6.15879, 51.99459 ], [ 6.1588, 51.99445 ], [ 6.15877, 51.99426 ], [ 6.1587, 51.99409 ], [ 6.15824, 51.99327 ], [ 6.15861, 51.99317 ], [ 6.15854, 51.99296 ], [ 6.15925, 51.99279 ], [ 6.15964, 51.99274 ], [ 6.16101, 51.99274 ], [ 6.16154, 51.99273 ], [ 6.1617, 51.99271 ], [ 6.16179, 51.99262 ], [ 6.16149, 51.99169 ], [ 6.16145, 51.99148 ], [ 6.16146, 51.99073 ], [ 6.16317, 51.99039 ], [ 6.16307, 51.99023 ], [ 6.16303, 51.99013 ], [ 6.16302, 51.98989 ], [ 6.16313, 51.98967 ], [ 6.16341, 51.9894 ], [ 6.16362, 51.98929 ], [ 6.16533, 51.98868 ], [ 6.16569, 51.98848 ], [ 6.16585, 51.98838 ], [ 6.16607, 51.98816 ], [ 6.16624, 51.98793 ], [ 6.16636, 51.98768 ], [ 6.16641, 51.98753 ], [ 6.16641, 51.98725 ], [ 6.16628, 51.98501 ], [ 6.16612, 51.98091 ], [ 6.16608, 51.98043 ], [ 6.16608, 51.97991 ], [ 6.16609, 51.97987 ], [ 6.16617, 51.97986 ], [ 6.16615, 51.97971 ], [ 6.16551, 51.97972 ], [ 6.16546, 51.97975 ], [ 6.16538, 51.97977 ], [ 6.16509, 51.97979 ], [ 6.1635, 51.97978 ], [ 6.1615, 51.97958 ], [ 6.1611, 51.97961 ], [ 6.16098, 51.97967 ], [ 6.16087, 51.97985 ], [ 6.16086, 51.98014 ], [ 6.16075, 51.98073 ], [ 6.16064, 51.98084 ], [ 6.16043, 51.98093 ], [ 6.16021, 51.98098 ], [ 6.1536, 51.98061 ], [ 6.1519, 51.98046 ], [ 6.1513, 51.98044 ], [ 6.15002, 51.9808 ], [ 6.14984, 51.98083 ], [ 6.14946, 51.98082 ], [ 6.14795, 51.98067 ], [ 6.14697, 51.98051 ], [ 6.14672, 51.98049 ], [ 6.14559, 51.98045 ], [ 6.14545, 51.98046 ], [ 6.14524, 51.98058 ], [ 6.14512, 51.98049 ], [ 6.14494, 51.98041 ], [ 6.14477, 51.98035 ], [ 6.1445, 51.98029 ], [ 6.13859, 51.97965 ], [ 6.13787, 51.97954 ], [ 6.13132, 51.97843 ], [ 6.13125, 51.97863 ], [ 6.13051, 51.97974 ], [ 6.12978, 51.98066 ], [ 6.1295, 51.98099 ], [ 6.12933, 51.98123 ], [ 6.12866, 51.98209 ], [ 6.12841, 51.98246 ], [ 6.12826, 51.98274 ], [ 6.12814, 51.98286 ], [ 6.12785, 51.98296 ], [ 6.12771, 51.98311 ], [ 6.12754, 51.9834 ], [ 6.1275, 51.98365 ], [ 6.12751, 51.98386 ], [ 6.12772, 51.9841 ], [ 6.12817, 51.98446 ], [ 6.1282, 51.9846 ], [ 6.1282, 51.98475 ], [ 6.12801, 51.98522 ], [ 6.1279, 51.98545 ], [ 6.12696, 51.98625 ], [ 6.12655, 51.98665 ], [ 6.12575, 51.98781 ], [ 6.12599, 51.98785 ], [ 6.12673, 51.9881 ], [ 6.13477, 51.99091 ], [ 6.13488, 51.99093 ], [ 6.13499, 51.99089 ], [ 6.13572, 51.99034 ], [ 6.13684, 51.98953 ], [ 6.13802, 51.98999 ], [ 6.13805, 51.99003 ], [ 6.13743, 51.99043 ], [ 6.13631, 51.99164 ], [ 6.13616, 51.99183 ], [ 6.13589, 51.99314 ], [ 6.13573, 51.99374 ], [ 6.13559, 51.99456 ], [ 6.13593, 51.99462 ], [ 6.13626, 51.99473 ], [ 6.13642, 51.99483 ], [ 6.13656, 51.99504 ], [ 6.13668, 51.99536 ], [ 6.13703, 51.99538 ], [ 6.13801, 51.99559 ], [ 6.13836, 51.9957 ], [ 6.13893, 51.9958 ], [ 6.13964, 51.9959 ], [ 6.14002, 51.99598 ], [ 6.1408, 51.99622 ], [ 6.14155, 51.99642 ], [ 6.14166, 51.9965 ], [ 6.14174, 51.99663 ], [ 6.142, 51.99665 ], [ 6.14211, 51.99656 ], [ 6.14273, 51.99641 ], [ 6.14443, 51.99614 ], [ 6.14485, 51.99605 ], [ 6.14545, 51.99589 ], [ 6.14597, 51.99583 ], [ 6.14654, 51.99581 ], [ 6.1471, 51.99574 ], [ 6.14707, 51.99577 ] ] } },
{ "type": "Feature", "properties": { "klompenpad_naam": "Beukenburgerpad", "url": "https://klompenpaden.nl/klompenpaden/Beukenburgerpad/76f32ffc-f4a1-4f31-80c8-aa16dc18bc8e", "date": null }, "geometry": { "type": "LineString", "coordinates": [ [ 5.15595, 52.12232 ], [ 5.1564, 52.12346 ], [ 5.15512, 52.12356 ], [ 5.15504, 52.12369 ], [ 5.1548, 52.12379 ], [ 5.15458, 52.12401 ], [ 5.15453, 52.12415 ], [ 5.15453, 52.12438 ], [ 5.15458, 52.12467 ], [ 5.15467, 52.12485 ], [ 5.1549, 52.12498 ], [ 5.15522, 52.12503 ], [ 5.15547, 52.12503 ], [ 5.15576, 52.12499 ], [ 5.15626, 52.12586 ], [ 5.15703, 52.12715 ], [ 5.15773, 52.12825 ], [ 5.15852, 52.12811 ], [ 5.15916, 52.12923 ], [ 5.15931, 52.12928 ], [ 5.15975, 52.1293 ], [ 5.16057, 52.12924 ], [ 5.16114, 52.12916 ], [ 5.16129, 52.12916 ], [ 5.16148, 52.12931 ], [ 5.16156, 52.12943 ], [ 5.16116, 52.12947 ], [ 5.16003, 52.12954 ], [ 5.15979, 52.1295 ], [ 5.15978, 52.1294 ], [ 5.15968, 52.12937 ], [ 5.15922, 52.12933 ], [ 5.15984, 52.12994 ], [ 5.16018, 52.13048 ], [ 5.1607, 52.13148 ], [ 5.1605, 52.13159 ], [ 5.16093, 52.13236 ], [ 5.16062, 52.13249 ], [ 5.1633, 52.13717 ], [ 5.1642, 52.13877 ], [ 5.16416, 52.13909 ], [ 5.16461, 52.13989 ], [ 5.16608, 52.13977 ], [ 5.16759, 52.13961 ], [ 5.16809, 52.13954 ], [ 5.16923, 52.13946 ], [ 5.17059, 52.13939 ], [ 5.17281, 52.13911 ], [ 5.17399, 52.13909 ], [ 5.17458, 52.13912 ], [ 5.17661, 52.13932 ], [ 5.17654, 52.13919 ], [ 5.17642, 52.13909 ], [ 5.17619, 52.13901 ], [ 5.17593, 52.13886 ], [ 5.17588, 52.13876 ], [ 5.17586, 52.13863 ], [ 5.17591, 52.13847 ], [ 5.1759, 52.13827 ], [ 5.17582, 52.13808 ], [ 5.17566, 52.13796 ], [ 5.1756, 52.13772 ], [ 5.17567, 52.13738 ], [ 5.17564, 52.1371 ], [ 5.1751, 52.13661 ], [ 5.17454, 52.13564 ], [ 5.17479, 52.13555 ], [ 5.17491, 52.13546 ], [ 5.17498, 52.1353 ], [ 5.17489, 52.13503 ], [ 5.1748, 52.13462 ], [ 5.17392, 52.13293 ], [ 5.17366, 52.13251 ], [ 5.17363, 52.13231 ], [ 5.17385, 52.1322 ], [ 5.17387, 52.13201 ], [ 5.17405, 52.13188 ], [ 5.17415, 52.13176 ], [ 5.17414, 52.13147 ], [ 5.17399, 52.13113 ], [ 5.17361, 52.13064 ], [ 5.17399, 52.13056 ], [ 5.17407, 52.13047 ], [ 5.17505, 52.13024 ], [ 5.17531, 52.13026 ], [ 5.17551, 52.13022 ], [ 5.17566, 52.13023 ], [ 5.17657, 52.13012 ], [ 5.17584, 52.12883 ], [ 5.17361, 52.12898 ], [ 5.17183, 52.12911 ], [ 5.169, 52.12954 ], [ 5.16617, 52.12471 ], [ 5.16331, 52.11993 ], [ 5.16369, 52.11983 ], [ 5.16449, 52.11971 ], [ 5.16484, 52.11963 ], [ 5.16525, 52.11939 ], [ 5.16739, 52.11881 ], [ 5.16979, 52.11808 ], [ 5.17249, 52.11715 ], [ 5.17433, 52.11643 ], [ 5.17128, 52.11168 ], [ 5.17055, 52.1105 ], [ 5.17019, 52.1106 ], [ 5.17006, 52.11058 ], [ 5.17002, 52.11051 ], [ 5.16973, 52.11027 ], [ 5.1695, 52.11027 ], [ 5.16924, 52.11044 ], [ 5.16917, 52.1106 ], [ 5.16914, 52.11088 ], [ 5.16975, 52.11112 ], [ 5.17027, 52.11115 ], [ 5.17016, 52.11074 ], [ 5.17019, 52.1106 ], [ 5.16972, 52.10987 ], [ 5.16919, 52.10897 ], [ 5.16869, 52.1083 ], [ 5.16856, 52.10825 ], [ 5.16793, 52.10834 ], [ 5.16741, 52.10805 ], [ 5.16709, 52.10796 ], [ 5.16667, 52.10793 ], [ 5.16627, 52.10798 ], [ 5.16521, 52.10818 ], [ 5.16365, 52.10849 ], [ 5.16272, 52.10865 ], [ 5.16195, 52.10882 ], [ 5.16092, 52.10891 ], [ 5.16032, 52.10903 ], [ 5.16045, 52.10927 ], [ 5.16082, 52.1098 ], [ 5.16082, 52.11013 ], [ 5.1606, 52.11035 ], [ 5.15982, 52.11047 ], [ 5.15872, 52.11067 ], [ 5.15918, 52.11143 ], [ 5.15926, 52.11164 ], [ 5.15912, 52.11208 ], [ 5.15924, 52.11234 ], [ 5.15965, 52.11311 ], [ 5.1604, 52.11427 ], [ 5.16109, 52.11545 ], [ 5.16206, 52.11698 ], [ 5.16228, 52.11727 ], [ 5.16238, 52.11733 ], [ 5.1627, 52.11734 ], [ 5.16332, 52.11717 ], [ 5.16419, 52.11698 ], [ 5.16457, 52.11693 ], [ 5.16493, 52.1169 ], [ 5.16505, 52.11697 ], [ 5.16639, 52.11903 ], [ 5.16636, 52.11909 ], [ 5.16541, 52.11935 ], [ 5.16516, 52.11943 ], [ 5.16498, 52.11955 ], [ 5.1647, 52.11967 ], [ 5.16432, 52.11974 ], [ 5.16354, 52.11987 ], [ 5.16293, 52.12009 ], [ 5.16194, 52.1204 ], [ 5.15928, 52.12124 ], [ 5.15588, 52.12233 ], [ 5.14789, 52.12443 ], [ 5.15595, 52.12232 ] ] } },
{ "type": "Feature", "properties": { "klompenpad_naam": "Benedeneindsepad-KIDS", "url": "https://klompenpaden.nl/klompenpaden/Benedeneindsepad-KIDS/39382c8c-88f4-49e8-96cb-6482e3f3b89c", "date": null }, "geometry": { "type": "LineString", "coordinates": [ [ 4.92458, 52.01083 ], [ 4.92096, 52.01014 ], [ 4.92011, 52.00996 ], [ 4.91971, 52.00994 ], [ 4.91868, 52.01005 ], [ 4.91796, 52.01008 ], [ 4.91704, 52.01007 ], [ 4.9166, 52.01013 ], [ 4.91607, 52.01033 ], [ 4.91553, 52.0106 ], [ 4.91478, 52.01075 ], [ 4.91385, 52.01103 ], [ 4.91292, 52.01103 ], [ 4.91627, 52.00563 ], [ 4.91597, 52.00533 ], [ 4.91502, 52.00537 ], [ 4.91503, 52.00521 ], [ 4.91492, 52.00509 ], [ 4.91683, 52.002 ], [ 4.91676, 52.0018 ], [ 4.91683, 52.00153 ], [ 4.91727, 52.00103 ], [ 4.91742, 52.0009 ], [ 4.91803, 52.00077 ], [ 4.91822, 52.0006 ], [ 4.91864, 51.99997 ], [ 4.9197, 52.00005 ], [ 4.9211, 51.99996 ], [ 4.92176, 51.99982 ], [ 4.92258, 51.99969 ], [ 4.9236, 51.99948 ], [ 4.92466, 51.99929 ], [ 4.92508, 51.99927 ], [ 4.9259, 51.99928 ], [ 4.92644, 51.99932 ], [ 4.92777, 51.99953 ], [ 4.92739, 52.00006 ], [ 4.9272, 52.0003 ], [ 4.92705, 52.00042 ], [ 4.92701, 52.00071 ], [ 4.92676, 52.00106 ], [ 4.92525, 52.00352 ], [ 4.92422, 52.00513 ], [ 4.92297, 52.00724 ], [ 4.92168, 52.00698 ], [ 4.91985, 52.00995 ] ] } },
{ "type": "Feature", "properties": { "klompenpad_naam": "Bekbergerpad", "url": "https://klompenpaden.nl/klompenpaden/Bekbergerpad/7194a8eb-6194-411c-bde7-8972c9d224de", "date": null }, "geometry": { "type": "LineString", "coordinates": [ [ 5.97659, 52.14962 ], [ 5.97681, 52.14932 ], [ 5.97698, 52.14913 ], [ 5.97702, 52.14886 ], [ 5.97683, 52.14871 ], [ 5.97676, 52.14858 ], [ 5.97684, 52.14844 ], [ 5.97682, 52.14833 ], [ 5.97673, 52.14816 ], [ 5.97669, 52.14803 ], [ 5.97691, 52.14798 ], [ 5.97714, 52.14771 ], [ 5.97727, 52.14745 ], [ 5.97737, 52.14715 ], [ 5.97742, 52.14704 ], [ 5.97752, 52.14696 ], [ 5.97767, 52.14689 ], [ 5.97789, 52.14634 ], [ 5.97775, 52.14625 ], [ 5.97743, 52.14622 ], [ 5.97715, 52.14607 ], [ 5.97714, 52.14599 ], [ 5.97695, 52.14587 ], [ 5.9765, 52.14618 ], [ 5.97607, 52.14636 ], [ 5.97564, 52.14667 ], [ 5.97543, 52.14677 ], [ 5.9753, 52.14687 ], [ 5.97519, 52.147 ], [ 5.97528, 52.14702 ], [ 5.97531, 52.14704 ], [ 5.97537, 52.14714 ], [ 5.97527, 52.14719 ], [ 5.97503, 52.14722 ], [ 5.97481, 52.14732 ], [ 5.97467, 52.14747 ], [ 5.97418, 52.1478 ], [ 5.97411, 52.14796 ], [ 5.97402, 52.14801 ], [ 5.97383, 52.14801 ], [ 5.97378, 52.15216 ], [ 5.97391, 52.15204 ], [ 5.97379, 52.15195 ], [ 5.97374, 52.1518 ], [ 5.97363, 52.15162 ], [ 5.97344, 52.15143 ], [ 5.974, 52.15106 ], [ 5.9746, 52.15059 ], [ 5.97512, 52.15022 ], [ 5.97603, 52.14945 ], [ 5.97653, 52.1497 ], [ 5.97659, 52.14962 ], [ 5.97378, 52.15216 ], [ 5.97378, 52.15216 ], [ 5.97378, 52.15216 ], [ 5.97378, 52.15216 ], [ 5.96748, 52.1534 ], [ 5.96707, 52.15256 ], [ 5.96692, 52.15236 ], [ 5.96761, 52.1522 ], [ 5.97002, 52.15179 ], [ 5.97009, 52.15174 ], [ 5.97011, 52.15162 ], [ 5.97001, 52.15141 ], [ 5.97004, 52.15132 ], [ 5.97059, 52.1513 ], [ 5.97073, 52.15124 ], [ 5.9713, 52.15087 ], [ 5.97166, 52.15072 ], [ 5.9734, 52.14927 ], [ 5.97329, 52.14918 ], [ 5.97328, 52.14912 ], [ 5.97333, 52.14908 ], [ 5.97329, 52.14897 ], [ 5.97327, 52.1486 ], [ 5.97338, 52.14828 ], [ 5.97368, 52.14804 ], [ 5.97383, 52.14801 ], [ 5.96351, 52.15404 ], [ 5.96661, 52.15352 ], [ 5.96749, 52.1534 ], [ 5.96352, 52.15404 ], [ 5.96375, 52.15544 ], [ 5.96297, 52.15697 ], [ 5.96333, 52.15717 ], [ 5.96323, 52.1572 ], [ 5.96339, 52.1573 ], [ 5.96373, 52.1585 ], [ 5.96388, 52.1585 ], [ 5.96393, 52.15867 ], [ 5.964, 52.1592 ], [ 5.96267, 52.15927 ], [ 5.96194, 52.15927 ], [ 5.96116, 52.15935 ], [ 5.95991, 52.15956 ], [ 5.95978, 52.15941 ], [ 5.9596, 52.15945 ], [ 5.95952, 52.15941 ], [ 5.95931, 52.15903 ], [ 5.95932, 52.15858 ], [ 5.9593, 52.15802 ], [ 5.95927, 52.15777 ], [ 5.95915, 52.15752 ], [ 5.95867, 52.15753 ], [ 5.95742, 52.15748 ], [ 5.95254, 52.15759 ], [ 5.95164, 52.15758 ], [ 5.95136, 52.15764 ], [ 5.95121, 52.15775 ], [ 5.95087, 52.15874 ], [ 5.97603, 52.15465 ], [ 5.97541, 52.15471 ], [ 5.97527, 52.15443 ], [ 5.97446, 52.15349 ], [ 5.97421, 52.15316 ], [ 5.97415, 52.15291 ], [ 5.97408, 52.15277 ], [ 5.97421, 52.15259 ], [ 5.97387, 52.15221 ], [ 5.97378, 52.15216 ], [ 5.94462, 52.15742 ], [ 5.94462, 52.15742 ], [ 5.94462, 52.15742 ], [ 5.94461, 52.15742 ], [ 5.94462, 52.15742 ], [ 5.94485, 52.15809 ], [ 5.94464, 52.15813 ], [ 5.94465, 52.15836 ], [ 5.94434, 52.15838 ], [ 5.94404, 52.15847 ], [ 5.94392, 52.15855 ], [ 5.94384, 52.15869 ], [ 5.94352, 52.1586 ], [ 5.94294, 52.15864 ], [ 5.94243, 52.15879 ], [ 5.9418, 52.15901 ], [ 5.94135, 52.15901 ], [ 5.94074, 52.15917 ], [ 5.95086, 52.15874 ], [ 5.94787, 52.15818 ], [ 5.94462, 52.15742 ], [ 5.94074, 52.15916 ], [ 5.93981, 52.15914 ], [ 5.93952, 52.15923 ], [ 5.93885, 52.15946 ], [ 5.93842, 52.15953 ], [ 5.93788, 52.15954 ], [ 5.93748, 52.15963 ], [ 5.93714, 52.15982 ], [ 5.93693, 52.15997 ], [ 5.93693, 52.16008 ], [ 5.93894, 52.16047 ], [ 5.94001, 52.16063 ], [ 5.94003, 52.16063 ], [ 5.94028, 52.16077 ], [ 5.94041, 52.16099 ], [ 5.94051, 52.16122 ], [ 5.94041, 52.16133 ], [ 5.94188, 52.16169 ], [ 5.94206, 52.16169 ], [ 5.94407, 52.16207 ], [ 5.94412, 52.16265 ], [ 5.94435, 52.16333 ], [ 5.94517, 52.16461 ], [ 5.94665, 52.16619 ], [ 5.94567, 52.16676 ], [ 5.945, 52.16722 ], [ 5.94476, 52.16772 ], [ 5.94737, 52.16814 ], [ 5.94755, 52.16854 ], [ 5.94799, 52.16845 ], [ 5.97409, 52.16698 ], [ 5.97407, 52.1673 ], [ 5.97408, 52.16735 ], [ 5.97414, 52.16739 ], [ 5.9742, 52.1674 ], [ 5.9745, 52.16736 ], [ 5.97462, 52.16732 ], [ 5.97475, 52.16718 ], [ 5.97494, 52.16719 ], [ 5.97481, 52.16738 ], [ 5.97534, 52.16739 ], [ 5.97567, 52.16738 ], [ 5.97576, 52.16715 ], [ 5.97587, 52.16695 ], [ 5.97546, 52.16677 ], [ 5.97582, 52.16626 ], [ 5.97446, 52.16639 ], [ 5.97419, 52.16477 ], [ 5.97539, 52.16483 ], [ 5.97614, 52.16474 ], [ 5.97596, 52.16435 ], [ 5.97591, 52.16421 ], [ 5.97596, 52.16391 ], [ 5.97528, 52.16395 ], [ 5.9752, 52.16344 ], [ 5.97499, 52.16321 ], [ 5.97482, 52.16314 ], [ 5.97431, 52.16312 ], [ 5.97403, 52.16327 ], [ 5.97321, 52.1633 ], [ 5.97313, 52.16317 ], [ 5.9726, 52.16317 ], [ 5.97229, 52.1632 ], [ 5.97093, 52.16317 ], [ 5.97129, 52.16122 ], [ 5.97118, 52.16116 ], [ 5.97116, 52.16096 ], [ 5.97123, 52.16074 ], [ 5.97138, 52.15924 ], [ 5.97139, 52.15881 ], [ 5.97114, 52.15878 ], [ 5.97105, 52.15835 ], [ 5.97113, 52.1583 ], [ 5.97159, 52.15813 ], [ 5.97357, 52.15767 ], [ 5.97445, 52.1575 ], [ 5.9747, 52.15757 ], [ 5.97571, 52.15748 ], [ 5.97686, 52.15734 ], [ 5.97603, 52.15465 ], [ 5.96651, 52.16719 ], [ 5.96645, 52.16672 ], [ 5.96613, 52.16546 ], [ 5.96714, 52.16562 ], [ 5.96811, 52.1658 ], [ 5.9685, 52.16593 ], [ 5.96881, 52.16607 ], [ 5.96896, 52.16595 ], [ 5.96932, 52.16606 ], [ 5.9704, 52.1665 ], [ 5.97098, 52.16657 ], [ 5.97152, 52.16654 ], [ 5.97142, 52.16685 ], [ 5.97187, 52.16681 ], [ 5.97337, 52.16681 ], [ 5.97369, 52.16679 ], [ 5.97409, 52.16682 ], [ 5.97409, 52.16698 ], [ 5.96651, 52.16719 ], [ 5.96652, 52.16716 ], [ 5.96651, 52.16719 ], [ 5.96651, 52.16719 ], [ 5.94799, 52.16845 ], [ 5.94831, 52.16942 ], [ 5.94826, 52.16985 ], [ 5.94842, 52.17022 ], [ 5.94846, 52.17039 ], [ 5.94842, 52.17065 ], [ 5.94846, 52.1708 ], [ 5.94885, 52.17089 ], [ 5.94892, 52.17099 ], [ 5.94853, 52.17179 ], [ 5.94877, 52.17179 ], [ 5.9571, 52.17118 ], [ 5.95781, 52.17189 ], [ 5.95993, 52.17185 ], [ 5.96063, 52.17189 ], [ 5.9617, 52.17212 ], [ 5.96173, 52.17196 ], [ 5.96193, 52.17146 ], [ 5.96193, 52.17112 ], [ 5.96219, 52.1711 ], [ 5.96218, 52.16991 ], [ 5.96361, 52.17059 ], [ 5.96489, 52.17117 ], [ 5.96612, 52.17176 ], [ 5.96651, 52.16719 ], [ 5.94876, 52.17179 ], [ 5.95082, 52.17197 ], [ 5.95133, 52.17198 ], [ 5.95196, 52.17196 ], [ 5.95207, 52.17192 ], [ 5.95275, 52.17139 ], [ 5.95314, 52.17124 ], [ 5.95376, 52.17115 ], [ 5.95467, 52.17112 ], [ 5.95702, 52.17113 ], [ 5.9571, 52.17118 ] ] } },
{ "type": "Feature", "properties": { "klompenpad_naam": "Beekweidenpad", "url": "https://klompenpaden.nl/klompenpaden/Beekweidenpad/42cd2914-6791-4bad-bf23-03c50618fe8a", "date": null }, "geometry": { "type": "LineString", "coordinates": [ [ 6.1376, 52.17766 ], [ 6.13739, 52.17742 ], [ 6.13715, 52.1772 ], [ 6.13674, 52.17692 ], [ 6.13473, 52.17631 ], [ 6.13514, 52.17591 ], [ 6.13522, 52.17585 ], [ 6.13632, 52.1755 ], [ 6.13595, 52.17523 ], [ 6.13472, 52.17473 ], [ 6.13441, 52.17454 ], [ 6.13417, 52.17425 ], [ 6.13437, 52.17377 ], [ 6.1336, 52.17364 ], [ 6.1324, 52.17348 ], [ 6.13232, 52.17354 ], [ 6.13216, 52.1739 ], [ 6.13181, 52.17482 ], [ 6.13099, 52.17463 ], [ 6.12922, 52.17412 ], [ 6.12876, 52.1739 ], [ 6.12802, 52.17349 ], [ 6.12734, 52.17324 ], [ 6.12682, 52.17311 ], [ 6.12413, 52.17334 ], [ 6.12314, 52.1734 ], [ 6.12259, 52.17339 ], [ 6.1224, 52.17351 ], [ 6.12056, 52.17337 ], [ 6.12038, 52.17362 ], [ 6.1191, 52.1765 ], [ 6.11918, 52.17704 ], [ 6.11917, 52.17725 ], [ 6.11896, 52.17782 ], [ 6.11861, 52.17845 ], [ 6.11842, 52.17872 ], [ 6.1138, 52.1785 ], [ 6.11348, 52.17844 ], [ 6.1132, 52.17836 ], [ 6.11269, 52.17807 ], [ 6.11112, 52.17757 ], [ 6.10954, 52.17804 ], [ 6.10905, 52.17827 ], [ 6.1082, 52.17907 ], [ 6.10637, 52.18137 ], [ 6.10945, 52.18213 ], [ 6.10896, 52.18382 ], [ 6.10892, 52.18387 ], [ 6.1106, 52.18402 ], [ 6.11168, 52.18433 ], [ 6.11326, 52.18426 ], [ 6.11527, 52.18426 ], [ 6.11628, 52.18447 ], [ 6.11632, 52.18583 ], [ 6.11631, 52.18716 ], [ 6.11781, 52.18738 ], [ 6.11947, 52.18757 ], [ 6.12122, 52.18765 ], [ 6.12271, 52.18791 ], [ 6.12461, 52.18836 ], [ 6.12667, 52.18895 ], [ 6.12744, 52.18909 ], [ 6.12866, 52.18924 ], [ 6.13008, 52.18937 ], [ 6.13065, 52.18877 ], [ 6.13052, 52.18832 ], [ 6.13037, 52.1872 ], [ 6.12967, 52.18582 ], [ 6.1291, 52.18489 ], [ 6.12872, 52.18454 ], [ 6.12818, 52.18387 ], [ 6.12799, 52.18356 ], [ 6.12805, 52.1832 ], [ 6.12828, 52.1828 ], [ 6.12831, 52.18236 ], [ 6.12879, 52.18182 ], [ 6.12988, 52.18147 ], [ 6.13066, 52.18156 ], [ 6.13128, 52.18153 ], [ 6.13205, 52.1812 ], [ 6.13207, 52.18022 ], [ 6.13332, 52.18023 ], [ 6.13519, 52.18021 ], [ 6.1357, 52.17973 ], [ 6.13644, 52.17924 ], [ 6.13691, 52.17883 ], [ 6.13694, 52.17792 ], [ 6.13712, 52.17782 ], [ 6.13749, 52.17771 ], [ 6.13781, 52.17797 ], [ 6.13951, 52.17843 ], [ 6.1391, 52.17911 ], [ 6.14007, 52.1797 ], [ 6.14154, 52.18106 ], [ 6.14189, 52.18156 ], [ 6.14273, 52.18248 ], [ 6.14301, 52.18232 ], [ 6.1433, 52.18206 ], [ 6.14356, 52.18138 ], [ 6.14372, 52.18122 ], [ 6.14393, 52.18111 ], [ 6.14491, 52.18112 ], [ 6.14566, 52.1812 ], [ 6.14593, 52.18113 ], [ 6.14631, 52.18097 ], [ 6.14675, 52.18073 ], [ 6.14711, 52.18037 ], [ 6.14743, 52.18009 ], [ 6.1481, 52.18002 ], [ 6.1507, 52.17986 ], [ 6.1527, 52.17963 ], [ 6.15347, 52.17962 ], [ 6.15755, 52.18037 ], [ 6.16118, 52.18085 ], [ 6.16152, 52.18086 ], [ 6.16362, 52.18076 ], [ 6.16419, 52.18065 ], [ 6.16414, 52.18009 ], [ 6.16484, 52.1782 ], [ 6.1652, 52.17715 ], [ 6.16514, 52.17705 ], [ 6.16517, 52.17671 ], [ 6.16512, 52.1766 ], [ 6.16427, 52.17645 ], [ 6.16456, 52.17555 ], [ 6.16448, 52.17539 ], [ 6.16402, 52.17552 ], [ 6.16329, 52.17559 ], [ 6.16099, 52.17559 ], [ 6.16072, 52.17556 ], [ 6.16049, 52.17543 ], [ 6.16029, 52.17525 ], [ 6.1601, 52.17517 ], [ 6.15978, 52.17518 ], [ 6.15812, 52.17547 ], [ 6.15493, 52.17611 ], [ 6.1547, 52.17615 ], [ 6.15456, 52.17612 ], [ 6.15412, 52.17597 ], [ 6.15344, 52.17564 ], [ 6.15329, 52.17532 ], [ 6.15268, 52.17385 ], [ 6.15246, 52.1731 ], [ 6.15026, 52.17196 ], [ 6.14914, 52.17141 ], [ 6.14851, 52.17119 ], [ 6.14783, 52.17118 ], [ 6.14717, 52.17107 ], [ 6.14718, 52.17086 ], [ 6.14701, 52.17061 ], [ 6.14737, 52.17029 ], [ 6.14755, 52.17035 ], [ 6.14737, 52.17029 ], [ 6.14845, 52.16934 ], [ 6.14886, 52.16941 ], [ 6.14936, 52.16928 ], [ 6.14962, 52.16925 ], [ 6.15005, 52.16835 ], [ 6.15065, 52.16733 ], [ 6.15105, 52.1667 ], [ 6.15154, 52.16694 ], [ 6.15179, 52.16696 ], [ 6.15205, 52.16687 ], [ 6.15206, 52.16679 ], [ 6.15165, 52.16652 ], [ 6.15134, 52.16618 ], [ 6.15162, 52.16537 ], [ 6.15187, 52.16506 ], [ 6.15308, 52.16455 ], [ 6.15356, 52.16411 ], [ 6.15373, 52.16384 ], [ 6.15361, 52.16335 ], [ 6.1538, 52.1632 ], [ 6.15406, 52.16305 ], [ 6.15664, 52.16384 ], [ 6.15628, 52.16414 ], [ 6.15536, 52.16523 ], [ 6.15466, 52.16617 ], [ 6.15408, 52.16714 ], [ 6.15383, 52.16856 ], [ 6.15381, 52.16881 ], [ 6.15313, 52.16883 ], [ 6.15284, 52.16899 ], [ 6.15266, 52.1692 ], [ 6.15249, 52.16932 ], [ 6.15214, 52.16941 ], [ 6.15148, 52.16949 ], [ 6.15068, 52.16953 ], [ 6.15047, 52.16947 ], [ 6.15015, 52.17011 ], [ 6.14995, 52.17037 ], [ 6.14957, 52.17064 ], [ 6.14927, 52.17082 ], [ 6.14912, 52.17099 ], [ 6.14896, 52.17105 ], [ 6.14875, 52.17109 ], [ 6.14868, 52.17119 ], [ 6.1484, 52.17147 ], [ 6.14829, 52.17168 ], [ 6.14826, 52.17192 ], [ 6.14823, 52.1723 ], [ 6.14827, 52.17257 ], [ 6.14819, 52.17261 ], [ 6.14744, 52.17257 ], [ 6.14711, 52.17258 ], [ 6.14673, 52.17254 ], [ 6.14629, 52.17246 ], [ 6.14604, 52.1728 ], [ 6.14587, 52.17355 ], [ 6.14476, 52.1736 ], [ 6.14397, 52.17361 ], [ 6.14401, 52.17429 ], [ 6.14405, 52.17592 ], [ 6.14334, 52.17591 ], [ 6.14324, 52.17649 ], [ 6.14168, 52.17648 ], [ 6.14168, 52.17678 ], [ 6.14163, 52.17722 ], [ 6.1412, 52.1773 ], [ 6.14028, 52.17693 ], [ 6.14003, 52.1769 ], [ 6.13972, 52.1776 ], [ 6.13969, 52.17771 ], [ 6.13961, 52.17777 ], [ 6.13933, 52.17777 ], [ 6.13874, 52.17773 ], [ 6.13812, 52.17778 ], [ 6.1376, 52.17766 ] ] } },
{ "type": "Feature", "properties": { "klompenpad_naam": "Batouwepad", "url": "https://klompenpaden.nl/klompenpaden/Batouwepad/6c30eaeb-f84c-4393-8279-496beff931bc", "date": null }, "geometry": { "type": "LineString", "coordinates": [ [ 5.51892, 51.94692 ], [ 5.51938, 51.94698 ], [ 5.51949, 51.94712 ], [ 5.5195, 51.94742 ], [ 5.51936, 51.94779 ], [ 5.5191, 51.94819 ], [ 5.51902, 51.94846 ], [ 5.51898, 51.94917 ], [ 5.51905, 51.94928 ], [ 5.51991, 51.9493 ], [ 5.52074, 51.94935 ], [ 5.52362, 51.94935 ], [ 5.52375, 51.94944 ], [ 5.52378, 51.94973 ], [ 5.52426, 51.95163 ], [ 5.52428, 51.95188 ], [ 5.52424, 51.95238 ], [ 5.52412, 51.9531 ], [ 5.52378, 51.95439 ], [ 5.52341, 51.95613 ], [ 5.52328, 51.95628 ], [ 5.52257, 51.95628 ], [ 5.52184, 51.9564 ], [ 5.52147, 51.9567 ], [ 5.52132, 51.95692 ], [ 5.52136, 51.95718 ], [ 5.52148, 51.9574 ], [ 5.52145, 51.95765 ], [ 5.52152, 51.95805 ], [ 5.52124, 51.9576 ], [ 5.52118, 51.95763 ], [ 5.52121, 51.95789 ], [ 5.51878, 51.95891 ], [ 5.51656, 51.95967 ], [ 5.5175, 51.9611 ], [ 5.51735, 51.96114 ], [ 5.51738, 51.96128 ], [ 5.51693, 51.96182 ], [ 5.5171, 51.96191 ], [ 5.5173, 51.96171 ], [ 5.51746, 51.96163 ], [ 5.51763, 51.96162 ], [ 5.52154, 51.96475 ], [ 5.52151, 51.96486 ], [ 5.52175, 51.9652 ], [ 5.52187, 51.96525 ], [ 5.52233, 51.96513 ], [ 5.5228, 51.96493 ], [ 5.52331, 51.96412 ], [ 5.5235, 51.96399 ], [ 5.524, 51.96398 ], [ 5.5261, 51.96409 ], [ 5.52615, 51.96425 ], [ 5.52622, 51.96481 ], [ 5.52687, 51.96474 ], [ 5.52867, 51.96459 ], [ 5.52915, 51.9645 ], [ 5.53065, 51.96408 ], [ 5.53112, 51.96398 ], [ 5.53158, 51.96394 ], [ 5.53244, 51.96395 ], [ 5.53323, 51.96402 ], [ 5.53397, 51.96397 ], [ 5.53506, 51.96385 ], [ 5.53538, 51.96378 ], [ 5.53677, 51.96319 ], [ 5.5375, 51.96285 ], [ 5.53765, 51.96273 ], [ 5.53784, 51.96265 ], [ 5.53806, 51.96252 ], [ 5.53882, 51.9623 ], [ 5.53938, 51.9621 ], [ 5.53952, 51.96199 ], [ 5.53944, 51.96181 ], [ 5.53926, 51.96163 ], [ 5.53869, 51.96183 ], [ 5.53789, 51.96216 ], [ 5.53724, 51.96248 ], [ 5.53702, 51.96256 ], [ 5.53681, 51.96254 ], [ 5.5367, 51.96226 ], [ 5.5365, 51.96189 ], [ 5.53581, 51.96102 ], [ 5.53544, 51.96048 ], [ 5.53497, 51.95975 ], [ 5.53455, 51.95915 ], [ 5.5342, 51.9588 ], [ 5.53311, 51.95786 ], [ 5.53336, 51.95764 ], [ 5.53378, 51.95742 ], [ 5.53424, 51.95713 ], [ 5.53516, 51.95646 ], [ 5.53576, 51.95596 ], [ 5.53593, 51.95605 ], [ 5.53611, 51.95611 ], [ 5.53638, 51.95605 ], [ 5.53668, 51.95572 ], [ 5.53671, 51.95546 ], [ 5.53695, 51.95529 ], [ 5.5375, 51.955 ], [ 5.53826, 51.95468 ], [ 5.53841, 51.95447 ], [ 5.53849, 51.95433 ], [ 5.5388, 51.95413 ], [ 5.53903, 51.95413 ], [ 5.53937, 51.95416 ], [ 5.53955, 51.95407 ], [ 5.53965, 51.95392 ], [ 5.53961, 51.95372 ], [ 5.5395, 51.95352 ], [ 5.53951, 51.95343 ], [ 5.53975, 51.95315 ], [ 5.53997, 51.95303 ], [ 5.5403, 51.95281 ], [ 5.54092, 51.95233 ], [ 5.54128, 51.95224 ], [ 5.54151, 51.95196 ], [ 5.54182, 51.95177 ], [ 5.54227, 51.95162 ], [ 5.5425, 51.95166 ], [ 5.54271, 51.95161 ], [ 5.54352, 51.95102 ], [ 5.54393, 51.95065 ], [ 5.54446, 51.95046 ], [ 5.54463, 51.95072 ], [ 5.54487, 51.95098 ], [ 5.545, 51.95102 ], [ 5.54521, 51.951 ], [ 5.54598, 51.951 ], [ 5.54637, 51.95078 ], [ 5.5467, 51.95047 ], [ 5.54709, 51.95032 ], [ 5.54737, 51.95026 ], [ 5.54768, 51.95025 ], [ 5.54863, 51.95017 ], [ 5.54893, 51.95022 ], [ 5.5495, 51.95007 ], [ 5.54932, 51.94985 ], [ 5.54952, 51.94979 ], [ 5.54806, 51.94852 ], [ 5.54721, 51.94774 ], [ 5.54707, 51.94765 ], [ 5.54729, 51.94751 ], [ 5.54878, 51.94673 ], [ 5.54911, 51.94662 ], [ 5.54935, 51.94664 ], [ 5.55015, 51.94635 ], [ 5.54934, 51.94534 ], [ 5.54863, 51.94448 ], [ 5.54847, 51.94439 ], [ 5.54832, 51.94419 ], [ 5.54796, 51.94242 ], [ 5.54797, 51.94231 ], [ 5.54756, 51.94223 ], [ 5.54705, 51.94229 ], [ 5.54596, 51.94254 ], [ 5.54612, 51.94213 ], [ 5.54633, 51.94151 ], [ 5.5464, 51.94109 ], [ 5.54796, 51.94066 ], [ 5.54774, 51.94012 ], [ 5.54634, 51.93794 ], [ 5.54615, 51.93758 ], [ 5.54574, 51.93726 ], [ 5.54443, 51.93636 ], [ 5.54426, 51.93615 ], [ 5.54405, 51.93594 ], [ 5.54344, 51.93535 ], [ 5.54333, 51.9353 ], [ 5.54215, 51.93528 ], [ 5.542, 51.93511 ], [ 5.54178, 51.93472 ], [ 5.54155, 51.93458 ], [ 5.54123, 51.93452 ], [ 5.54102, 51.93438 ], [ 5.54059, 51.93459 ], [ 5.54023, 51.93471 ], [ 5.53826, 51.93522 ], [ 5.53727, 51.9356 ], [ 5.53599, 51.93627 ], [ 5.53448, 51.93688 ], [ 5.53384, 51.93721 ], [ 5.53256, 51.93821 ], [ 5.53193, 51.93881 ], [ 5.53155, 51.93924 ], [ 5.53098, 51.93859 ], [ 5.53023, 51.93782 ], [ 5.52792, 51.9352 ], [ 5.52776, 51.93504 ], [ 5.52247, 51.93676 ], [ 5.52119, 51.93722 ], [ 5.52068, 51.93744 ], [ 5.52041, 51.93713 ], [ 5.52027, 51.93663 ], [ 5.52014, 51.93638 ], [ 5.51992, 51.93615 ], [ 5.51896, 51.93531 ], [ 5.51733, 51.93377 ], [ 5.51242, 51.93585 ], [ 5.5135, 51.93691 ], [ 5.51359, 51.93706 ], [ 5.50916, 51.93768 ], [ 5.50909, 51.93762 ], [ 5.50885, 51.93732 ], [ 5.50869, 51.93731 ], [ 5.50857, 51.93719 ], [ 5.50304, 51.93798 ], [ 5.50341, 51.93853 ], [ 5.50318, 51.93854 ], [ 5.50257, 51.93771 ], [ 5.4986, 51.93814 ], [ 5.49904, 51.93872 ], [ 5.49962, 51.93959 ], [ 5.50022, 51.94028 ], [ 5.50061, 51.9409 ], [ 5.5009, 51.94122 ], [ 5.50046, 51.94138 ], [ 5.50035, 51.94149 ], [ 5.50045, 51.94166 ], [ 5.49997, 51.94187 ], [ 5.50009, 51.94196 ], [ 5.49987, 51.94204 ], [ 5.50002, 51.94219 ], [ 5.50017, 51.94255 ], [ 5.50043, 51.94263 ], [ 5.50007, 51.94288 ], [ 5.5, 51.94296 ], [ 5.50009, 51.94303 ], [ 5.50042, 51.94299 ], [ 5.50062, 51.94299 ], [ 5.50066, 51.94306 ], [ 5.49997, 51.94326 ], [ 5.49917, 51.94315 ], [ 5.4987, 51.94335 ], [ 5.49839, 51.94368 ], [ 5.49845, 51.94371 ], [ 5.49923, 51.94491 ], [ 5.50053, 51.94459 ], [ 5.50165, 51.94439 ], [ 5.50269, 51.94425 ], [ 5.50355, 51.94423 ], [ 5.50407, 51.94424 ], [ 5.50436, 51.94422 ], [ 5.50478, 51.94407 ], [ 5.50534, 51.94406 ], [ 5.50603, 51.94411 ], [ 5.50606, 51.94418 ], [ 5.50711, 51.94424 ], [ 5.50853, 51.94435 ], [ 5.5104, 51.9446 ], [ 5.51238, 51.94477 ], [ 5.51555, 51.94479 ], [ 5.51546, 51.94571 ], [ 5.51609, 51.94571 ], [ 5.51636, 51.94566 ], [ 5.51822, 51.94587 ], [ 5.51829, 51.94612 ], [ 5.51827, 51.9463 ], [ 5.51812, 51.9465 ], [ 5.51864, 51.94656 ], [ 5.51881, 51.94656 ], [ 5.51896, 51.94682 ], [ 5.51892, 51.94692 ] ] } },
{ "type": "Feature", "properties": { "klompenpad_naam": "Babborgapad", "url": "https://klompenpaden.nl/klompenpaden/Babborgapad/a4491a9a-32de-4f99-a924-ff4d17c3b6e2", "date": null }, "geometry": { "type": "LineString", "coordinates": [ [ 6.11724, 51.90481 ], [ 6.11795, 51.90415 ], [ 6.11816, 51.90417 ], [ 6.11876, 51.90393 ], [ 6.11936, 51.90377 ], [ 6.11983, 51.90372 ], [ 6.12018, 51.90372 ], [ 6.1206, 51.90374 ], [ 6.1214, 51.90391 ], [ 6.12187, 51.90395 ], [ 6.12226, 51.90411 ], [ 6.12218, 51.90443 ], [ 6.12217, 51.90466 ], [ 6.12205, 51.90511 ], [ 6.12205, 51.90541 ], [ 6.12221, 51.90553 ], [ 6.12271, 51.90546 ], [ 6.12529, 51.90545 ], [ 6.12657, 51.90547 ], [ 6.12865, 51.90544 ], [ 6.12925, 51.90549 ], [ 6.12954, 51.90545 ], [ 6.13106, 51.90482 ], [ 6.13186, 51.90446 ], [ 6.13258, 51.90407 ], [ 6.13353, 51.90359 ], [ 6.13566, 51.90242 ], [ 6.1344, 51.90226 ], [ 6.13409, 51.90234 ], [ 6.13512, 51.90266 ], [ 6.13598, 51.90298 ], [ 6.13631, 51.90313 ], [ 6.13684, 51.90325 ], [ 6.13769, 51.90324 ], [ 6.13844, 51.90289 ], [ 6.14021, 51.90335 ], [ 6.14174, 51.90379 ], [ 6.14207, 51.9038 ], [ 6.143, 51.90356 ], [ 6.14339, 51.90342 ], [ 6.14544, 51.90318 ], [ 6.1458, 51.90312 ], [ 6.14602, 51.90302 ], [ 6.14635, 51.90256 ], [ 6.1471, 51.90146 ], [ 6.14794, 51.90014 ], [ 6.14877, 51.89893 ], [ 6.14897, 51.89906 ], [ 6.1514, 51.89828 ], [ 6.15223, 51.89799 ], [ 6.1562, 51.89671 ], [ 6.157, 51.89634 ], [ 6.15814, 51.89576 ], [ 6.15971, 51.89503 ], [ 6.16049, 51.89273 ], [ 6.16084, 51.89189 ], [ 6.16097, 51.89164 ], [ 6.16193, 51.88997 ], [ 6.16281, 51.88826 ], [ 6.15787, 51.88926 ], [ 6.15777, 51.88932 ], [ 6.15465, 51.88993 ], [ 6.1512, 51.89063 ], [ 6.14947, 51.89095 ], [ 6.14951, 51.89133 ], [ 6.14901, 51.89153 ], [ 6.1489, 51.89167 ], [ 6.15049, 51.89322 ], [ 6.14594, 51.89383 ], [ 6.14512, 51.89396 ], [ 6.14459, 51.89466 ], [ 6.14383, 51.89578 ], [ 6.14343, 51.89589 ], [ 6.14225, 51.89748 ], [ 6.14192, 51.89761 ], [ 6.14164, 51.89817 ], [ 6.14119, 51.8986 ], [ 6.14071, 51.8993 ], [ 6.14064, 51.89945 ], [ 6.13926, 51.90161 ], [ 6.13835, 51.90286 ], [ 6.13805, 51.90312 ], [ 6.1376, 51.90337 ], [ 6.13701, 51.90374 ], [ 6.13694, 51.90388 ], [ 6.13692, 51.90447 ], [ 6.13683, 51.90484 ], [ 6.13663, 51.90535 ], [ 6.13638, 51.90578 ], [ 6.13483, 51.90583 ], [ 6.13391, 51.90577 ], [ 6.12279, 51.90791 ], [ 6.12276, 51.90756 ], [ 6.12274, 51.90691 ], [ 6.12271, 51.90662 ], [ 6.12264, 51.90565 ], [ 6.12238, 51.90566 ], [ 6.12158, 51.90578 ], [ 6.12113, 51.90575 ], [ 6.11965, 51.90543 ], [ 6.11944, 51.90576 ], [ 6.11932, 51.90588 ], [ 6.11946, 51.90618 ], [ 6.11939, 51.90637 ], [ 6.11947, 51.90639 ], [ 6.11954, 51.90662 ], [ 6.11926, 51.9067 ], [ 6.11914, 51.90661 ], [ 6.11926, 51.9064 ], [ 6.11936, 51.90633 ], [ 6.11937, 51.90616 ], [ 6.11924, 51.90593 ], [ 6.11886, 51.90582 ], [ 6.1185, 51.90576 ], [ 6.1184, 51.9056 ], [ 6.11838, 51.90551 ], [ 6.1184, 51.9054 ], [ 6.11848, 51.90525 ], [ 6.1175, 51.9052 ], [ 6.11727, 51.90526 ], [ 6.11714, 51.90518 ], [ 6.117, 51.90513 ], [ 6.11707, 51.90504 ], [ 6.11719, 51.90483 ], [ 6.11724, 51.90481 ], [ 6.12279, 51.90793 ], [ 6.12279, 51.90797 ], [ 6.11907, 51.90931 ], [ 6.11892, 51.90933 ], [ 6.11877, 51.90939 ], [ 6.11861, 51.90941 ], [ 6.11867, 51.90948 ], [ 6.11895, 51.90939 ], [ 6.11897, 51.90942 ], [ 6.11858, 51.90956 ], [ 6.11861, 51.91007 ], [ 6.11866, 51.91007 ], [ 6.11865, 51.90988 ], [ 6.11861, 51.90986 ], [ 6.11861, 51.90981 ], [ 6.12739, 51.90667 ], [ 6.12818, 51.9067 ], [ 6.12862, 51.90668 ], [ 6.12915, 51.90653 ], [ 6.12947, 51.90641 ], [ 6.12968, 51.90638 ], [ 6.13189, 51.90635 ], [ 6.13297, 51.90627 ], [ 6.1337, 51.9063 ], [ 6.13384, 51.90626 ], [ 6.13394, 51.90617 ], [ 6.13394, 51.90605 ], [ 6.13392, 51.90595 ], [ 6.13391, 51.90577 ] ] } },
{ "type": "Feature", "properties": { "klompenpad_naam": "Baanbrekerpad", "url": "https://klompenpaden.nl/klompenpaden/Baanbrekerpad/8abc75b8-29df-46ac-97c8-f253047bc9ed", "date": null }, "geometry": { "type": "LineString", "coordinates": [ [ 5.20359, 51.74302 ], [ 5.20364, 51.74262 ], [ 5.2025, 51.7421 ], [ 5.20133, 51.74172 ], [ 5.19889, 51.74138 ], [ 5.19704, 51.74116 ], [ 5.19591, 51.74109 ], [ 5.19377, 51.74133 ], [ 5.19159, 51.74163 ], [ 5.18799, 51.74243 ], [ 5.18806, 51.74268 ], [ 5.18897, 51.7438 ], [ 5.18786, 51.74454 ], [ 5.18682, 51.74581 ], [ 5.18689, 51.74611 ], [ 5.18699, 51.7462 ], [ 5.18693, 51.74628 ], [ 5.18634, 51.74603 ], [ 5.18643, 51.74612 ], [ 5.18634, 51.74612 ], [ 5.18647, 51.74627 ], [ 5.18633, 51.74671 ], [ 5.18651, 51.74778 ], [ 5.18662, 51.74868 ], [ 5.18681, 51.74961 ], [ 5.1869, 51.7503 ], [ 5.18687, 51.75058 ], [ 5.18691, 51.75101 ], [ 5.18723, 51.75128 ], [ 5.18796, 51.75127 ], [ 5.18876, 51.75125 ], [ 5.18885, 51.75113 ], [ 5.18899, 51.75109 ], [ 5.18929, 51.75106 ], [ 5.1907, 51.75114 ], [ 5.19066, 51.7513 ], [ 5.19017, 51.75248 ], [ 5.19002, 51.7531 ], [ 5.18991, 51.75363 ], [ 5.18974, 51.75461 ], [ 5.18988, 51.75505 ], [ 5.19018, 51.75549 ], [ 5.19041, 51.75587 ], [ 5.19053, 51.75621 ], [ 5.19052, 51.75639 ], [ 5.19043, 51.7566 ], [ 5.19024, 51.75682 ], [ 5.19004, 51.75699 ], [ 5.18928, 51.75739 ], [ 5.18896, 51.75766 ], [ 5.18841, 51.75844 ], [ 5.18763, 51.75911 ], [ 5.18687, 51.75968 ], [ 5.18644, 51.75996 ], [ 5.18595, 51.76012 ], [ 5.18532, 51.76024 ], [ 5.18538, 51.76035 ], [ 5.18562, 51.76037 ], [ 5.18587, 51.76034 ], [ 5.18604, 51.76034 ], [ 5.18668, 51.76021 ], [ 5.18894, 51.76114 ], [ 5.18898, 51.76126 ], [ 5.19307, 51.76117 ], [ 5.19329, 51.76111 ], [ 5.19339, 51.76104 ], [ 5.19453, 51.75948 ], [ 5.19838, 51.76047 ], [ 5.19856, 51.76048 ], [ 5.19873, 51.76041 ], [ 5.19901, 51.76041 ], [ 5.19896, 51.76026 ], [ 5.19896, 51.76012 ], [ 5.19901, 51.76003 ], [ 5.1992, 51.75925 ], [ 5.19937, 51.75879 ], [ 5.19945, 51.75852 ], [ 5.19945, 51.75826 ], [ 5.19936, 51.75792 ], [ 5.19924, 51.75765 ], [ 5.19949, 51.75754 ], [ 5.20218, 51.75648 ], [ 5.20225, 51.75657 ], [ 5.20377, 51.75736 ], [ 5.20459, 51.75775 ], [ 5.20537, 51.75805 ], [ 5.20606, 51.75829 ], [ 5.20656, 51.75841 ], [ 5.20709, 51.75851 ], [ 5.20762, 51.75748 ], [ 5.20841, 51.756 ], [ 5.20852, 51.75603 ], [ 5.20882, 51.75569 ], [ 5.21006, 51.75621 ], [ 5.21079, 51.75648 ], [ 5.21085, 51.75642 ], [ 5.21144, 51.75658 ], [ 5.21268, 51.75697 ], [ 5.21315, 51.75709 ], [ 5.21363, 51.75719 ], [ 5.2144, 51.75731 ], [ 5.21515, 51.75749 ], [ 5.21558, 51.75756 ], [ 5.21623, 51.75764 ], [ 5.21644, 51.7577 ], [ 5.21661, 51.75786 ], [ 5.21776, 51.75797 ], [ 5.2182, 51.75857 ], [ 5.21901, 51.75866 ], [ 5.21982, 51.75871 ], [ 5.22049, 51.75874 ], [ 5.22157, 51.75872 ], [ 5.22303, 51.75865 ], [ 5.22473, 51.75836 ], [ 5.22527, 51.75824 ], [ 5.22563, 51.75812 ], [ 5.22615, 51.75784 ], [ 5.22539, 51.75685 ], [ 5.22673, 51.7562 ], [ 5.22739, 51.75583 ], [ 5.2277, 51.75558 ], [ 5.22829, 51.75504 ], [ 5.22863, 51.75471 ], [ 5.22956, 51.75485 ], [ 5.23013, 51.75382 ], [ 5.23031, 51.75342 ], [ 5.23045, 51.75304 ], [ 5.23052, 51.75264 ], [ 5.23056, 51.75215 ], [ 5.23056, 51.75176 ], [ 5.23049, 51.75115 ], [ 5.2301, 51.74981 ], [ 5.2295, 51.74997 ], [ 5.22916, 51.74998 ], [ 5.22899, 51.74995 ], [ 5.22867, 51.74997 ], [ 5.22831, 51.75006 ], [ 5.22765, 51.75034 ], [ 5.22707, 51.75064 ], [ 5.22642, 51.75007 ], [ 5.22562, 51.74915 ], [ 5.22544, 51.7489 ], [ 5.22542, 51.74874 ], [ 5.22544, 51.74867 ], [ 5.22584, 51.74858 ], [ 5.2268, 51.74832 ], [ 5.22881, 51.74766 ], [ 5.22914, 51.74757 ], [ 5.22884, 51.74639 ], [ 5.22867, 51.74582 ], [ 5.22877, 51.74571 ], [ 5.22911, 51.74556 ], [ 5.22947, 51.74546 ], [ 5.22868, 51.74549 ], [ 5.2284, 51.74548 ], [ 5.22807, 51.74543 ], [ 5.22773, 51.74531 ], [ 5.22761, 51.74523 ], [ 5.2274, 51.74506 ], [ 5.22726, 51.74497 ], [ 5.22704, 51.7449 ], [ 5.22667, 51.74487 ], [ 5.22628, 51.74488 ], [ 5.22556, 51.74498 ], [ 5.22336, 51.74522 ], [ 5.22202, 51.74543 ], [ 5.22181, 51.74523 ], [ 5.22161, 51.7451 ], [ 5.22092, 51.74443 ], [ 5.22054, 51.74451 ], [ 5.22022, 51.7445 ], [ 5.2197, 51.74441 ], [ 5.21952, 51.7444 ], [ 5.21932, 51.74437 ], [ 5.21913, 51.7444 ], [ 5.21883, 51.74451 ], [ 5.21855, 51.74456 ], [ 5.21791, 51.74451 ], [ 5.21772, 51.74446 ], [ 5.21744, 51.74449 ], [ 5.21706, 51.7445 ], [ 5.21658, 51.74449 ], [ 5.21579, 51.74453 ], [ 5.21545, 51.74449 ], [ 5.2149, 51.74439 ], [ 5.21449, 51.74439 ], [ 5.21337, 51.74421 ], [ 5.21273, 51.74417 ], [ 5.21048, 51.74363 ], [ 5.20987, 51.74336 ], [ 5.20966, 51.74316 ], [ 5.20918, 51.74302 ], [ 5.20783, 51.74268 ], [ 5.20722, 51.74254 ], [ 5.20637, 51.7424 ], [ 5.20611, 51.74244 ], [ 5.20572, 51.7424 ], [ 5.20492, 51.74229 ], [ 5.20451, 51.74222 ], [ 5.20419, 51.74222 ], [ 5.20373, 51.74216 ], [ 5.20364, 51.74262 ], [ 5.20359, 51.74302 ] ] } },
{ "type": "Feature", "properties": { "klompenpad_naam": "Avervoorderpad", "url": "https://klompenpaden.nl/klompenpaden/Avervoorderpad/b44dc90e-2d28-4a84-8656-72cf505803ca", "date": null }, "geometry": { "type": "LineString", "coordinates": [ [ 6.03185, 52.25865 ], [ 6.03422, 52.25819 ], [ 6.03438, 52.25836 ], [ 6.03471, 52.25833 ], [ 6.03505, 52.25837 ], [ 6.03518, 52.25849 ], [ 6.03545, 52.25933 ], [ 6.03556, 52.25986 ], [ 6.03544, 52.25988 ], [ 6.03547, 52.25996 ], [ 6.03659, 52.25983 ], [ 6.03695, 52.26051 ], [ 6.03709, 52.26073 ], [ 6.03748, 52.26198 ], [ 6.03762, 52.26263 ], [ 6.03763, 52.26338 ], [ 6.03767, 52.26364 ], [ 6.03902, 52.26337 ], [ 6.03916, 52.26336 ], [ 6.03928, 52.26343 ], [ 6.04023, 52.26362 ], [ 6.04064, 52.26375 ], [ 6.04089, 52.26392 ], [ 6.04097, 52.2642 ], [ 6.04102, 52.26445 ], [ 6.04129, 52.26455 ], [ 6.04149, 52.2648 ], [ 6.0418, 52.26506 ], [ 6.04209, 52.26543 ], [ 6.0423, 52.26574 ], [ 6.0424, 52.26608 ], [ 6.04245, 52.2664 ], [ 6.043, 52.2676 ], [ 6.04305, 52.26809 ], [ 6.04318, 52.26868 ], [ 6.04323, 52.26948 ], [ 6.04802, 52.26995 ], [ 6.0492, 52.27006 ], [ 6.04956, 52.27007 ], [ 6.05405, 52.27049 ], [ 6.05427, 52.27061 ], [ 6.0545, 52.27033 ], [ 6.05596, 52.26796 ], [ 6.05613, 52.26791 ], [ 6.06159, 52.26863 ], [ 6.06205, 52.26734 ], [ 6.06236, 52.26683 ], [ 6.06314, 52.26593 ], [ 6.06489, 52.26407 ], [ 6.06485, 52.2639 ], [ 6.06553, 52.26322 ], [ 6.06596, 52.26282 ], [ 6.06621, 52.26252 ], [ 6.06678, 52.26127 ], [ 6.06716, 52.26032 ], [ 6.06769, 52.25915 ], [ 6.06772, 52.25899 ], [ 6.0681, 52.25906 ], [ 6.07139, 52.25949 ], [ 6.07232, 52.25959 ], [ 6.07272, 52.25741 ], [ 6.07272, 52.25719 ], [ 6.07256, 52.25692 ], [ 6.0725, 52.25652 ], [ 6.07266, 52.25414 ], [ 6.07265, 52.254 ], [ 6.0726, 52.2538 ], [ 6.07177, 52.25316 ], [ 6.07424, 52.25154 ], [ 6.07434, 52.25143 ], [ 6.07419, 52.25144 ], [ 6.07262, 52.25057 ], [ 6.0727, 52.25057 ], [ 6.07169, 52.24987 ], [ 6.07162, 52.24991 ], [ 6.0709, 52.24944 ], [ 6.07084, 52.24932 ], [ 6.06969, 52.24816 ], [ 6.06784, 52.24634 ], [ 6.06723, 52.24588 ], [ 6.06619, 52.24637 ], [ 6.06564, 52.2465 ], [ 6.06532, 52.24635 ], [ 6.06376, 52.24533 ], [ 6.06325, 52.24508 ], [ 6.06218, 52.24419 ], [ 6.06041, 52.24414 ], [ 6.06016, 52.24422 ], [ 6.0578, 52.24412 ], [ 6.05754, 52.24415 ], [ 6.05726, 52.24424 ], [ 6.05713, 52.24434 ], [ 6.05707, 52.24453 ], [ 6.05704, 52.24506 ], [ 6.05691, 52.24515 ], [ 6.05656, 52.24517 ], [ 6.0547, 52.24508 ], [ 6.05451, 52.24515 ], [ 6.05445, 52.24663 ], [ 6.05442, 52.24694 ], [ 6.05396, 52.24774 ], [ 6.05298, 52.24752 ], [ 6.05235, 52.24734 ], [ 6.05102, 52.24609 ], [ 6.05075, 52.24589 ], [ 6.05044, 52.24633 ], [ 6.05021, 52.24635 ], [ 6.05022, 52.2465 ], [ 6.05043, 52.24686 ], [ 6.05048, 52.24719 ], [ 6.04936, 52.2476 ], [ 6.04907, 52.24766 ], [ 6.04522, 52.24805 ], [ 6.04476, 52.24704 ], [ 6.04305, 52.24496 ], [ 6.04296, 52.24488 ], [ 6.04047, 52.24552 ], [ 6.04095, 52.24624 ], [ 6.0374, 52.2472 ], [ 6.03627, 52.24696 ], [ 6.0359, 52.24703 ], [ 6.03576, 52.24677 ], [ 6.03578, 52.24655 ], [ 6.03542, 52.24652 ], [ 6.03569, 52.24538 ], [ 6.03415, 52.24578 ], [ 6.03053, 52.24677 ], [ 6.03043, 52.24667 ], [ 6.0286, 52.24718 ], [ 6.02629, 52.24704 ], [ 6.02594, 52.24749 ], [ 6.02466, 52.24717 ], [ 6.02421, 52.24729 ], [ 6.0237, 52.24718 ], [ 6.02308, 52.24712 ], [ 6.01945, 52.24599 ], [ 6.01888, 52.24577 ], [ 6.01689, 52.24694 ], [ 6.0212, 52.24841 ], [ 6.02206, 52.24874 ], [ 6.0236, 52.24928 ], [ 6.02494, 52.24973 ], [ 6.02522, 52.24994 ], [ 6.02579, 52.25292 ], [ 6.02587, 52.25291 ], [ 6.02602, 52.25309 ], [ 6.02631, 52.25318 ], [ 6.02669, 52.25321 ], [ 6.03116, 52.2532 ], [ 6.03125, 52.25321 ], [ 6.03132, 52.25389 ], [ 6.03143, 52.2539 ], [ 6.03143, 52.25424 ], [ 6.03133, 52.25425 ], [ 6.03133, 52.25534 ], [ 6.03137, 52.25546 ], [ 6.03203, 52.25581 ], [ 6.03204, 52.25591 ], [ 6.0315, 52.25635 ], [ 6.03149, 52.25642 ], [ 6.03155, 52.25655 ], [ 6.03188, 52.25712 ], [ 6.032, 52.25753 ], [ 6.03201, 52.25805 ], [ 6.03185, 52.25853 ], [ 6.03185, 52.25865 ] ] } },
{ "type": "Feature", "properties": { "klompenpad_naam": "Assenradepad", "url": "https://klompenpaden.nl/klompenpaden/Assenradepad/55b98d0c-9b37-4581-ae99-02a97f0384ce", "date": null }, "geometry": { "type": "LineString", "coordinates": [ [ 6.05482, 52.4656 ], [ 6.05508, 52.46574 ], [ 6.05543, 52.46568 ], [ 6.05555, 52.46576 ], [ 6.05563, 52.46587 ], [ 6.05569, 52.46592 ], [ 6.05577, 52.46601 ], [ 6.05616, 52.46652 ], [ 6.05617, 52.4666 ], [ 6.0591, 52.46711 ], [ 6.05908, 52.46722 ], [ 6.05881, 52.46776 ], [ 6.05861, 52.46801 ], [ 6.05848, 52.46814 ], [ 6.05838, 52.46829 ], [ 6.05839, 52.46846 ], [ 6.05846, 52.46853 ], [ 6.05857, 52.46858 ], [ 6.05875, 52.46862 ], [ 6.06011, 52.46855 ], [ 6.06063, 52.47077 ], [ 6.06, 52.47081 ], [ 6.05966, 52.47081 ], [ 6.05947, 52.47079 ], [ 6.05928, 52.47142 ], [ 6.0592, 52.47143 ], [ 6.05917, 52.47148 ], [ 6.0589, 52.47225 ], [ 6.05886, 52.47237 ], [ 6.05876, 52.47253 ], [ 6.05853, 52.47296 ], [ 6.05842, 52.47325 ], [ 6.0609, 52.47299 ], [ 6.06103, 52.47334 ], [ 6.06152, 52.47328 ], [ 6.0625, 52.47323 ], [ 6.06296, 52.47311 ], [ 6.06302, 52.47317 ], [ 6.0631, 52.47314 ], [ 6.06353, 52.47353 ], [ 6.06369, 52.47369 ], [ 6.06375, 52.47378 ], [ 6.06494, 52.47376 ], [ 6.06571, 52.47383 ], [ 6.06577, 52.47385 ], [ 6.06579, 52.47392 ], [ 6.06584, 52.47397 ], [ 6.06593, 52.47401 ], [ 6.06616, 52.474 ], [ 6.06629, 52.47402 ], [ 6.06667, 52.47409 ], [ 6.06675, 52.47407 ], [ 6.06733, 52.47382 ], [ 6.06761, 52.47367 ], [ 6.06768, 52.47361 ], [ 6.06789, 52.47394 ], [ 6.06782, 52.474 ], [ 6.06773, 52.47402 ], [ 6.06761, 52.47395 ], [ 6.06678, 52.47427 ], [ 6.06666, 52.47435 ], [ 6.06645, 52.47469 ], [ 6.06647, 52.47483 ], [ 6.06657, 52.47492 ], [ 6.06669, 52.47501 ], [ 6.0667, 52.47508 ], [ 6.06669, 52.47528 ], [ 6.06675, 52.47539 ], [ 6.06683, 52.47545 ], [ 6.06692, 52.47547 ], [ 6.0682, 52.47563 ], [ 6.06816, 52.47572 ], [ 6.06808, 52.47576 ], [ 6.068, 52.47593 ], [ 6.06918, 52.476 ], [ 6.06944, 52.47613 ], [ 6.06916, 52.47639 ], [ 6.06907, 52.4766 ], [ 6.0691, 52.47672 ], [ 6.06867, 52.47679 ], [ 6.06807, 52.47701 ], [ 6.06732, 52.47723 ], [ 6.06577, 52.47772 ], [ 6.06547, 52.47784 ], [ 6.06493, 52.47818 ], [ 6.06444, 52.47856 ], [ 6.06403, 52.47897 ], [ 6.0638, 52.47925 ], [ 6.06374, 52.47945 ], [ 6.06356, 52.47985 ], [ 6.06382, 52.47997 ], [ 6.06342, 52.48056 ], [ 6.06298, 52.48106 ], [ 6.06184, 52.48216 ], [ 6.06136, 52.48265 ], [ 6.06078, 52.48353 ], [ 6.06056, 52.48407 ], [ 6.06039, 52.48516 ], [ 6.06035, 52.48526 ], [ 6.06026, 52.48552 ], [ 6.06022, 52.48531 ], [ 6.05994, 52.48525 ], [ 6.05981, 52.4855 ], [ 6.05953, 52.48587 ], [ 6.05934, 52.48599 ], [ 6.05862, 52.48702 ], [ 6.05539, 52.48622 ], [ 6.05485, 52.48687 ], [ 6.05157, 52.48612 ], [ 6.05086, 52.4871 ], [ 6.05002, 52.48691 ], [ 6.0493, 52.48672 ], [ 6.04835, 52.48643 ], [ 6.04639, 52.48573 ], [ 6.04535, 52.48524 ], [ 6.04536, 52.48521 ], [ 6.04531, 52.48513 ], [ 6.04237, 52.48351 ], [ 6.04221, 52.48351 ], [ 6.04192, 52.48334 ], [ 6.04168, 52.48331 ], [ 6.04124, 52.48309 ], [ 6.03635, 52.48024 ], [ 6.03631, 52.48017 ], [ 6.0365, 52.48001 ], [ 6.03693, 52.47971 ], [ 6.03694, 52.47963 ], [ 6.03685, 52.47894 ], [ 6.03684, 52.47859 ], [ 6.03689, 52.47825 ], [ 6.03706, 52.47782 ], [ 6.0375, 52.4771 ], [ 6.03739, 52.47707 ], [ 6.03729, 52.47697 ], [ 6.03754, 52.47673 ], [ 6.03827, 52.47622 ], [ 6.03872, 52.47595 ], [ 6.03962, 52.47547 ], [ 6.03955, 52.4748 ], [ 6.03905, 52.47484 ], [ 6.03893, 52.4748 ], [ 6.03887, 52.47474 ], [ 6.03885, 52.47469 ], [ 6.03886, 52.47463 ], [ 6.03901, 52.47457 ], [ 6.03972, 52.47446 ], [ 6.04005, 52.47438 ], [ 6.04325, 52.47386 ], [ 6.04328, 52.47361 ], [ 6.04353, 52.47287 ], [ 6.04375, 52.47234 ], [ 6.04419, 52.4716 ], [ 6.04459, 52.4706 ], [ 6.04559, 52.47037 ], [ 6.0463, 52.47012 ], [ 6.04742, 52.46959 ], [ 6.04821, 52.46934 ], [ 6.04842, 52.46924 ], [ 6.04855, 52.46909 ], [ 6.04691, 52.4678 ], [ 6.04761, 52.46714 ], [ 6.04616, 52.46615 ], [ 6.04647, 52.46572 ], [ 6.04502, 52.46448 ], [ 6.04127, 52.46104 ], [ 6.04121, 52.46089 ], [ 6.03974, 52.4585 ], [ 6.03997, 52.45796 ], [ 6.04011, 52.4575 ], [ 6.04233, 52.45724 ], [ 6.04621, 52.45876 ], [ 6.04677, 52.45952 ], [ 6.04749, 52.46007 ], [ 6.04888, 52.46126 ], [ 6.05001, 52.46076 ], [ 6.05037, 52.46069 ], [ 6.05152, 52.4603 ], [ 6.0517, 52.46045 ], [ 6.0518, 52.46063 ], [ 6.05197, 52.4607 ], [ 6.05277, 52.4608 ], [ 6.05431, 52.46104 ], [ 6.05454, 52.46104 ], [ 6.05464, 52.4611 ], [ 6.05477, 52.46113 ], [ 6.05513, 52.46127 ], [ 6.0551, 52.46133 ], [ 6.05494, 52.46137 ], [ 6.05485, 52.46144 ], [ 6.0548, 52.46149 ], [ 6.05497, 52.46158 ], [ 6.05512, 52.46162 ], [ 6.0552, 52.46167 ], [ 6.05525, 52.46175 ], [ 6.05526, 52.46185 ], [ 6.05524, 52.46194 ], [ 6.05509, 52.46209 ], [ 6.05502, 52.46218 ], [ 6.05501, 52.46226 ], [ 6.05503, 52.46239 ], [ 6.05507, 52.46245 ], [ 6.05519, 52.46256 ], [ 6.05523, 52.46271 ], [ 6.05486, 52.46288 ], [ 6.05456, 52.46307 ], [ 6.05413, 52.46318 ], [ 6.0538, 52.46324 ], [ 6.05349, 52.46335 ], [ 6.05405, 52.46366 ], [ 6.05436, 52.46457 ], [ 6.05435, 52.46468 ], [ 6.0543, 52.46482 ], [ 6.05418, 52.46499 ], [ 6.05417, 52.4651 ], [ 6.05425, 52.46525 ], [ 6.0544, 52.46531 ], [ 6.05448, 52.46536 ], [ 6.05455, 52.46544 ], [ 6.05483, 52.4656 ] ] } },
{ "type": "Feature", "properties": { "klompenpad_naam": "Appelpad", "url": "https://klompenpaden.nl/klompenpaden/Appelpad/dbafd45f-1e24-48ac-bf02-8655a1f95103", "date": null }, "geometry": { "type": "LineString", "coordinates": [ [ 5.54059, 52.18884 ], [ 5.54081, 52.1889 ], [ 5.54117, 52.18882 ], [ 5.54254, 52.18844 ], [ 5.54306, 52.18814 ], [ 5.54367, 52.18774 ], [ 5.54391, 52.18764 ], [ 5.54462, 52.18756 ], [ 5.54564, 52.18773 ], [ 5.54762, 52.18772 ], [ 5.54931, 52.18778 ], [ 5.55043, 52.18789 ], [ 5.5518, 52.18835 ], [ 5.55288, 52.18856 ], [ 5.55335, 52.18857 ], [ 5.55438, 52.18841 ], [ 5.55479, 52.1884 ], [ 5.55555, 52.18851 ], [ 5.55776, 52.18907 ], [ 5.55924, 52.18948 ], [ 5.5593, 52.18961 ], [ 5.56017, 52.18966 ], [ 5.56241, 52.18984 ], [ 5.56023, 52.18838 ], [ 5.55933, 52.18816 ], [ 5.55845, 52.18774 ], [ 5.55809, 52.18752 ], [ 5.55734, 52.18731 ], [ 5.55706, 52.18717 ], [ 5.55683, 52.1871 ], [ 5.55626, 52.18703 ], [ 5.556, 52.18693 ], [ 5.55521, 52.18644 ], [ 5.55447, 52.18602 ], [ 5.55415, 52.18592 ], [ 5.55376, 52.18597 ], [ 5.55322, 52.18616 ], [ 5.55273, 52.18637 ], [ 5.55175, 52.18643 ], [ 5.5513, 52.18642 ], [ 5.55078, 52.18632 ], [ 5.55022, 52.18628 ], [ 5.55004, 52.18631 ], [ 5.54979, 52.18626 ], [ 5.54978, 52.18609 ], [ 5.54987, 52.1857 ], [ 5.5498, 52.18544 ], [ 5.54997, 52.18539 ], [ 5.54987, 52.18518 ], [ 5.54949, 52.18478 ], [ 5.54903, 52.18448 ], [ 5.54871, 52.18431 ], [ 5.54802, 52.18331 ], [ 5.54779, 52.1832 ], [ 5.54768, 52.18272 ], [ 5.54749, 52.18202 ], [ 5.54759, 52.18072 ], [ 5.54764, 52.18058 ], [ 5.54775, 52.18051 ], [ 5.54776, 52.18044 ], [ 5.54755, 52.18031 ], [ 5.54756, 52.18022 ], [ 5.54775, 52.18012 ], [ 5.54793, 52.17998 ], [ 5.54823, 52.17993 ], [ 5.54862, 52.17968 ], [ 5.54873, 52.17966 ], [ 5.54895, 52.17975 ], [ 5.54907, 52.17974 ], [ 5.54919, 52.17968 ], [ 5.54914, 52.17958 ], [ 5.54866, 52.17943 ], [ 5.54798, 52.17955 ], [ 5.54747, 52.1796 ], [ 5.54724, 52.17957 ], [ 5.54284, 52.17948 ], [ 5.54241, 52.17943 ], [ 5.54206, 52.17942 ], [ 5.5415, 52.17954 ], [ 5.54129, 52.17994 ], [ 5.54117, 52.18008 ], [ 5.53983, 52.18011 ], [ 5.53959, 52.18006 ], [ 5.53948, 52.18001 ], [ 5.53956, 52.17992 ], [ 5.53476, 52.17821 ], [ 5.53605, 52.17672 ], [ 5.53349, 52.17578 ], [ 5.53099, 52.1749 ], [ 5.5309, 52.17488 ], [ 5.52698, 52.17919 ], [ 5.52531, 52.18094 ], [ 5.52286, 52.18355 ], [ 5.52524, 52.18436 ], [ 5.53389, 52.1874 ], [ 5.53444, 52.18744 ], [ 5.53742, 52.18677 ], [ 5.53918, 52.18751 ], [ 5.53988, 52.18754 ], [ 5.54025, 52.18808 ], [ 5.54017, 52.18818 ], [ 5.54031, 52.18839 ], [ 5.54023, 52.18846 ], [ 5.54041, 52.18883 ], [ 5.54058, 52.18883 ] ] } },
{ "type": "Feature", "properties": { "klompenpad_naam": "Ambts--en-Rijkspad", "url": "https://klompenpaden.nl/klompenpaden/Ambts--en-Rijkspad/7f08888e-b035-4a27-bd90-92d4b30a4080", "date": null }, "geometry": { "type": "LineString", "coordinates": [ [ 5.70978, 51.88228 ], [ 5.70955, 51.88248 ], [ 5.70924, 51.88258 ], [ 5.70899, 51.88277 ], [ 5.70852, 51.88301 ], [ 5.70841, 51.88268 ], [ 5.70809, 51.88249 ], [ 5.70767, 51.88262 ], [ 5.70683, 51.88271 ], [ 5.70678, 51.88286 ], [ 5.689, 51.87408 ], [ 5.68955, 51.87399 ], [ 5.6904, 51.87383 ], [ 5.69071, 51.87368 ], [ 5.69136, 51.87347 ], [ 5.69348, 51.87272 ], [ 5.69469, 51.87234 ], [ 5.69585, 51.87207 ], [ 5.69743, 51.8719 ], [ 5.69591, 51.86981 ], [ 5.6947, 51.86847 ], [ 5.69457, 51.86836 ], [ 5.69479, 51.86829 ], [ 5.69514, 51.86827 ], [ 5.69544, 51.86857 ], [ 5.69948, 51.86708 ], [ 5.70253, 51.8662 ], [ 5.70342, 51.86741 ], [ 5.70358, 51.86775 ], [ 5.70364, 51.86804 ], [ 5.70367, 51.86895 ], [ 5.70375, 51.86952 ], [ 5.70388, 51.86995 ], [ 5.70407, 51.87041 ], [ 5.70423, 51.87048 ], [ 5.70538, 51.87035 ], [ 5.70555, 51.87038 ], [ 5.70786, 51.87139 ], [ 5.70892, 51.87217 ], [ 5.70978, 51.87284 ], [ 5.71022, 51.87325 ], [ 5.71042, 51.8734 ], [ 5.71099, 51.87371 ], [ 5.71105, 51.8738 ], [ 5.71107, 51.8739 ], [ 5.71102, 51.87402 ], [ 5.71034, 51.8747 ], [ 5.71019, 51.87492 ], [ 5.71018, 51.87505 ], [ 5.71021, 51.87517 ], [ 5.71032, 51.87552 ], [ 5.71037, 51.8756 ], [ 5.71048, 51.87567 ], [ 5.71197, 51.87627 ], [ 5.71247, 51.87652 ], [ 5.71252, 51.87658 ], [ 5.71252, 51.87662 ], [ 5.71249, 51.87666 ], [ 5.71208, 51.87699 ], [ 5.71204, 51.87705 ], [ 5.71199, 51.87718 ], [ 5.71194, 51.87719 ], [ 5.71197, 51.87739 ], [ 5.71211, 51.87742 ], [ 5.71214, 51.87745 ], [ 5.71212, 51.8776 ], [ 5.71153, 51.87814 ], [ 5.71125, 51.87837 ], [ 5.71112, 51.87851 ], [ 5.71082, 51.87896 ], [ 5.71043, 51.87963 ], [ 5.71014, 51.88019 ], [ 5.70983, 51.8822 ], [ 5.70979, 51.88228 ], [ 5.71015, 51.8821 ], [ 5.71143, 51.88125 ], [ 5.71192, 51.88078 ], [ 5.71296, 51.8806 ], [ 5.7132, 51.88081 ], [ 5.71379, 51.88099 ], [ 5.71431, 51.88107 ], [ 5.71634, 51.88111 ], [ 5.7167, 51.88107 ], [ 5.71699, 51.88099 ], [ 5.71726, 51.88093 ], [ 5.71819, 51.88076 ], [ 5.71978, 51.8805 ], [ 5.71989, 51.88041 ], [ 5.71976, 51.88013 ], [ 5.71979, 51.88007 ], [ 5.72069, 51.87997 ], [ 5.7234, 51.87974 ], [ 5.72359, 51.87979 ], [ 5.72389, 51.87978 ], [ 5.72409, 51.87987 ], [ 5.72449, 51.87996 ], [ 5.72485, 51.8799 ], [ 5.72557, 51.87964 ], [ 5.72489, 51.88008 ], [ 5.72454, 51.88013 ], [ 5.72411, 51.88011 ], [ 5.72398, 51.88014 ], [ 5.72351, 51.88076 ], [ 5.7232, 51.88099 ], [ 5.72256, 51.88122 ], [ 5.72221, 51.88139 ], [ 5.72194, 51.88162 ], [ 5.72164, 51.88192 ], [ 5.72131, 51.88207 ], [ 5.72003, 51.88239 ], [ 5.71941, 51.8825 ], [ 5.71943, 51.8826 ], [ 5.71941, 51.88284 ], [ 5.71942, 51.88314 ], [ 5.7196, 51.88315 ], [ 5.71988, 51.88312 ], [ 5.72057, 51.88299 ], [ 5.72114, 51.883 ], [ 5.72142, 51.88339 ], [ 5.72175, 51.8838 ], [ 5.71791, 51.88445 ], [ 5.71937, 51.8864 ], [ 5.71508, 51.88788 ], [ 5.71367, 51.88848 ], [ 5.71261, 51.8888 ], [ 5.71159, 51.88904 ], [ 5.71042, 51.88947 ], [ 5.70978, 51.88974 ], [ 5.70982, 51.88845 ], [ 5.71079, 51.88642 ], [ 5.71094, 51.88622 ], [ 5.71109, 51.88612 ], [ 5.71102, 51.88607 ], [ 5.71095, 51.8861 ], [ 5.70969, 51.88619 ], [ 5.70882, 51.88622 ], [ 5.70809, 51.88621 ], [ 5.70751, 51.88614 ], [ 5.70723, 51.88606 ], [ 5.70704, 51.88605 ], [ 5.70688, 51.886 ], [ 5.70682, 51.88591 ], [ 5.70666, 51.88588 ], [ 5.70633, 51.88593 ], [ 5.70511, 51.88599 ], [ 5.70456, 51.88605 ], [ 5.70358, 51.88611 ], [ 5.70306, 51.88673 ], [ 5.703, 51.88685 ], [ 5.7026, 51.88699 ], [ 5.70258, 51.88704 ], [ 5.70245, 51.88721 ], [ 5.70248, 51.88747 ], [ 5.70096, 51.88939 ], [ 5.70094, 51.88953 ], [ 5.70149, 51.88949 ], [ 5.70149, 51.89221 ], [ 5.70049, 51.89231 ], [ 5.6995, 51.89238 ], [ 5.69811, 51.89255 ], [ 5.69749, 51.8926 ], [ 5.69711, 51.89265 ], [ 5.6963, 51.89278 ], [ 5.6949, 51.89309 ], [ 5.69327, 51.89326 ], [ 5.69074, 51.89328 ], [ 5.68972, 51.89334 ], [ 5.68857, 51.89338 ], [ 5.68822, 51.89336 ], [ 5.6877, 51.89339 ], [ 5.68699, 51.89335 ], [ 5.68589, 51.89349 ], [ 5.6853, 51.89354 ], [ 5.68463, 51.89364 ], [ 5.68454, 51.89342 ], [ 5.68545, 51.89331 ], [ 5.68618, 51.89317 ], [ 5.68662, 51.89294 ], [ 5.6873, 51.89273 ], [ 5.68884, 51.89266 ], [ 5.69031, 51.8926 ], [ 5.69292, 51.89242 ], [ 5.6937, 51.89232 ], [ 5.69426, 51.89211 ], [ 5.69454, 51.8919 ], [ 5.69466, 51.89167 ], [ 5.69472, 51.89138 ], [ 5.69472, 51.89103 ], [ 5.69459, 51.89075 ], [ 5.69431, 51.89056 ], [ 5.69418, 51.89049 ], [ 5.69397, 51.89041 ], [ 5.6936, 51.89031 ], [ 5.69331, 51.89027 ], [ 5.68934, 51.89004 ], [ 5.6892, 51.88995 ], [ 5.68931, 51.88952 ], [ 5.68847, 51.88949 ], [ 5.6879, 51.8894 ], [ 5.68711, 51.88939 ], [ 5.68583, 51.88956 ], [ 5.68553, 51.88912 ], [ 5.68541, 51.88911 ], [ 5.68558, 51.8889 ], [ 5.68555, 51.88881 ], [ 5.68568, 51.88871 ], [ 5.68572, 51.88864 ], [ 5.68573, 51.88858 ], [ 5.685, 51.88741 ], [ 5.68436, 51.88615 ], [ 5.68351, 51.88462 ], [ 5.68306, 51.88472 ], [ 5.68302, 51.88465 ], [ 5.6819, 51.88495 ], [ 5.68082, 51.8823 ], [ 5.68068, 51.88231 ], [ 5.68065, 51.88222 ], [ 5.68076, 51.8822 ], [ 5.67977, 51.87977 ], [ 5.67929, 51.87981 ], [ 5.67926, 51.87973 ], [ 5.6831, 51.87935 ], [ 5.68305, 51.8791 ], [ 5.68328, 51.87908 ], [ 5.68335, 51.87887 ], [ 5.684, 51.87878 ], [ 5.68635, 51.87771 ], [ 5.68656, 51.87774 ], [ 5.68688, 51.87803 ], [ 5.68697, 51.87803 ], [ 5.69025, 51.87662 ], [ 5.69008, 51.87644 ], [ 5.6901, 51.87627 ], [ 5.69088, 51.8759 ], [ 5.68884, 51.87424 ], [ 5.68874, 51.87425 ], [ 5.68867, 51.87416 ], [ 5.689, 51.87408 ] ] } },
{ "type": "Feature", "properties": { "klompenpad_naam": "Aderwinkelpad", "url": "https://klompenpaden.nl/klompenpaden/Aderwinkelpad/17ff0668-0cb7-4073-a1d0-cada1a14adf9", "date": null }, "geometry": { "type": "LineString", "coordinates": [ [ 5.27683, 52.05547 ], [ 5.28003, 52.05325 ], [ 5.28117, 52.05269 ], [ 5.28094, 52.0514 ], [ 5.28092, 52.05102 ], [ 5.28104, 52.05083 ], [ 5.28231, 52.05022 ], [ 5.28278, 52.04994 ], [ 5.28301, 52.04967 ], [ 5.28268, 52.04647 ], [ 5.28252, 52.04558 ], [ 5.28241, 52.04469 ], [ 5.28231, 52.04425 ], [ 5.2819, 52.04325 ], [ 5.28191, 52.04228 ], [ 5.2818, 52.04211 ], [ 5.28179, 52.04196 ], [ 5.28109, 52.04143 ], [ 5.28134, 52.04112 ], [ 5.28353, 52.03927 ], [ 5.28585, 52.03724 ], [ 5.28792, 52.0353 ], [ 5.28803, 52.03516 ], [ 5.28811, 52.0349 ], [ 5.2881, 52.03455 ], [ 5.28806, 52.03428 ], [ 5.28769, 52.03265 ], [ 5.28769, 52.03238 ], [ 5.28935, 52.03096 ], [ 5.28818, 52.03046 ], [ 5.28127, 52.02776 ], [ 5.27815, 52.02663 ], [ 5.27802, 52.02668 ], [ 5.27769, 52.02639 ], [ 5.27067, 52.02375 ], [ 5.26703, 52.02226 ], [ 5.2663, 52.02202 ], [ 5.26601, 52.02206 ], [ 5.26566, 52.02221 ], [ 5.26423, 52.02353 ], [ 5.26319, 52.0244 ], [ 5.26866, 52.02656 ], [ 5.26527, 52.02887 ], [ 5.26426, 52.02966 ], [ 5.2634, 52.0303 ], [ 5.26257, 52.03112 ], [ 5.26229, 52.03143 ], [ 5.26334, 52.03177 ], [ 5.26369, 52.03187 ], [ 5.26384, 52.03194 ], [ 5.26381, 52.03218 ], [ 5.26396, 52.03242 ], [ 5.26443, 52.03255 ], [ 5.26457, 52.03279 ], [ 5.26444, 52.03308 ], [ 5.26419, 52.03336 ], [ 5.26408, 52.03355 ], [ 5.26483, 52.03379 ], [ 5.26498, 52.03378 ], [ 5.26559, 52.03315 ], [ 5.26596, 52.03331 ], [ 5.26499, 52.03407 ], [ 5.26345, 52.03557 ], [ 5.26619, 52.03713 ], [ 5.26895, 52.03867 ], [ 5.27296, 52.04088 ], [ 5.27564, 52.04233 ], [ 5.27548, 52.04256 ], [ 5.27539, 52.04273 ], [ 5.27564, 52.04286 ], [ 5.27623, 52.04307 ], [ 5.27638, 52.04309 ], [ 5.2768, 52.04302 ], [ 5.27914, 52.0442 ], [ 5.28241, 52.0459 ], [ 5.28257, 52.04589 ], [ 5.28268, 52.04647 ], [ 5.28301, 52.04967 ], [ 5.28278, 52.04994 ], [ 5.28231, 52.05022 ], [ 5.28104, 52.05083 ], [ 5.28092, 52.05102 ], [ 5.28094, 52.0514 ], [ 5.28117, 52.05269 ], [ 5.28003, 52.05325 ], [ 5.27683, 52.05547 ] ] } },
{ "type": "Feature", "properties": { "klompenpad_naam": "Eertbeeckse-Beekpad", "url": "https://klompenpaden.nl/klompenpaden/Eertbeeckse-Beekpad/f48edf04-5c47-4189-819c-6d36f6371f84", "date": null }, "geometry": { "type": "LineString", "coordinates": [ [ 6.03795, 52.08894 ], [ 6.03737, 52.08928 ], [ 6.03726, 52.08939 ], [ 6.03695, 52.08951 ], [ 6.03689, 52.08973 ], [ 6.03669, 52.08999 ], [ 6.0372, 52.09042 ], [ 6.03729, 52.09056 ], [ 6.03726, 52.09062 ], [ 6.03717, 52.09068 ], [ 6.03711, 52.09084 ], [ 6.03715, 52.09107 ], [ 6.03702, 52.09136 ], [ 6.03679, 52.09161 ], [ 6.03644, 52.09185 ], [ 6.03624, 52.09196 ], [ 6.03602, 52.09202 ], [ 6.03579, 52.09217 ], [ 6.03565, 52.09235 ], [ 6.03639, 52.09251 ], [ 6.03728, 52.09313 ], [ 6.03884, 52.09359 ], [ 6.03897, 52.0935 ], [ 6.03968, 52.09368 ], [ 6.04028, 52.09399 ], [ 6.04384, 52.09483 ], [ 6.04396, 52.09524 ], [ 6.04392, 52.09566 ], [ 6.04374, 52.09609 ], [ 6.04397, 52.09624 ], [ 6.04422, 52.09629 ], [ 6.04446, 52.09629 ], [ 6.0443, 52.09641 ], [ 6.04412, 52.09671 ], [ 6.04399, 52.09717 ], [ 6.04384, 52.09739 ], [ 6.04328, 52.09738 ], [ 6.04212, 52.09729 ], [ 6.04198, 52.09734 ], [ 6.0418, 52.09743 ], [ 6.04157, 52.09769 ], [ 6.0404, 52.09872 ], [ 6.03784, 52.1007 ], [ 6.03914, 52.10149 ], [ 6.03998, 52.10204 ], [ 6.04054, 52.10238 ], [ 6.04169, 52.10314 ], [ 6.03994, 52.1041 ], [ 6.03871, 52.10505 ], [ 6.04005, 52.10712 ], [ 6.0386, 52.10744 ], [ 6.03722, 52.10784 ], [ 6.0385, 52.10893 ], [ 6.03972, 52.1102 ], [ 6.04006, 52.11063 ], [ 6.04529, 52.11796 ], [ 6.0467, 52.11749 ], [ 6.04799, 52.1169 ], [ 6.04924, 52.11636 ], [ 6.04983, 52.11657 ], [ 6.05007, 52.11661 ], [ 6.05032, 52.11653 ], [ 6.05095, 52.116 ], [ 6.05143, 52.11555 ], [ 6.05146, 52.11554 ], [ 6.05149, 52.11563 ], [ 6.05356, 52.11875 ], [ 6.0582, 52.11737 ], [ 6.05585, 52.11401 ], [ 6.05514, 52.11246 ], [ 6.05556, 52.11204 ], [ 6.05676, 52.11237 ], [ 6.05727, 52.11245 ], [ 6.05962, 52.11264 ], [ 6.06073, 52.11229 ], [ 6.06417, 52.11305 ], [ 6.07008, 52.11439 ], [ 6.07015, 52.11428 ], [ 6.06983, 52.11312 ], [ 6.06988, 52.11302 ], [ 6.07253, 52.11337 ], [ 6.07152, 52.11178 ], [ 6.07161, 52.11177 ], [ 6.07148, 52.11152 ], [ 6.07131, 52.11108 ], [ 6.07105, 52.11058 ], [ 6.07088, 52.11033 ], [ 6.07056, 52.10971 ], [ 6.07037, 52.10955 ], [ 6.07053, 52.10947 ], [ 6.07022, 52.10903 ], [ 6.06971, 52.10881 ], [ 6.0696, 52.10869 ], [ 6.06981, 52.10828 ], [ 6.06994, 52.10816 ], [ 6.07011, 52.10819 ], [ 6.07032, 52.1081 ], [ 6.07129, 52.10796 ], [ 6.07231, 52.10738 ], [ 6.07274, 52.10739 ], [ 6.07282, 52.10724 ], [ 6.07338, 52.10698 ], [ 6.07403, 52.1073 ], [ 6.07392, 52.10714 ], [ 6.07386, 52.10688 ], [ 6.07393, 52.10674 ], [ 6.0743, 52.10646 ], [ 6.07476, 52.1062 ], [ 6.07503, 52.10584 ], [ 6.07542, 52.10548 ], [ 6.07586, 52.10533 ], [ 6.07688, 52.10524 ], [ 6.07721, 52.10519 ], [ 6.07898, 52.10444 ], [ 6.07929, 52.10422 ], [ 6.07944, 52.10407 ], [ 6.07947, 52.10397 ], [ 6.07973, 52.10378 ], [ 6.08141, 52.10228 ], [ 6.08016, 52.10142 ], [ 6.08054, 52.10115 ], [ 6.08064, 52.10097 ], [ 6.08086, 52.10077 ], [ 6.08102, 52.1007 ], [ 6.08187, 52.09985 ], [ 6.07829, 52.09763 ], [ 6.07922, 52.09697 ], [ 6.07953, 52.0971 ], [ 6.08036, 52.09638 ], [ 6.07824, 52.09508 ], [ 6.07902, 52.09428 ], [ 6.07976, 52.09347 ], [ 6.07855, 52.09286 ], [ 6.07857, 52.09271 ], [ 6.07879, 52.0927 ], [ 6.07893, 52.09261 ], [ 6.07888, 52.09243 ], [ 6.07838, 52.09213 ], [ 6.0802, 52.09052 ], [ 6.08159, 52.08926 ], [ 6.07845, 52.08874 ], [ 6.0754, 52.08872 ], [ 6.06772, 52.08836 ], [ 6.06757, 52.0883 ], [ 6.06756, 52.08823 ], [ 6.06738, 52.08811 ], [ 6.06682, 52.08798 ], [ 6.06487, 52.08743 ], [ 6.06368, 52.08771 ], [ 6.06327, 52.08782 ], [ 6.06282, 52.088 ], [ 6.06266, 52.08819 ], [ 6.06246, 52.08828 ], [ 6.06198, 52.08839 ], [ 6.06202, 52.08857 ], [ 6.06235, 52.08874 ], [ 6.06237, 52.08886 ], [ 6.06261, 52.08907 ], [ 6.06079, 52.09033 ], [ 6.05855, 52.09184 ], [ 6.05569, 52.09108 ], [ 6.05454, 52.09196 ], [ 6.05202, 52.09142 ], [ 6.05101, 52.09114 ], [ 6.04962, 52.0908 ], [ 6.04916, 52.09076 ], [ 6.04814, 52.09127 ], [ 6.0476, 52.09161 ], [ 6.04739, 52.09149 ], [ 6.04687, 52.09181 ], [ 6.04672, 52.09186 ], [ 6.04638, 52.09171 ], [ 6.04281, 52.08946 ], [ 6.04256, 52.08956 ], [ 6.04103, 52.0888 ], [ 6.04018, 52.08926 ], [ 6.0399, 52.08923 ], [ 6.03954, 52.08949 ], [ 6.03897, 52.0895 ], [ 6.03795, 52.08893 ] ] } },
{ "type": "Feature", "properties": { "klompenpad_naam": "Veendijkpad", "url": "https://klompenpaden.nl/klompenpaden/Veendijkpad/deaff1dd-eaf4-450e-bc7c-f6eb690b7704", "date": null }, "geometry": { "type": "LineString", "coordinates": [ [ 5.39137, 52.2301 ], [ 5.39139, 52.23044 ], [ 5.39106, 52.23054 ], [ 5.39066, 52.23083 ], [ 5.39036, 52.231 ], [ 5.38879, 52.23116 ], [ 5.38841, 52.23138 ], [ 5.38451, 52.23178 ], [ 5.38459, 52.23188 ], [ 5.3838, 52.23198 ], [ 5.38383, 52.23202 ], [ 5.38396, 52.23201 ], [ 5.38402, 52.23222 ], [ 5.38396, 52.23222 ], [ 5.38404, 52.23258 ], [ 5.38363, 52.2326 ], [ 5.38379, 52.23315 ], [ 5.38386, 52.23326 ], [ 5.38397, 52.23335 ], [ 5.38395, 52.23342 ], [ 5.38383, 52.23348 ], [ 5.38385, 52.23367 ], [ 5.38395, 52.23381 ], [ 5.38394, 52.23404 ], [ 5.38398, 52.23419 ], [ 5.38412, 52.23445 ], [ 5.38419, 52.23505 ], [ 5.38413, 52.23523 ], [ 5.38422, 52.23534 ], [ 5.38426, 52.23572 ], [ 5.38438, 52.23602 ], [ 5.38433, 52.23605 ], [ 5.38433, 52.23626 ], [ 5.38356, 52.23645 ], [ 5.38259, 52.23641 ], [ 5.38246, 52.23647 ], [ 5.38245, 52.23664 ], [ 5.38088, 52.2369 ], [ 5.37998, 52.23677 ], [ 5.37957, 52.2368 ], [ 5.37854, 52.23683 ], [ 5.37794, 52.23667 ], [ 5.37774, 52.23668 ], [ 5.3776, 52.23675 ], [ 5.37722, 52.2368 ], [ 5.37715, 52.23684 ], [ 5.37635, 52.23692 ], [ 5.37599, 52.23679 ], [ 5.37551, 52.23671 ], [ 5.37285, 52.23649 ], [ 5.37326, 52.23791 ], [ 5.37355, 52.23912 ], [ 5.37252, 52.23922 ], [ 5.37255, 52.23935 ], [ 5.3691, 52.23999 ], [ 5.36917, 52.2402 ], [ 5.36945, 52.24078 ], [ 5.36966, 52.24111 ], [ 5.36994, 52.24138 ], [ 5.37045, 52.24179 ], [ 5.37125, 52.24224 ], [ 5.3728, 52.24299 ], [ 5.37418, 52.24312 ], [ 5.37435, 52.24312 ], [ 5.37456, 52.24321 ], [ 5.37475, 52.24324 ], [ 5.37472, 52.2429 ], [ 5.37441, 52.24191 ], [ 5.37538, 52.24182 ], [ 5.37538, 52.24185 ], [ 5.37532, 52.24195 ], [ 5.3754, 52.24237 ], [ 5.3752, 52.24265 ], [ 5.37532, 52.24272 ], [ 5.37545, 52.24284 ], [ 5.37551, 52.24282 ], [ 5.37558, 52.24273 ], [ 5.37698, 52.24206 ], [ 5.37734, 52.24177 ], [ 5.37738, 52.24167 ], [ 5.37745, 52.24137 ], [ 5.37765, 52.24134 ], [ 5.37794, 52.24319 ], [ 5.37801, 52.24343 ], [ 5.379, 52.24322 ], [ 5.37946, 52.24302 ], [ 5.37961, 52.24291 ], [ 5.37982, 52.24287 ], [ 5.38, 52.24271 ], [ 5.38, 52.24263 ], [ 5.38007, 52.24254 ], [ 5.38006, 52.24242 ], [ 5.38012, 52.24235 ], [ 5.38048, 52.24253 ], [ 5.38077, 52.2426 ], [ 5.38221, 52.2429 ], [ 5.38274, 52.24307 ], [ 5.38567, 52.24255 ], [ 5.38638, 52.24416 ], [ 5.38665, 52.24416 ], [ 5.38706, 52.24607 ], [ 5.38716, 52.24606 ], [ 5.3873, 52.24596 ], [ 5.39055, 52.2455 ], [ 5.39351, 52.24511 ], [ 5.39311, 52.24269 ], [ 5.3934, 52.24267 ], [ 5.40143, 52.24173 ], [ 5.40124, 52.24125 ], [ 5.40086, 52.24044 ], [ 5.40034, 52.23907 ], [ 5.39972, 52.23752 ], [ 5.39907, 52.23599 ], [ 5.39787, 52.23306 ], [ 5.39692, 52.23078 ], [ 5.39657, 52.23002 ], [ 5.39635, 52.22998 ], [ 5.39626, 52.2297 ], [ 5.39589, 52.2298 ], [ 5.39367, 52.23003 ], [ 5.3925, 52.23019 ], [ 5.39212, 52.23034 ], [ 5.39139, 52.23044 ], [ 5.39139, 52.2301 ] ] } },
{ "type": "Feature", "properties": { "klompenpad_naam": "Nesserpad", "url": "https://klompenpaden.nl/klompenpaden/Nesserpad/90d5c741-7708-4e8a-8768-4e36780820d6", "date": null }, "geometry": { "type": "LineString", "coordinates": [ [ 5.26644, 52.25091 ], [ 5.26595, 52.24975 ], [ 5.26528, 52.24794 ], [ 5.26328, 52.24308 ], [ 5.26261, 52.24161 ], [ 5.26191, 52.23996 ], [ 5.27035, 52.23952 ], [ 5.27009, 52.23792 ], [ 5.27415, 52.23767 ], [ 5.2779, 52.23747 ], [ 5.2777, 52.23617 ], [ 5.2781, 52.23611 ], [ 5.28008, 52.23598 ], [ 5.28472, 52.23594 ], [ 5.28529, 52.23592 ], [ 5.28512, 52.23455 ], [ 5.2848, 52.2325 ], [ 5.28413, 52.22793 ], [ 5.28697, 52.22795 ], [ 5.29111, 52.22787 ], [ 5.29383, 52.2277 ], [ 5.29719, 52.22746 ], [ 5.29981, 52.22754 ], [ 5.30039, 52.2313 ], [ 5.3034, 52.23137 ], [ 5.30447, 52.23138 ], [ 5.30615, 52.23133 ], [ 5.3062, 52.23159 ], [ 5.3062, 52.2318 ], [ 5.30628, 52.23194 ], [ 5.30643, 52.23199 ], [ 5.30705, 52.2321 ], [ 5.30726, 52.2323 ], [ 5.30747, 52.23238 ], [ 5.30767, 52.23242 ], [ 5.30778, 52.23255 ], [ 5.30793, 52.23278 ], [ 5.3082, 52.23294 ], [ 5.30884, 52.23303 ], [ 5.30996, 52.23309 ], [ 5.31025, 52.23317 ], [ 5.31085, 52.23346 ], [ 5.31116, 52.23375 ], [ 5.31136, 52.23412 ], [ 5.31137, 52.2344 ], [ 5.31131, 52.23461 ], [ 5.31105, 52.23521 ], [ 5.31082, 52.23555 ], [ 5.31057, 52.23598 ], [ 5.31041, 52.23646 ], [ 5.31035, 52.23672 ], [ 5.31031, 52.23731 ], [ 5.31026, 52.23764 ], [ 5.31028, 52.2378 ], [ 5.3104, 52.23807 ], [ 5.31021, 52.23861 ], [ 5.30998, 52.23885 ], [ 5.30983, 52.23904 ], [ 5.30977, 52.23925 ], [ 5.30975, 52.23942 ], [ 5.30996, 52.23963 ], [ 5.3102, 52.23981 ], [ 5.31027, 52.23996 ], [ 5.31019, 52.2402 ], [ 5.30939, 52.24106 ], [ 5.30916, 52.24119 ], [ 5.30891, 52.24146 ], [ 5.30883, 52.24201 ], [ 5.30874, 52.24234 ], [ 5.30867, 52.24275 ], [ 5.30867, 52.24296 ], [ 5.30849, 52.24306 ], [ 5.30825, 52.24314 ], [ 5.308, 52.24315 ], [ 5.30781, 52.24319 ], [ 5.30772, 52.24323 ], [ 5.3075, 52.24339 ], [ 5.30753, 52.24353 ], [ 5.30766, 52.24368 ], [ 5.30777, 52.24384 ], [ 5.30772, 52.24398 ], [ 5.30758, 52.24417 ], [ 5.3074, 52.24425 ], [ 5.30687, 52.24431 ], [ 5.30658, 52.24424 ], [ 5.30623, 52.24419 ], [ 5.30599, 52.24427 ], [ 5.30517, 52.24498 ], [ 5.30478, 52.24528 ], [ 5.30461, 52.24538 ], [ 5.30442, 52.24569 ], [ 5.30417, 52.24597 ], [ 5.30411, 52.24637 ], [ 5.304, 52.2465 ], [ 5.30315, 52.24717 ], [ 5.30307, 52.24728 ], [ 5.30308, 52.24756 ], [ 5.30284, 52.24785 ], [ 5.30286, 52.24802 ], [ 5.30275, 52.24803 ], [ 5.30266, 52.24808 ], [ 5.30258, 52.24816 ], [ 5.30251, 52.24814 ], [ 5.30176, 52.24817 ], [ 5.2989, 52.24839 ], [ 5.29782, 52.24839 ], [ 5.29173, 52.24868 ], [ 5.28848, 52.2488 ], [ 5.28403, 52.24905 ], [ 5.27865, 52.24939 ], [ 5.27089, 52.24984 ], [ 5.26832, 52.25002 ], [ 5.26813, 52.25008 ], [ 5.26787, 52.25026 ], [ 5.26763, 52.25061 ], [ 5.26752, 52.25073 ], [ 5.2674, 52.2508 ], [ 5.26722, 52.25083 ], [ 5.26672, 52.25085 ], [ 5.26644, 52.25092 ] ] } },
{ "type": "Feature", "properties": { "klompenpad_naam": "Zeldertsepad", "url": "https://klompenpaden.nl/klompenpaden/Zeldertsepad/2cdeb58c-be7d-4e15-bde2-b9f5b4f002c2", "date": null }, "geometry": { "type": "LineString", "coordinates": [ [ 5.33607, 52.19012 ], [ 5.3363, 52.18993 ], [ 5.3365, 52.1898 ], [ 5.33758, 52.18937 ], [ 5.33503, 52.18912 ], [ 5.33048, 52.18658 ], [ 5.33058, 52.18649 ], [ 5.33044, 52.18629 ], [ 5.3305, 52.18618 ], [ 5.33063, 52.18614 ], [ 5.33078, 52.18614 ], [ 5.33097, 52.18619 ], [ 5.33122, 52.18612 ], [ 5.33143, 52.18603 ], [ 5.33144, 52.18593 ], [ 5.33073, 52.18556 ], [ 5.33078, 52.18545 ], [ 5.33338, 52.18375 ], [ 5.33382, 52.18356 ], [ 5.33504, 52.18333 ], [ 5.33572, 52.18327 ], [ 5.3359, 52.18313 ], [ 5.33632, 52.18306 ], [ 5.33657, 52.18337 ], [ 5.33848, 52.1841 ], [ 5.3386, 52.18423 ], [ 5.33957, 52.18577 ], [ 5.33977, 52.18592 ], [ 5.34141, 52.18651 ], [ 5.34251, 52.18655 ], [ 5.3425, 52.18661 ], [ 5.3406, 52.18745 ], [ 5.33992, 52.18778 ], [ 5.33964, 52.18799 ], [ 5.33797, 52.18914 ], [ 5.33756, 52.18938 ], [ 5.34513, 52.19805 ], [ 5.33943, 52.19738 ], [ 5.33823, 52.19726 ], [ 5.33534, 52.19685 ], [ 5.33466, 52.19676 ], [ 5.33419, 52.19673 ], [ 5.33388, 52.19662 ], [ 5.33396, 52.19631 ], [ 5.33405, 52.19579 ], [ 5.33452, 52.19523 ], [ 5.33524, 52.19456 ], [ 5.33559, 52.19405 ], [ 5.33573, 52.19319 ], [ 5.33579, 52.1927 ], [ 5.33596, 52.19181 ], [ 5.3361, 52.19091 ], [ 5.33611, 52.19013 ], [ 5.33189, 52.18914 ], [ 5.33046, 52.18883 ], [ 5.3283, 52.18944 ], [ 5.32503, 52.19029 ], [ 5.32463, 52.19048 ], [ 5.32446, 52.19066 ], [ 5.323, 52.19457 ], [ 5.32188, 52.1975 ], [ 5.3215, 52.19861 ], [ 5.32136, 52.19993 ], [ 5.326, 52.20011 ], [ 5.32598, 52.20029 ], [ 5.32849, 52.20042 ], [ 5.32826, 52.20186 ], [ 5.3311, 52.20207 ], [ 5.33139, 52.20144 ], [ 5.33158, 52.20147 ], [ 5.33125, 52.20212 ], [ 5.33106, 52.20254 ], [ 5.33069, 52.20281 ], [ 5.331, 52.203 ], [ 5.3317, 52.2027 ], [ 5.33208, 52.20268 ], [ 5.33243, 52.20268 ], [ 5.33699, 52.20362 ], [ 5.34224, 52.20466 ], [ 5.34234, 52.2045 ], [ 5.34218, 52.20448 ], [ 5.34371, 52.20123 ], [ 5.34517, 52.19804 ] ] } },
{ "type": "Feature", "properties": { "klompenpad_naam": "Netelenburchpad", "url": "https://klompenpaden.nl/klompenpaden/Netelenburchpad/bef84415-322a-43b1-b302-5f52d7bc2be9", "date": null }, "geometry": { "type": "LineString", "coordinates": [ [ 5.31681, 52.20326 ], [ 5.3168, 52.20316 ], [ 5.31534, 52.20328 ], [ 5.31514, 52.20337 ], [ 5.315, 52.20337 ], [ 5.31472, 52.20369 ], [ 5.3143, 52.20422 ], [ 5.31405, 52.20433 ], [ 5.31385, 52.20436 ], [ 5.31307, 52.20439 ], [ 5.31271, 52.20436 ], [ 5.31244, 52.2044 ], [ 5.31225, 52.20447 ], [ 5.31159, 52.20517 ], [ 5.31106, 52.20545 ], [ 5.31035, 52.2061 ], [ 5.31021, 52.20635 ], [ 5.31012, 52.20662 ], [ 5.30999, 52.20678 ], [ 5.30957, 52.20709 ], [ 5.30881, 52.20724 ], [ 5.3085, 52.20736 ], [ 5.30803, 52.20764 ], [ 5.30772, 52.20791 ], [ 5.30754, 52.20816 ], [ 5.30732, 52.20854 ], [ 5.30723, 52.20889 ], [ 5.30727, 52.20928 ], [ 5.30742, 52.20965 ], [ 5.30765, 52.20998 ], [ 5.30783, 52.21016 ], [ 5.30846, 52.21053 ], [ 5.30914, 52.21101 ], [ 5.30961, 52.21158 ], [ 5.30985, 52.21211 ], [ 5.31088, 52.21406 ], [ 5.31087, 52.21417 ], [ 5.31182, 52.21453 ], [ 5.31246, 52.21472 ], [ 5.31285, 52.21471 ], [ 5.31535, 52.21426 ], [ 5.31871, 52.21371 ], [ 5.31906, 52.21369 ], [ 5.32072, 52.2137 ], [ 5.32304, 52.21374 ], [ 5.32264, 52.2109 ], [ 5.32406, 52.21083 ], [ 5.32714, 52.21017 ], [ 5.32795, 52.21009 ], [ 5.32771, 52.20924 ], [ 5.32781, 52.20891 ], [ 5.32855, 52.20743 ], [ 5.329, 52.20642 ], [ 5.33006, 52.20425 ], [ 5.32749, 52.20426 ], [ 5.32418, 52.20431 ], [ 5.3208, 52.2043 ], [ 5.32096, 52.20314 ], [ 5.31936, 52.20308 ], [ 5.31933, 52.20301 ], [ 5.31684, 52.20318 ], [ 5.31682, 52.20325 ] ] } },
{ "type": "Feature", "properties": { "klompenpad_naam": "Termatenpad", "url": "https://klompenpaden.nl/klompenpaden/Termatenpad/624db612-68e4-42c8-812d-6c508339f273", "date": null }, "geometry": { "type": "LineString", "coordinates": [ [ 5.42719, 52.10565 ], [ 5.43081, 52.10154 ], [ 5.43098, 52.10161 ], [ 5.43418, 52.09809 ], [ 5.43479, 52.09826 ], [ 5.43503, 52.0984 ], [ 5.43517, 52.09852 ], [ 5.43546, 52.09861 ], [ 5.43559, 52.09858 ], [ 5.43572, 52.09864 ], [ 5.43666, 52.09812 ], [ 5.4407, 52.09558 ], [ 5.44241, 52.09459 ], [ 5.44319, 52.09401 ], [ 5.44371, 52.09249 ], [ 5.44383, 52.09206 ], [ 5.44383, 52.09201 ], [ 5.4439, 52.09187 ], [ 5.444, 52.09176 ], [ 5.444, 52.09163 ], [ 5.44415, 52.09155 ], [ 5.44473, 52.09139 ], [ 5.44523, 52.0911 ], [ 5.4459, 52.09084 ], [ 5.44819, 52.08999 ], [ 5.44887, 52.08976 ], [ 5.44856, 52.08938 ], [ 5.44832, 52.08946 ], [ 5.44687, 52.08976 ], [ 5.44678, 52.08969 ], [ 5.44657, 52.08943 ], [ 5.44573, 52.08849 ], [ 5.44549, 52.08831 ], [ 5.44383, 52.08747 ], [ 5.44335, 52.08711 ], [ 5.44275, 52.08647 ], [ 5.44234, 52.08587 ], [ 5.44222, 52.08574 ], [ 5.44152, 52.08563 ], [ 5.4409, 52.08549 ], [ 5.43865, 52.08508 ], [ 5.43817, 52.08551 ], [ 5.43807, 52.08555 ], [ 5.43707, 52.08571 ], [ 5.42883, 52.08692 ], [ 5.42767, 52.08712 ], [ 5.42677, 52.08724 ], [ 5.42499, 52.08736 ], [ 5.42332, 52.0851 ], [ 5.41624, 52.08617 ], [ 5.40994, 52.08748 ], [ 5.41042, 52.08789 ], [ 5.41055, 52.08816 ], [ 5.41086, 52.08844 ], [ 5.41091, 52.08855 ], [ 5.41093, 52.08934 ], [ 5.41091, 52.08957 ], [ 5.41086, 52.08964 ], [ 5.4108, 52.08968 ], [ 5.41071, 52.08971 ], [ 5.41023, 52.08977 ], [ 5.41083, 52.09216 ], [ 5.40286, 52.09261 ], [ 5.40261, 52.09268 ], [ 5.40206, 52.09294 ], [ 5.40186, 52.09287 ], [ 5.40157, 52.0928 ], [ 5.40141, 52.09274 ], [ 5.40096, 52.09275 ], [ 5.40137, 52.09403 ], [ 5.40438, 52.10393 ], [ 5.40428, 52.10401 ], [ 5.40276, 52.10434 ], [ 5.40241, 52.1044 ], [ 5.40069, 52.10431 ], [ 5.4003, 52.10436 ], [ 5.39966, 52.10451 ], [ 5.39927, 52.10454 ], [ 5.39539, 52.10459 ], [ 5.39515, 52.10568 ], [ 5.39508, 52.10572 ], [ 5.39363, 52.10571 ], [ 5.39336, 52.10581 ], [ 5.39331, 52.10585 ], [ 5.39328, 52.1059 ], [ 5.39331, 52.10595 ], [ 5.39282, 52.10611 ], [ 5.39212, 52.10643 ], [ 5.39157, 52.10653 ], [ 5.39158, 52.10669 ], [ 5.39152, 52.10672 ], [ 5.39169, 52.10721 ], [ 5.39272, 52.10989 ], [ 5.39293, 52.11051 ], [ 5.39301, 52.11084 ], [ 5.39343, 52.1138 ], [ 5.39488, 52.11357 ], [ 5.39505, 52.11357 ], [ 5.3953, 52.11367 ], [ 5.3959, 52.11397 ], [ 5.40006, 52.11397 ], [ 5.40108, 52.114 ], [ 5.40301, 52.114 ], [ 5.40333, 52.11396 ], [ 5.40427, 52.1142 ], [ 5.4046, 52.11417 ], [ 5.40498, 52.11416 ], [ 5.40529, 52.11419 ], [ 5.40546, 52.1143 ], [ 5.40579, 52.11487 ], [ 5.40755, 52.11465 ], [ 5.40781, 52.11468 ], [ 5.409, 52.11449 ], [ 5.40899, 52.11471 ], [ 5.40914, 52.11536 ], [ 5.41972, 52.11382 ], [ 5.41983, 52.1137 ], [ 5.4199, 52.11366 ], [ 5.41997, 52.11364 ], [ 5.42009, 52.11365 ], [ 5.42186, 52.11165 ], [ 5.4262, 52.10689 ], [ 5.42728, 52.10581 ], [ 5.42727, 52.10576 ], [ 5.4272, 52.10573 ], [ 5.42718, 52.10568 ], [ 5.42719, 52.10564 ] ] } },
{ "type": "Feature", "properties": { "klompenpad_naam": "Benedeneindsepad", "url": "https://klompenpaden.nl/klompenpaden/Benedeneindsepad/4aff5e62-8b98-412d-b6c4-fd4d5467e423", "date": null }, "geometry": { "type": "LineString", "coordinates": [ [ 4.91824, 52.0006 ], [ 4.91783, 52.00126 ], [ 4.91725, 52.00116 ], [ 4.91678, 52.0019 ], [ 4.91701, 52.00196 ], [ 4.91603, 52.00351 ], [ 4.91509, 52.00508 ], [ 4.91504, 52.00518 ], [ 4.91504, 52.00537 ], [ 4.91533, 52.00536 ], [ 4.91561, 52.00539 ], [ 4.91586, 52.00534 ], [ 4.91615, 52.00532 ], [ 4.91657, 52.00533 ], [ 4.91535, 52.00731 ], [ 4.91485, 52.00807 ], [ 4.91309, 52.0109 ], [ 4.91338, 52.0109 ], [ 4.91336, 52.01104 ], [ 4.91385, 52.01102 ], [ 4.91404, 52.01098 ], [ 4.91468, 52.01079 ], [ 4.91553, 52.01058 ], [ 4.91643, 52.01018 ], [ 4.91667, 52.01012 ], [ 4.91702, 52.01008 ], [ 4.9176, 52.01006 ], [ 4.91876, 52.01006 ], [ 4.91972, 52.00994 ], [ 4.91988, 52.00994 ], [ 4.91985, 52.01005 ], [ 4.91974, 52.01021 ], [ 4.91829, 52.01163 ], [ 4.91666, 52.01326 ], [ 4.91673, 52.01345 ], [ 4.91767, 52.01329 ], [ 4.91787, 52.01323 ], [ 4.91822, 52.01308 ], [ 4.9196, 52.01265 ], [ 4.92006, 52.01266 ], [ 4.92094, 52.0126 ], [ 4.92166, 52.0127 ], [ 4.92229, 52.01282 ], [ 4.92306, 52.013 ], [ 4.92465, 52.01341 ], [ 4.92471, 52.01345 ], [ 4.92579, 52.0137 ], [ 4.92896, 52.01426 ], [ 4.93147, 52.01465 ], [ 4.93218, 52.01482 ], [ 4.93253, 52.01493 ], [ 4.93655, 52.01635 ], [ 4.93667, 52.01641 ], [ 4.93733, 52.01685 ], [ 4.93746, 52.01665 ], [ 4.93933, 52.01435 ], [ 4.93953, 52.01398 ], [ 4.93743, 52.01355 ], [ 4.93642, 52.01336 ], [ 4.93512, 52.01302 ], [ 4.93451, 52.01288 ], [ 4.92828, 52.01161 ], [ 4.92795, 52.01152 ], [ 4.9263, 52.01118 ], [ 4.92119, 52.01017 ], [ 4.91998, 52.00994 ], [ 4.91988, 52.00994 ], [ 4.91995, 52.00978 ], [ 4.92169, 52.007 ], [ 4.92181, 52.00696 ], [ 4.92299, 52.00724 ], [ 4.92451, 52.00469 ], [ 4.92525, 52.00354 ], [ 4.92705, 52.00062 ], [ 4.92708, 52.00043 ], [ 4.92732, 52.0002 ], [ 4.92771, 51.99959 ], [ 4.92692, 51.99944 ], [ 4.92617, 51.99932 ], [ 4.92589, 51.9993 ], [ 4.92509, 51.99931 ], [ 4.92499, 51.99928 ], [ 4.92454, 51.99931 ], [ 4.9245, 51.99934 ], [ 4.92344, 51.99954 ], [ 4.92292, 51.99966 ], [ 4.92224, 51.99977 ], [ 4.9219, 51.99979 ], [ 4.92094, 51.99998 ], [ 4.91981, 52.00006 ], [ 4.91959, 52.00006 ], [ 4.91843, 51.99995 ], [ 4.91824, 52.00027 ], [ 4.91842, 52.0003 ], [ 4.91824, 52.00061 ] ] } },
{ "type": "Feature", "properties": { "klompenpad_naam": "Slagmaatpad", "url": "https://klompenpaden.nl/klompenpaden/Slagmaatpad/b96de814-8276-455e-a4d3-447e32ffeaa4", "date": null }, "geometry": { "type": "LineString", "coordinates": [ [ 5.1712, 52.06114 ], [ 5.1711, 52.06111 ], [ 5.16961, 52.06095 ], [ 5.16827, 52.05952 ], [ 5.16848, 52.05929 ], [ 5.1691, 52.05915 ], [ 5.16921, 52.05909 ], [ 5.16921, 52.05898 ], [ 5.16919, 52.05894 ], [ 5.1689, 52.05876 ], [ 5.16873, 52.05882 ], [ 5.16811, 52.05823 ], [ 5.16831, 52.05813 ], [ 5.16825, 52.05805 ], [ 5.16807, 52.05791 ], [ 5.1678, 52.05785 ], [ 5.16716, 52.05825 ], [ 5.16676, 52.05826 ], [ 5.16659, 52.0583 ], [ 5.16636, 52.05839 ], [ 5.1661, 52.05852 ], [ 5.16589, 52.05875 ], [ 5.1658, 52.05878 ], [ 5.16563, 52.0588 ], [ 5.16522, 52.05898 ], [ 5.16513, 52.05913 ], [ 5.1651, 52.05928 ], [ 5.16495, 52.0593 ], [ 5.16391, 52.05884 ], [ 5.16167, 52.05794 ], [ 5.16324, 52.05639 ], [ 5.16376, 52.05565 ], [ 5.16382, 52.05559 ], [ 5.16391, 52.05541 ], [ 5.16249, 52.05507 ], [ 5.16199, 52.055 ], [ 5.16272, 52.05157 ], [ 5.16471, 52.05173 ], [ 5.16476, 52.05153 ], [ 5.16479, 52.05132 ], [ 5.1667, 52.05133 ], [ 5.16732, 52.05132 ], [ 5.16738, 52.05128 ], [ 5.1674, 52.05096 ], [ 5.16735, 52.05074 ], [ 5.16703, 52.05018 ], [ 5.16675, 52.04994 ], [ 5.16789, 52.04989 ], [ 5.17266, 52.04943 ], [ 5.17272, 52.04965 ], [ 5.17347, 52.04957 ], [ 5.17467, 52.04949 ], [ 5.17459, 52.04938 ], [ 5.17457, 52.04926 ], [ 5.17369, 52.0487 ], [ 5.1735, 52.04859 ], [ 5.17374, 52.0485 ], [ 5.17379, 52.04843 ], [ 5.17383, 52.04835 ], [ 5.1738, 52.04804 ], [ 5.17381, 52.04789 ], [ 5.1737, 52.04751 ], [ 5.17366, 52.0474 ], [ 5.17439, 52.0473 ], [ 5.17449, 52.0473 ], [ 5.17449, 52.0472 ], [ 5.17453, 52.04712 ], [ 5.17467, 52.04704 ], [ 5.17461, 52.04665 ], [ 5.17456, 52.04657 ], [ 5.17445, 52.04648 ], [ 5.17431, 52.04628 ], [ 5.17429, 52.04607 ], [ 5.1743, 52.04597 ], [ 5.17441, 52.04589 ], [ 5.1742, 52.04574 ], [ 5.17334, 52.04575 ], [ 5.17319, 52.04578 ], [ 5.17339, 52.04652 ], [ 5.17339, 52.0466 ], [ 5.17327, 52.04676 ], [ 5.17319, 52.04682 ], [ 5.17308, 52.04687 ], [ 5.17243, 52.04708 ], [ 5.1721, 52.04714 ], [ 5.1713, 52.04721 ], [ 5.17069, 52.04731 ], [ 5.17086, 52.04825 ], [ 5.17035, 52.0483 ], [ 5.17019, 52.04827 ], [ 5.16993, 52.04826 ], [ 5.16985, 52.04828 ], [ 5.16963, 52.04839 ], [ 5.16953, 52.04842 ], [ 5.16883, 52.04849 ], [ 5.16984, 52.0497 ], [ 5.16808, 52.04987 ], [ 5.1653, 52.05002 ], [ 5.16462, 52.05003 ], [ 5.16412, 52.05002 ], [ 5.16366, 52.04998 ], [ 5.16263, 52.04978 ], [ 5.1625, 52.04985 ], [ 5.16238, 52.04986 ], [ 5.1617, 52.05001 ], [ 5.1602, 52.05026 ], [ 5.1599, 52.05029 ], [ 5.15988, 52.05023 ], [ 5.15916, 52.05013 ], [ 5.1586, 52.05022 ], [ 5.15807, 52.05033 ], [ 5.15774, 52.05046 ], [ 5.15748, 52.05066 ], [ 5.15732, 52.05086 ], [ 5.15713, 52.05118 ], [ 5.1571, 52.0513 ], [ 5.15711, 52.05157 ], [ 5.15863, 52.05154 ], [ 5.1597, 52.05426 ], [ 5.15982, 52.0543 ], [ 5.15996, 52.0543 ], [ 5.16215, 52.05421 ], [ 5.16199, 52.055 ], [ 5.16249, 52.05507 ], [ 5.16488, 52.05565 ], [ 5.16553, 52.05583 ], [ 5.1655, 52.05589 ], [ 5.1661, 52.05598 ], [ 5.16612, 52.05608 ], [ 5.16617, 52.05606 ], [ 5.1663, 52.05612 ], [ 5.16645, 52.05621 ], [ 5.16659, 52.05618 ], [ 5.1667, 52.05618 ], [ 5.16699, 52.05613 ], [ 5.16735, 52.05617 ], [ 5.16742, 52.05623 ], [ 5.16773, 52.05633 ], [ 5.16786, 52.05633 ], [ 5.16819, 52.05655 ], [ 5.1683, 52.05667 ], [ 5.16867, 52.05695 ], [ 5.1687, 52.05704 ], [ 5.1687, 52.05711 ], [ 5.16874, 52.05716 ], [ 5.16904, 52.05721 ], [ 5.16916, 52.05721 ], [ 5.16985, 52.05728 ], [ 5.17006, 52.05732 ], [ 5.17013, 52.05727 ], [ 5.17017, 52.05727 ], [ 5.17027, 52.05729 ], [ 5.17061, 52.05745 ], [ 5.17074, 52.05758 ], [ 5.17083, 52.05772 ], [ 5.17089, 52.05776 ], [ 5.17094, 52.0579 ], [ 5.17092, 52.05799 ], [ 5.17074, 52.05841 ], [ 5.17065, 52.05865 ], [ 5.17059, 52.05868 ], [ 5.17049, 52.0587 ], [ 5.17047, 52.05878 ], [ 5.17054, 52.05884 ], [ 5.17074, 52.0589 ], [ 5.17098, 52.0591 ], [ 5.17113, 52.05927 ], [ 5.17137, 52.05944 ], [ 5.17148, 52.05954 ], [ 5.17155, 52.05978 ], [ 5.17155, 52.06006 ], [ 5.17197, 52.06042 ], [ 5.17145, 52.06102 ], [ 5.17132, 52.06106 ], [ 5.1711, 52.06111 ] ] } },
{ "type": "Feature", "properties": { "klompenpad_naam": "Onderwaterpad-KIDS", "url": "https://klompenpaden.nl/klompenpaden/Onderwaterpad-KIDS/cadfb162-8bf7-43eb-9f32-b6c5bbc2c27b", "date": null }, "geometry": { "type": "LineString", "coordinates": [ [ 5.15869, 51.97702 ], [ 5.1589, 51.97706 ], [ 5.15914, 51.97713 ], [ 5.1594, 51.97713 ], [ 5.1596, 51.97711 ], [ 5.15963, 51.97458 ], [ 5.15965, 51.97372 ], [ 5.15904, 51.9737 ], [ 5.15902, 51.97351 ], [ 5.15897, 51.9734 ], [ 5.15886, 51.97331 ], [ 5.1587, 51.97328 ], [ 5.15791, 51.97324 ], [ 5.15773, 51.97319 ], [ 5.15776, 51.97308 ], [ 5.15776, 51.97294 ], [ 5.15772, 51.97282 ], [ 5.15759, 51.97273 ], [ 5.15744, 51.97266 ], [ 5.15723, 51.97263 ], [ 5.15703, 51.97264 ], [ 5.15687, 51.97267 ], [ 5.15672, 51.97275 ], [ 5.15663, 51.97285 ], [ 5.15657, 51.97297 ], [ 5.15658, 51.97328 ], [ 5.15675, 51.97334 ], [ 5.15676, 51.97349 ], [ 5.15673, 51.97372 ], [ 5.15663, 51.9737 ], [ 5.15654, 51.97371 ], [ 5.15642, 51.97377 ], [ 5.15594, 51.97437 ], [ 5.15521, 51.97459 ], [ 5.15459, 51.97546 ], [ 5.15459, 51.97556 ], [ 5.15477, 51.9756 ], [ 5.15506, 51.97571 ], [ 5.15557, 51.97592 ], [ 5.15576, 51.97596 ], [ 5.15616, 51.97597 ], [ 5.15665, 51.97584 ], [ 5.158, 51.97583 ], [ 5.15858, 51.97668 ], [ 5.15869, 51.97701 ], [ 5.15879, 51.97861 ], [ 5.15871, 51.97923 ], [ 5.15873, 51.97954 ], [ 5.15898, 51.97993 ], [ 5.15903, 51.98017 ], [ 5.15931, 51.98256 ], [ 5.1596, 51.98476 ], [ 5.15893, 51.98482 ], [ 5.15878, 51.98486 ], [ 5.15866, 51.98496 ], [ 5.15857, 51.98512 ], [ 5.15854, 51.98535 ], [ 5.15862, 51.98585 ], [ 5.15868, 51.98612 ], [ 5.15877, 51.98625 ], [ 5.16039, 51.98691 ], [ 5.16055, 51.98673 ], [ 5.16067, 51.98654 ], [ 5.16076, 51.98633 ], [ 5.16082, 51.98614 ], [ 5.16084, 51.98588 ], [ 5.16077, 51.98541 ], [ 5.16031, 51.97714 ], [ 5.1607, 51.97715 ], [ 5.16031, 51.97714 ], [ 5.15998, 51.97717 ], [ 5.15961, 51.97725 ], [ 5.15998, 51.97717 ], [ 5.16031, 51.97714 ], [ 5.1607, 51.97715 ], [ 5.16031, 51.97714 ], [ 5.1607, 51.97715 ], [ 5.16095, 51.97718 ], [ 5.16108, 51.97724 ], [ 5.16108, 51.97724 ], [ 5.16095, 51.97718 ], [ 5.1607, 51.97715 ], [ 5.16108, 51.97724 ], [ 5.1612, 51.9774 ], [ 5.16131, 51.97748 ], [ 5.16149, 51.97744 ], [ 5.162, 51.97708 ], [ 5.16203, 51.977 ], [ 5.16203, 51.9769 ], [ 5.16158, 51.97675 ], [ 5.16149, 51.97682 ], [ 5.16151, 51.97685 ], [ 5.16149, 51.97744 ], [ 5.16149, 51.97744 ], [ 5.16143, 51.97748 ], [ 5.16131, 51.97748 ], [ 5.1612, 51.97739 ], [ 5.16108, 51.97724 ], [ 5.16131, 51.97748 ], [ 5.16143, 51.97748 ], [ 5.16143, 51.97748 ], [ 5.16149, 51.97744 ], [ 5.16077, 51.98541 ], [ 5.16042, 51.98348 ], [ 5.16015, 51.98186 ], [ 5.16001, 51.98088 ], [ 5.15969, 51.97805 ], [ 5.15956, 51.97661 ], [ 5.1595, 51.97563 ], [ 5.1596, 51.9754 ], [ 5.15963, 51.97458 ], [ 5.16077, 51.98541 ], [ 5.16099, 51.9854 ], [ 5.16134, 51.9855 ], [ 5.16134, 51.9855 ], [ 5.16099, 51.9854 ], [ 5.16077, 51.98541 ], [ 5.16134, 51.9855 ], [ 5.16294, 51.98597 ], [ 5.16294, 51.98597 ], [ 5.16134, 51.9855 ], [ 5.16294, 51.98597 ], [ 5.16436, 51.9864 ], [ 5.16514, 51.9864 ], [ 5.16596, 51.98653 ], [ 5.16514, 51.9864 ], [ 5.16514, 51.98659 ], [ 5.16436, 51.9864 ], [ 5.16294, 51.98597 ], [ 5.16436, 51.9864 ], [ 5.16514, 51.98663 ], [ 5.16514, 51.98659 ], [ 5.16596, 51.98653 ], [ 5.16514, 51.9864 ], [ 5.16596, 51.98653 ], [ 5.16636, 51.9866 ], [ 5.16514, 51.98659 ], [ 5.16514, 51.9864 ], [ 5.16514, 51.98659 ], [ 5.16514, 51.98663 ], [ 5.16436, 51.9864 ], [ 5.16636, 51.9866 ], [ 5.16596, 51.98653 ], [ 5.16636, 51.9866 ], [ 5.16785, 51.98679 ], [ 5.17, 51.98611 ], [ 5.17007, 51.98597 ], [ 5.16768, 51.98469 ], [ 5.16716, 51.98508 ], [ 5.16579, 51.9851 ], [ 5.16636, 51.9866 ] ] } },
{ "type": "Feature", "properties": { "klompenpad_naam": "Vuylcoppad", "url": "https://klompenpaden.nl/klompenpaden/Vuylcoppad/76a32ead-ce84-4779-9ed0-ef59d6537069", "date": null }, "geometry": { "type": "LineString", "coordinates": [ [ 5.19315, 51.99167 ], [ 5.19238, 51.99192 ], [ 5.19208, 51.99216 ], [ 5.19171, 51.99216 ], [ 5.18853, 51.99319 ], [ 5.18836, 51.99308 ], [ 5.18499, 51.99404 ], [ 5.18385, 51.9944 ], [ 5.18347, 51.99411 ], [ 5.17949, 51.99184 ], [ 5.17828, 51.99118 ], [ 5.17227, 51.98779 ], [ 5.17069, 51.98688 ], [ 5.16962, 51.98625 ], [ 5.16787, 51.9868 ], [ 5.16522, 51.98644 ], [ 5.16522, 51.98658 ], [ 5.16501, 51.98655 ], [ 5.16074, 51.9853 ], [ 5.16084, 51.98601 ], [ 5.16077, 51.98634 ], [ 5.16066, 51.98655 ], [ 5.16037, 51.98692 ], [ 5.16003, 51.98676 ], [ 5.15972, 51.98711 ], [ 5.15964, 51.98731 ], [ 5.15978, 51.98837 ], [ 5.15983, 51.98894 ], [ 5.16012, 51.99115 ], [ 5.1602, 51.99196 ], [ 5.16027, 51.99237 ], [ 5.16073, 51.99649 ], [ 5.16091, 51.99784 ], [ 5.16107, 51.99925 ], [ 5.15927, 51.99996 ], [ 5.15836, 52.00036 ], [ 5.15733, 52.00109 ], [ 5.15685, 52.00148 ], [ 5.1563, 52.00173 ], [ 5.1555, 52.00217 ], [ 5.15499, 52.00178 ], [ 5.15269, 52.00301 ], [ 5.15377, 52.00376 ], [ 5.15425, 52.00406 ], [ 5.15478, 52.00487 ], [ 5.15549, 52.00522 ], [ 5.16729, 52.00037 ], [ 5.17155, 51.9986 ], [ 5.17428, 51.99753 ], [ 5.17546, 51.99703 ], [ 5.17746, 51.99644 ], [ 5.17731, 51.99632 ], [ 5.18268, 51.99474 ], [ 5.18514, 51.994 ], [ 5.18827, 51.9931 ], [ 5.18833, 51.99309 ], [ 5.18839, 51.9931 ], [ 5.1885, 51.99317 ], [ 5.18857, 51.99318 ], [ 5.19168, 51.99217 ], [ 5.1921, 51.99214 ], [ 5.19234, 51.99195 ], [ 5.19244, 51.9919 ], [ 5.19315, 51.99167 ] ] } },
{ "type": "Feature", "properties": { "klompenpad_naam": "Lint-en-Liniepad", "url": "https://klompenpaden.nl/klompenpaden/Lint-en-Liniepad/124f1a46-5927-4ff0-aa3b-481bb809b119", "date": null }, "geometry": { "type": "LineString", "coordinates": [ [ 5.19314, 51.99167 ], [ 5.19238, 51.99192 ], [ 5.19208, 51.99216 ], [ 5.19171, 51.99216 ], [ 5.18853, 51.99319 ], [ 5.18836, 51.99308 ], [ 5.18499, 51.99404 ], [ 5.18408, 51.99433 ], [ 5.18383, 51.99439 ], [ 5.18347, 51.99411 ], [ 5.18318, 51.99394 ], [ 5.1796, 51.9919 ], [ 5.17805, 51.99105 ], [ 5.17693, 51.9904 ], [ 5.17101, 51.98707 ], [ 5.16962, 51.98625 ], [ 5.16787, 51.9868 ], [ 5.16522, 51.98644 ], [ 5.16522, 51.98658 ], [ 5.16497, 51.98655 ], [ 5.16351, 51.98609 ], [ 5.16074, 51.9853 ], [ 5.16029, 51.98268 ], [ 5.15997, 51.98057 ], [ 5.15969, 51.97813 ], [ 5.1596, 51.97711 ], [ 5.15926, 51.97711 ], [ 5.1587, 51.97702 ], [ 5.15857, 51.97661 ], [ 5.15829, 51.97623 ], [ 5.15803, 51.97582 ], [ 5.15667, 51.97583 ], [ 5.15619, 51.97596 ], [ 5.15574, 51.97596 ], [ 5.15558, 51.97592 ], [ 5.15458, 51.97552 ], [ 5.1546, 51.97542 ], [ 5.15488, 51.97503 ], [ 5.15517, 51.97465 ], [ 5.15525, 51.97457 ], [ 5.15591, 51.97437 ], [ 5.15597, 51.97432 ], [ 5.15624, 51.97399 ], [ 5.15648, 51.97365 ], [ 5.15659, 51.97344 ], [ 5.15659, 51.97297 ], [ 5.15665, 51.97283 ], [ 5.15674, 51.97274 ], [ 5.15688, 51.97267 ], [ 5.15722, 51.97262 ], [ 5.15739, 51.97264 ], [ 5.15755, 51.97271 ], [ 5.1577, 51.97283 ], [ 5.15775, 51.97294 ], [ 5.15775, 51.97305 ], [ 5.15798, 51.97328 ], [ 5.15902, 51.97333 ], [ 5.15911, 51.97329 ], [ 5.15919, 51.97316 ], [ 5.15956, 51.97314 ], [ 5.16003, 51.97314 ], [ 5.16118, 51.97325 ], [ 5.162, 51.9733 ], [ 5.16251, 51.9733 ], [ 5.16285, 51.97329 ], [ 5.16329, 51.97323 ], [ 5.16398, 51.97303 ], [ 5.16456, 51.97279 ], [ 5.16532, 51.97242 ], [ 5.16583, 51.97213 ], [ 5.16606, 51.97203 ], [ 5.16648, 51.97194 ], [ 5.16701, 51.97189 ], [ 5.16874, 51.97183 ], [ 5.16923, 51.97179 ], [ 5.16976, 51.97173 ], [ 5.1712, 51.97133 ], [ 5.17176, 51.97116 ], [ 5.17209, 51.97108 ], [ 5.17376, 51.97091 ], [ 5.17436, 51.97081 ], [ 5.18057, 51.96995 ], [ 5.18174, 51.96958 ], [ 5.18277, 51.96923 ], [ 5.18283, 51.96931 ], [ 5.18287, 51.96945 ], [ 5.18286, 51.96952 ], [ 5.18243, 51.9697 ], [ 5.18237, 51.96974 ], [ 5.18234, 51.9698 ], [ 5.18234, 51.96987 ], [ 5.18251, 51.96987 ], [ 5.18265, 51.96991 ], [ 5.1828, 51.96999 ], [ 5.18293, 51.9701 ], [ 5.18315, 51.97031 ], [ 5.18366, 51.97009 ], [ 5.18387, 51.97003 ], [ 5.18404, 51.96999 ], [ 5.18437, 51.97002 ], [ 5.18464, 51.97011 ], [ 5.18476, 51.97021 ], [ 5.18493, 51.97042 ], [ 5.18499, 51.97055 ], [ 5.185, 51.97098 ], [ 5.18493, 51.97116 ], [ 5.18492, 51.97127 ], [ 5.18488, 51.97137 ], [ 5.18487, 51.97149 ], [ 5.18471, 51.97158 ], [ 5.18451, 51.97164 ], [ 5.18446, 51.97173 ], [ 5.18444, 51.97184 ], [ 5.18458, 51.97231 ], [ 5.18468, 51.97286 ], [ 5.1847, 51.97354 ], [ 5.18479, 51.97458 ], [ 5.18473, 51.97495 ], [ 5.18463, 51.97513 ], [ 5.18526, 51.97556 ], [ 5.18592, 51.97598 ], [ 5.18649, 51.97631 ], [ 5.18707, 51.9766 ], [ 5.18808, 51.97716 ], [ 5.18884, 51.97729 ], [ 5.18927, 51.97754 ], [ 5.18978, 51.9778 ], [ 5.19022, 51.9778 ], [ 5.1935, 51.97953 ], [ 5.19397, 51.97979 ], [ 5.19515, 51.98072 ], [ 5.19518, 51.98087 ], [ 5.19511, 51.9811 ], [ 5.19499, 51.98146 ], [ 5.1947, 51.9822 ], [ 5.1945, 51.98277 ], [ 5.19448, 51.98293 ], [ 5.19422, 51.98358 ], [ 5.19392, 51.98448 ], [ 5.19384, 51.98465 ], [ 5.19367, 51.98515 ], [ 5.19358, 51.98528 ], [ 5.19342, 51.98546 ], [ 5.19329, 51.98587 ], [ 5.19253, 51.98802 ], [ 5.1924, 51.98836 ], [ 5.19179, 51.99009 ], [ 5.19132, 51.99137 ], [ 5.19112, 51.99199 ], [ 5.19089, 51.99205 ], [ 5.1909, 51.99215 ], [ 5.19109, 51.99237 ], [ 5.19161, 51.99219 ], [ 5.19179, 51.99216 ], [ 5.19203, 51.99216 ], [ 5.19212, 51.99213 ], [ 5.19234, 51.99195 ], [ 5.19244, 51.9919 ], [ 5.19315, 51.99167 ] ] } },
{ "type": "Feature", "properties": { "klompenpad_naam": "Cotlandenpad", "url": "https://klompenpaden.nl/klompenpaden/Cotlandenpad/4bee35d5-9d72-4735-aa83-f5309d6d9f49", "date": null }, "geometry": { "type": "LineString", "coordinates": [ [ 5.47399, 51.99823 ], [ 5.47357, 51.99878 ], [ 5.47316, 51.99928 ], [ 5.47274, 51.9996 ], [ 5.47124, 51.99903 ], [ 5.47053, 51.9987 ], [ 5.47021, 51.99858 ], [ 5.46995, 51.99849 ], [ 5.46962, 51.99841 ], [ 5.46939, 51.99839 ], [ 5.4673, 51.99846 ], [ 5.46708, 51.99847 ], [ 5.46672, 51.99853 ], [ 5.4666, 51.99829 ], [ 5.46647, 51.99819 ], [ 5.46031, 51.99617 ], [ 5.46117, 51.99413 ], [ 5.46117, 51.99407 ], [ 5.46115, 51.99402 ], [ 5.46099, 51.994 ], [ 5.46007, 51.99397 ], [ 5.45726, 51.99381 ], [ 5.45646, 51.99541 ], [ 5.45583, 51.99662 ], [ 5.45555, 51.99664 ], [ 5.4556, 51.99711 ], [ 5.45548, 51.99717 ], [ 5.45379, 51.99783 ], [ 5.45362, 51.99793 ], [ 5.45254, 51.99872 ], [ 5.45233, 51.99884 ], [ 5.45153, 51.99905 ], [ 5.45003, 51.99919 ], [ 5.44698, 51.99711 ], [ 5.44651, 51.99738 ], [ 5.44457, 51.99841 ], [ 5.44363, 51.99895 ], [ 5.4435, 51.99888 ], [ 5.4432, 51.99878 ], [ 5.44295, 51.99876 ], [ 5.43843, 51.99759 ], [ 5.43797, 51.99801 ], [ 5.43471, 51.99715 ], [ 5.43415, 51.99776 ], [ 5.43345, 51.99754 ], [ 5.43552, 51.99559 ], [ 5.43677, 51.99434 ], [ 5.43779, 51.99337 ], [ 5.43736, 51.99319 ], [ 5.43693, 51.99319 ], [ 5.43596, 51.99277 ], [ 5.43534, 51.99332 ], [ 5.43458, 51.99304 ], [ 5.43294, 51.99478 ], [ 5.42714, 51.99293 ], [ 5.42695, 51.9929 ], [ 5.42672, 51.99293 ], [ 5.42653, 51.99305 ], [ 5.42629, 51.99312 ], [ 5.42608, 51.99314 ], [ 5.42578, 51.9931 ], [ 5.42523, 51.99292 ], [ 5.42302, 51.99215 ], [ 5.42127, 51.99406 ], [ 5.42132, 51.99414 ], [ 5.42442, 51.99531 ], [ 5.4241, 51.99566 ], [ 5.42418, 51.99578 ], [ 5.42747, 51.99701 ], [ 5.42351, 52.00131 ], [ 5.42595, 52.00265 ], [ 5.42651, 52.00294 ], [ 5.42668, 52.00293 ], [ 5.42711, 52.00312 ], [ 5.42727, 52.00314 ], [ 5.42745, 52.00315 ], [ 5.42762, 52.00292 ], [ 5.43164, 51.9992 ], [ 5.43494, 52.00004 ], [ 5.43912, 52.00112 ], [ 5.43935, 52.00119 ], [ 5.43955, 52.00136 ], [ 5.43986, 52.00153 ], [ 5.43923, 52.00205 ], [ 5.44065, 52.00285 ], [ 5.44204, 52.00369 ], [ 5.44391, 52.0025 ], [ 5.44551, 52.00145 ], [ 5.44607, 52.0011 ], [ 5.4467, 52.00066 ], [ 5.44808, 51.99995 ], [ 5.44889, 51.99955 ], [ 5.45003, 51.9992 ], [ 5.45154, 51.99905 ], [ 5.45177, 51.99901 ], [ 5.45233, 51.99884 ], [ 5.45255, 51.99871 ], [ 5.45363, 51.99792 ], [ 5.45379, 51.99782 ], [ 5.45549, 51.99717 ], [ 5.4556, 51.99711 ], [ 5.45555, 51.99664 ], [ 5.45584, 51.99662 ], [ 5.45618, 51.99665 ], [ 5.45881, 51.99724 ], [ 5.46001, 51.99748 ], [ 5.46044, 51.99759 ], [ 5.46065, 51.99766 ], [ 5.461, 51.99772 ], [ 5.46127, 51.99773 ], [ 5.46155, 51.99776 ], [ 5.46211, 51.99799 ], [ 5.46237, 51.99811 ], [ 5.46277, 51.99833 ], [ 5.46295, 51.9984 ], [ 5.46316, 51.99846 ], [ 5.46348, 51.99852 ], [ 5.46381, 51.99858 ], [ 5.46428, 51.99863 ], [ 5.46496, 51.99866 ], [ 5.46561, 51.99864 ], [ 5.46621, 51.9986 ], [ 5.46709, 51.99847 ], [ 5.46871, 51.99841 ], [ 5.46905, 51.99829 ], [ 5.47094, 51.99771 ], [ 5.47117, 51.99802 ], [ 5.47154, 51.99805 ], [ 5.47202, 51.99782 ], [ 5.47234, 51.99801 ], [ 5.47254, 51.99801 ], [ 5.47274, 51.99796 ], [ 5.47286, 51.99789 ], [ 5.474, 51.99823 ] ] } },
{ "type": "Feature", "properties": { "klompenpad_naam": "Hartensepad", "url": "https://klompenpaden.nl/klompenpaden/Hartensepad/870286f7-2dff-4e1b-8b5e-7ab2b64c230b", "date": null }, "geometry": { "type": "LineString", "coordinates": [ [ 5.73046, 51.98656 ], [ 5.73117, 51.98604 ], [ 5.73157, 51.98596 ], [ 5.73215, 51.98609 ], [ 5.7327, 51.98612 ], [ 5.73305, 51.98626 ], [ 5.73358, 51.98626 ], [ 5.73393, 51.98644 ], [ 5.73436, 51.9868 ], [ 5.73463, 51.98684 ], [ 5.73475, 51.98679 ], [ 5.735, 51.98675 ], [ 5.73535, 51.98679 ], [ 5.73542, 51.98673 ], [ 5.73592, 51.98663 ], [ 5.73632, 51.98658 ], [ 5.73631, 51.98629 ], [ 5.73607, 51.98529 ], [ 5.73597, 51.98518 ], [ 5.73535, 51.98487 ], [ 5.73518, 51.98471 ], [ 5.73505, 51.98467 ], [ 5.73476, 51.98467 ], [ 5.73455, 51.98477 ], [ 5.73441, 51.98477 ], [ 5.73423, 51.98472 ], [ 5.73387, 51.98485 ], [ 5.73361, 51.98486 ], [ 5.73314, 51.98483 ], [ 5.73271, 51.98488 ], [ 5.73211, 51.98487 ], [ 5.73203, 51.98476 ], [ 5.73193, 51.98472 ], [ 5.73143, 51.98478 ], [ 5.73098, 51.98487 ], [ 5.73077, 51.98485 ], [ 5.73053, 51.98476 ], [ 5.73051, 51.98467 ], [ 5.73028, 51.98451 ], [ 5.73004, 51.98417 ], [ 5.72986, 51.98405 ], [ 5.72956, 51.98401 ], [ 5.72931, 51.98391 ], [ 5.72917, 51.98378 ], [ 5.72912, 51.98355 ], [ 5.72913, 51.98341 ], [ 5.72923, 51.98324 ], [ 5.72947, 51.98296 ], [ 5.72949, 51.98271 ], [ 5.72944, 51.9825 ], [ 5.72917, 51.9818 ], [ 5.72911, 51.98152 ], [ 5.72899, 51.98127 ], [ 5.72875, 51.98095 ], [ 5.72823, 51.98038 ], [ 5.72802, 51.9801 ], [ 5.72777, 51.9798 ], [ 5.72747, 51.97958 ], [ 5.72723, 51.97936 ], [ 5.72685, 51.97916 ], [ 5.72655, 51.97913 ], [ 5.72614, 51.97898 ], [ 5.72546, 51.97867 ], [ 5.72526, 51.9786 ], [ 5.72485, 51.97858 ], [ 5.72415, 51.9787 ], [ 5.72404, 51.9786 ], [ 5.72393, 51.97816 ], [ 5.72375, 51.97769 ], [ 5.7238, 51.97753 ], [ 5.72377, 51.97738 ], [ 5.72329, 51.97685 ], [ 5.72298, 51.97655 ], [ 5.72263, 51.9762 ], [ 5.72216, 51.97561 ], [ 5.72151, 51.97389 ], [ 5.72044, 51.97186 ], [ 5.7203, 51.97166 ], [ 5.72051, 51.9716 ], [ 5.72042, 51.97128 ], [ 5.72038, 51.97086 ], [ 5.72052, 51.97063 ], [ 5.72098, 51.97039 ], [ 5.72163, 51.97034 ], [ 5.72162, 51.97011 ], [ 5.72184, 51.96969 ], [ 5.72022, 51.96918 ], [ 5.72, 51.96896 ], [ 5.71984, 51.96884 ], [ 5.71937, 51.96871 ], [ 5.71878, 51.9686 ], [ 5.71819, 51.96855 ], [ 5.71745, 51.96847 ], [ 5.71746, 51.96782 ], [ 5.71737, 51.9672 ], [ 5.71728, 51.9662 ], [ 5.71708, 51.96605 ], [ 5.7164, 51.96586 ], [ 5.71542, 51.96565 ], [ 5.71502, 51.9656 ], [ 5.71463, 51.96565 ], [ 5.71389, 51.96555 ], [ 5.71354, 51.96559 ], [ 5.71313, 51.96552 ], [ 5.7127, 51.96541 ], [ 5.7122, 51.96537 ], [ 5.71213, 51.96586 ], [ 5.71186, 51.9668 ], [ 5.71133, 51.96737 ], [ 5.7115, 51.96754 ], [ 5.7116, 51.96774 ], [ 5.71181, 51.96782 ], [ 5.71187, 51.96806 ], [ 5.71212, 51.96817 ], [ 5.71279, 51.96917 ], [ 5.71371, 51.97039 ], [ 5.71467, 51.97174 ], [ 5.71473, 51.97199 ], [ 5.71449, 51.9722 ], [ 5.71409, 51.97237 ], [ 5.71394, 51.97276 ], [ 5.71387, 51.97325 ], [ 5.71393, 51.9736 ], [ 5.71412, 51.97401 ], [ 5.71405, 51.97418 ], [ 5.71359, 51.97434 ], [ 5.71272, 51.9746 ], [ 5.71153, 51.97492 ], [ 5.7109, 51.97514 ], [ 5.71074, 51.97522 ], [ 5.71102, 51.97569 ], [ 5.71161, 51.97662 ], [ 5.71165, 51.97674 ], [ 5.71185, 51.97673 ], [ 5.71272, 51.97713 ], [ 5.71324, 51.97744 ], [ 5.71351, 51.97773 ], [ 5.71401, 51.97805 ], [ 5.71428, 51.97833 ], [ 5.71494, 51.97798 ], [ 5.71554, 51.97775 ], [ 5.71559, 51.97771 ], [ 5.71591, 51.97784 ], [ 5.71641, 51.9778 ], [ 5.71771, 51.97744 ], [ 5.71878, 51.9772 ], [ 5.71892, 51.97728 ], [ 5.71987, 51.97703 ], [ 5.72022, 51.97715 ], [ 5.72189, 51.97885 ], [ 5.7224, 51.9794 ], [ 5.72262, 51.97959 ], [ 5.72324, 51.97957 ], [ 5.72378, 51.97954 ], [ 5.72415, 51.97979 ], [ 5.72352, 51.98017 ], [ 5.72363, 51.9803 ], [ 5.72275, 51.98095 ], [ 5.7233, 51.98132 ], [ 5.72402, 51.98185 ], [ 5.72456, 51.98229 ], [ 5.72493, 51.98256 ], [ 5.72559, 51.98248 ], [ 5.7257, 51.9824 ], [ 5.72596, 51.98253 ], [ 5.72609, 51.98271 ], [ 5.72636, 51.98281 ], [ 5.72646, 51.98294 ], [ 5.72675, 51.98382 ], [ 5.72686, 51.98439 ], [ 5.7268, 51.98479 ], [ 5.7268, 51.9851 ], [ 5.72721, 51.9856 ], [ 5.72725, 51.98601 ], [ 5.72708, 51.98625 ], [ 5.72686, 51.98651 ], [ 5.72702, 51.98669 ], [ 5.72703, 51.98685 ], [ 5.72583, 51.98695 ], [ 5.72631, 51.98762 ], [ 5.72661, 51.98799 ], [ 5.72684, 51.98819 ], [ 5.72709, 51.98847 ], [ 5.72772, 51.98925 ], [ 5.72812, 51.99021 ], [ 5.72793, 51.99055 ], [ 5.72818, 51.99143 ], [ 5.72843, 51.99223 ], [ 5.7287, 51.9925 ], [ 5.72791, 51.99269 ], [ 5.72726, 51.9928 ], [ 5.72486, 51.99303 ], [ 5.72482, 51.99361 ], [ 5.7249, 51.99421 ], [ 5.72526, 51.99427 ], [ 5.72564, 51.99435 ], [ 5.72592, 51.9945 ], [ 5.72624, 51.99477 ], [ 5.72652, 51.99474 ], [ 5.72663, 51.99482 ], [ 5.72665, 51.99495 ], [ 5.72656, 51.99525 ], [ 5.72347, 51.99568 ], [ 5.72388, 51.99582 ], [ 5.72465, 51.99625 ], [ 5.72695, 51.99776 ], [ 5.72766, 51.99827 ], [ 5.72859, 51.9989 ], [ 5.72927, 51.99932 ], [ 5.72947, 51.99963 ], [ 5.7297, 52.00072 ], [ 5.73197, 52.00077 ], [ 5.73261, 52.00077 ], [ 5.73281, 52.00087 ], [ 5.73299, 52.00133 ], [ 5.7332, 52.00174 ], [ 5.73356, 52.002 ], [ 5.73378, 52.00211 ], [ 5.73421, 52.00219 ], [ 5.73446, 52.00207 ], [ 5.73483, 52.00193 ], [ 5.73519, 52.00186 ], [ 5.73527, 52.00237 ], [ 5.73511, 52.00272 ], [ 5.73485, 52.00287 ], [ 5.73458, 52.00291 ], [ 5.73428, 52.00291 ], [ 5.73381, 52.00303 ], [ 5.73357, 52.00334 ], [ 5.73337, 52.00376 ], [ 5.73311, 52.00389 ], [ 5.73298, 52.00412 ], [ 5.73273, 52.00438 ], [ 5.73243, 52.00454 ], [ 5.7317, 52.00497 ], [ 5.73208, 52.00514 ], [ 5.73234, 52.00538 ], [ 5.73254, 52.0061 ], [ 5.73278, 52.00613 ], [ 5.73333, 52.00611 ], [ 5.73371, 52.00623 ], [ 5.73381, 52.0064 ], [ 5.73384, 52.00661 ], [ 5.73402, 52.0069 ], [ 5.73413, 52.00697 ], [ 5.73471, 52.00694 ], [ 5.73484, 52.00697 ], [ 5.73509, 52.00693 ], [ 5.73511, 52.00689 ], [ 5.73497, 52.00676 ], [ 5.73447, 52.0065 ], [ 5.73432, 52.0064 ], [ 5.73429, 52.00623 ], [ 5.73462, 52.00582 ], [ 5.73489, 52.00544 ], [ 5.73497, 52.00513 ], [ 5.73508, 52.00453 ], [ 5.73519, 52.00423 ], [ 5.73542, 52.00401 ], [ 5.73557, 52.0037 ], [ 5.73575, 52.00321 ], [ 5.73604, 52.00314 ], [ 5.73639, 52.00322 ], [ 5.7366, 52.00323 ], [ 5.73682, 52.00314 ], [ 5.73749, 52.00309 ], [ 5.73798, 52.0024 ], [ 5.73813, 52.00222 ], [ 5.7383, 52.0018 ], [ 5.7386, 52.0008 ], [ 5.73896, 51.99979 ], [ 5.73958, 51.99779 ], [ 5.73719, 51.99747 ], [ 5.73588, 51.99755 ], [ 5.73514, 51.99753 ], [ 5.73489, 51.99712 ], [ 5.73484, 51.99619 ], [ 5.73472, 51.99588 ], [ 5.73437, 51.99568 ], [ 5.73413, 51.99558 ], [ 5.73395, 51.99542 ], [ 5.73378, 51.99497 ], [ 5.73361, 51.99471 ], [ 5.73323, 51.99431 ], [ 5.73307, 51.99403 ], [ 5.73323, 51.99336 ], [ 5.7332, 51.99292 ], [ 5.73319, 51.99223 ], [ 5.73281, 51.99155 ], [ 5.73238, 51.99084 ], [ 5.7316, 51.98907 ], [ 5.73146, 51.98885 ], [ 5.73121, 51.98866 ], [ 5.73074, 51.98836 ], [ 5.73051, 51.98818 ], [ 5.73019, 51.98787 ], [ 5.72988, 51.98769 ], [ 5.72958, 51.98746 ], [ 5.72953, 51.98723 ], [ 5.72959, 51.98702 ], [ 5.72982, 51.98691 ], [ 5.73019, 51.98688 ], [ 5.73039, 51.98662 ] ] } },
{ "type": "Feature", "properties": { "klompenpad_naam": "Staickheimerpad", "url": "https://klompenpaden.nl/klompenpaden/Staickheimerpad/64f48158-e18e-495d-a93a-96cf9385db88", "date": null }, "geometry": { "type": "LineString", "coordinates": [ [ 6.24383, 51.87205 ], [ 6.24019, 51.87369 ], [ 6.23992, 51.87385 ], [ 6.23799, 51.87358 ], [ 6.23767, 51.87468 ], [ 6.23773, 51.87491 ], [ 6.23804, 51.87531 ], [ 6.24383, 51.87205 ], [ 6.24382, 51.87201 ], [ 6.24265, 51.87175 ], [ 6.24148, 51.87187 ], [ 6.23979, 51.87124 ], [ 6.23916, 51.87107 ], [ 6.23897, 51.87121 ], [ 6.23776, 51.87186 ], [ 6.23625, 51.87169 ], [ 6.23611, 51.87172 ], [ 6.23603, 51.87179 ], [ 6.23599, 51.87188 ], [ 6.23609, 51.87234 ], [ 6.23545, 51.87248 ], [ 6.23304, 51.87204 ], [ 6.23243, 51.8719 ], [ 6.23201, 51.87198 ], [ 6.23172, 51.87229 ], [ 6.2316, 51.87263 ], [ 6.23278, 51.87282 ], [ 6.23247, 51.87537 ], [ 6.23212, 51.87675 ], [ 6.23115, 51.87653 ], [ 6.23098, 51.87671 ], [ 6.23102, 51.87672 ], [ 6.23085, 51.87693 ], [ 6.23066, 51.87698 ], [ 6.22916, 51.87705 ], [ 6.22863, 51.87713 ], [ 6.22793, 51.87715 ], [ 6.2278, 51.87714 ], [ 6.22767, 51.87707 ], [ 6.22648, 51.87596 ], [ 6.22607, 51.87565 ], [ 6.22602, 51.87553 ], [ 6.22443, 51.87557 ], [ 6.22381, 51.87565 ], [ 6.22278, 51.876 ], [ 6.22227, 51.87619 ], [ 6.22186, 51.87632 ], [ 6.22141, 51.87643 ], [ 6.22115, 51.87652 ], [ 6.22105, 51.8765 ], [ 6.22104, 51.87648 ], [ 6.22103, 51.87588 ], [ 6.22106, 51.87579 ], [ 6.22111, 51.87534 ], [ 6.22109, 51.8752 ], [ 6.22112, 51.87488 ], [ 6.22116, 51.87483 ], [ 6.22116, 51.87454 ], [ 6.2212, 51.87443 ], [ 6.22121, 51.87427 ], [ 6.22125, 51.87417 ], [ 6.22127, 51.87414 ], [ 6.22125, 51.87393 ], [ 6.22126, 51.87386 ], [ 6.22122, 51.87382 ], [ 6.21969, 51.87374 ], [ 6.24395, 51.87205 ], [ 6.24383, 51.87205 ], [ 6.24383, 51.87207 ], [ 6.24383, 51.87205 ], [ 6.20413, 51.87238 ], [ 6.20401, 51.87236 ], [ 6.20386, 51.8724 ], [ 6.20299, 51.87301 ], [ 6.2028, 51.87319 ], [ 6.20114, 51.87384 ], [ 6.20068, 51.87414 ], [ 6.20046, 51.87424 ], [ 6.20035, 51.87434 ], [ 6.20037, 51.87447 ], [ 6.20044, 51.87458 ], [ 6.20046, 51.87468 ], [ 6.19995, 51.87675 ], [ 6.20028, 51.87702 ], [ 6.20141, 51.8772 ], [ 6.20273, 51.87725 ], [ 6.20413, 51.87239 ], [ 6.20413, 51.87238 ], [ 6.2063, 51.87278 ], [ 6.2063, 51.87278 ], [ 6.2063, 51.87278 ], [ 6.20627, 51.87283 ], [ 6.2062, 51.87288 ], [ 6.2062, 51.87288 ], [ 6.2062, 51.87288 ], [ 6.2062, 51.87288 ], [ 6.20617, 51.87293 ], [ 6.206, 51.87308 ], [ 6.20582, 51.87306 ], [ 6.20579, 51.87302 ], [ 6.20461, 51.87262 ], [ 6.20413, 51.87238 ], [ 6.21769, 51.87353 ], [ 6.21769, 51.87353 ], [ 6.21769, 51.87353 ], [ 6.21752, 51.87355 ], [ 6.21704, 51.87337 ], [ 6.21696, 51.87332 ], [ 6.21105, 51.87109 ], [ 6.21036, 51.87169 ], [ 6.20959, 51.87143 ], [ 6.20823, 51.87279 ], [ 6.20814, 51.87278 ], [ 6.20734, 51.87243 ], [ 6.20653, 51.87216 ], [ 6.20641, 51.8723 ], [ 6.20637, 51.87243 ], [ 6.20606, 51.87254 ], [ 6.20596, 51.87265 ], [ 6.20618, 51.87274 ], [ 6.2063, 51.87278 ], [ 6.21969, 51.87374 ], [ 6.21769, 51.87353 ], [ 6.2197, 51.87374 ], [ 6.21969, 51.87374 ], [ 6.23804, 51.87531 ], [ 6.23808, 51.87531 ], [ 6.23246, 51.87537 ], [ 6.23245, 51.87537 ], [ 6.20272, 51.87723 ], [ 6.20429, 51.87726 ], [ 6.20429, 51.87726 ], [ 6.20429, 51.87726 ], [ 6.20429, 51.87726 ], [ 6.20428, 51.87729 ], [ 6.20417, 51.87735 ], [ 6.20377, 51.87754 ], [ 6.2034, 51.87755 ], [ 6.20303, 51.87773 ], [ 6.20292, 51.87775 ], [ 6.2028, 51.87786 ], [ 6.2026, 51.87797 ], [ 6.20189, 51.87822 ], [ 6.20186, 51.87825 ], [ 6.20185, 51.87833 ], [ 6.20169, 51.87838 ], [ 6.20161, 51.87838 ], [ 6.20002, 51.87788 ], [ 6.19997, 51.87789 ], [ 6.19975, 51.87801 ], [ 6.19979, 51.87808 ], [ 6.19979, 51.87815 ], [ 6.19823, 51.87829 ], [ 6.19823, 51.87829 ], [ 6.19823, 51.87829 ], [ 6.19823, 51.87829 ], [ 6.1981, 51.87828 ], [ 6.19671, 51.87837 ], [ 6.19649, 51.87837 ], [ 6.19584, 51.87841 ], [ 6.19559, 51.87845 ], [ 6.19532, 51.87852 ], [ 6.19527, 51.87856 ], [ 6.19528, 51.87857 ], [ 6.19525, 51.87863 ], [ 6.19511, 51.87878 ], [ 6.19498, 51.87884 ], [ 6.1938, 51.87923 ], [ 6.19362, 51.87923 ], [ 6.19343, 51.87916 ], [ 6.193, 51.87906 ], [ 6.19288, 51.8791 ], [ 6.19283, 51.87932 ], [ 6.19275, 51.87937 ], [ 6.19251, 51.87938 ], [ 6.19189, 51.87899 ], [ 6.19158, 51.87887 ], [ 6.1915, 51.87887 ], [ 6.19137, 51.8789 ], [ 6.19136, 51.87894 ], [ 6.1914, 51.879 ], [ 6.19149, 51.87909 ], [ 6.19154, 51.8791 ], [ 6.19159, 51.87916 ], [ 6.19213, 51.87936 ], [ 6.19236, 51.87952 ], [ 6.19256, 51.87968 ], [ 6.19262, 51.87967 ], [ 6.19279, 51.87982 ], [ 6.19283, 51.87999 ], [ 6.19287, 51.88006 ], [ 6.19293, 51.88008 ], [ 6.19336, 51.88015 ], [ 6.19355, 51.88029 ], [ 6.19359, 51.88035 ], [ 6.19359, 51.88035 ], [ 6.19359, 51.88035 ], [ 6.19359, 51.88035 ], [ 6.19351, 51.88043 ], [ 6.19341, 51.88058 ], [ 6.19327, 51.88096 ], [ 6.19323, 51.881 ], [ 6.19325, 51.88107 ], [ 6.19308, 51.88127 ], [ 6.193, 51.88141 ], [ 6.1929, 51.88154 ], [ 6.19281, 51.88161 ], [ 6.19276, 51.88173 ], [ 6.1924, 51.88192 ], [ 6.19198, 51.88196 ], [ 6.19188, 51.88201 ], [ 6.19178, 51.88214 ], [ 6.19169, 51.88229 ], [ 6.1916, 51.88235 ], [ 6.19144, 51.88252 ], [ 6.19135, 51.88258 ], [ 6.19116, 51.8828 ], [ 6.19101, 51.88311 ], [ 6.19093, 51.88322 ], [ 6.19074, 51.88358 ], [ 6.19067, 51.8839 ], [ 6.1907, 51.88407 ], [ 6.19073, 51.88419 ], [ 6.1907, 51.88439 ], [ 6.19072, 51.88449 ], [ 6.1907, 51.88462 ], [ 6.1908, 51.88486 ], [ 6.19081, 51.88497 ], [ 6.19085, 51.88501 ], [ 6.19085, 51.88514 ], [ 6.19119, 51.88549 ], [ 6.19148, 51.88536 ], [ 6.19222, 51.88521 ], [ 6.21736, 51.88137 ], [ 6.21736, 51.88137 ], [ 6.21736, 51.88137 ], [ 6.21742, 51.88143 ], [ 6.21779, 51.88157 ], [ 6.21794, 51.88151 ], [ 6.21818, 51.88134 ], [ 6.21826, 51.88126 ], [ 6.21851, 51.88109 ], [ 6.21871, 51.88091 ], [ 6.2193, 51.88068 ], [ 6.22025, 51.8808 ], [ 6.22096, 51.88077 ], [ 6.22121, 51.88087 ], [ 6.22143, 51.88102 ], [ 6.22223, 51.88132 ], [ 6.2231, 51.8818 ], [ 6.22395, 51.88231 ], [ 6.22421, 51.88252 ], [ 6.2244, 51.88278 ], [ 6.22463, 51.88325 ], [ 6.22476, 51.88397 ], [ 6.22515, 51.88498 ], [ 6.19916, 51.88365 ], [ 6.19916, 51.88365 ], [ 6.19916, 51.88365 ], [ 6.19975, 51.88367 ], [ 6.19998, 51.88373 ], [ 6.2003, 51.88387 ], [ 6.20179, 51.88422 ], [ 6.20219, 51.88433 ], [ 6.20243, 51.88436 ], [ 6.2024, 51.88441 ], [ 6.20238, 51.88453 ], [ 6.20243, 51.88461 ], [ 6.2024, 51.88469 ], [ 6.2024, 51.88485 ], [ 6.20241, 51.88489 ], [ 6.20237, 51.88509 ], [ 6.20237, 51.88524 ], [ 6.20247, 51.88537 ], [ 6.20241, 51.8856 ], [ 6.20247, 51.88576 ], [ 6.2026, 51.88576 ], [ 6.2027, 51.88574 ], [ 6.20495, 51.88559 ], [ 6.20527, 51.88555 ], [ 6.2056, 51.88555 ], [ 6.20714, 51.88537 ], [ 6.20731, 51.88529 ], [ 6.20737, 51.88523 ], [ 6.20783, 51.88498 ], [ 6.20797, 51.88507 ], [ 6.20805, 51.88509 ], [ 6.20825, 51.8852 ], [ 6.20825, 51.88521 ], [ 6.19733, 51.88382 ], [ 6.19733, 51.88382 ], [ 6.19733, 51.88382 ], [ 6.1974, 51.88378 ], [ 6.19745, 51.88372 ], [ 6.19799, 51.88382 ], [ 6.1981, 51.88385 ], [ 6.19831, 51.88389 ], [ 6.19836, 51.88392 ], [ 6.19845, 51.88392 ], [ 6.1986, 51.8838 ], [ 6.19871, 51.88376 ], [ 6.19878, 51.88372 ], [ 6.19893, 51.88366 ], [ 6.19916, 51.88365 ], [ 6.19222, 51.88521 ], [ 6.19251, 51.88511 ], [ 6.19298, 51.885 ], [ 6.19334, 51.88488 ], [ 6.19356, 51.88486 ], [ 6.19418, 51.88468 ], [ 6.19442, 51.88464 ], [ 6.19531, 51.88443 ], [ 6.19594, 51.8842 ], [ 6.19649, 51.88409 ], [ 6.19697, 51.88396 ], [ 6.19702, 51.88392 ], [ 6.19727, 51.88386 ], [ 6.19733, 51.88382 ], [ 6.19222, 51.88521 ], [ 6.19222, 51.88521 ], [ 6.22515, 51.88498 ], [ 6.22516, 51.88501 ], [ 6.22515, 51.88498 ], [ 6.22515, 51.88498 ], [ 6.22259, 51.88499 ], [ 6.22195, 51.88507 ], [ 6.22143, 51.88518 ], [ 6.22032, 51.88733 ], [ 6.2215, 51.88793 ], [ 6.22366, 51.88888 ], [ 6.2277, 51.89088 ], [ 6.22961, 51.89221 ], [ 6.23129, 51.89083 ], [ 6.23157, 51.89047 ], [ 6.23257, 51.88856 ], [ 6.23355, 51.88695 ], [ 6.23389, 51.88701 ], [ 6.23415, 51.8871 ], [ 6.23426, 51.88725 ], [ 6.23474, 51.88745 ], [ 6.2349, 51.88748 ], [ 6.23521, 51.88747 ], [ 6.2357, 51.8875 ], [ 6.23643, 51.88728 ], [ 6.23849, 51.88405 ], [ 6.23878, 51.88347 ], [ 6.23893, 51.88292 ], [ 6.23952, 51.88184 ], [ 6.24066, 51.88067 ], [ 6.24024, 51.88069 ], [ 6.23847, 51.881 ], [ 6.23809, 51.88096 ], [ 6.23768, 51.88086 ], [ 6.23754, 51.88081 ], [ 6.23719, 51.8805 ], [ 6.23686, 51.88048 ], [ 6.23688, 51.88045 ], [ 6.23687, 51.88046 ], [ 6.23667, 51.88045 ], [ 6.23652, 51.88051 ], [ 6.23585, 51.88067 ], [ 6.23564, 51.8807 ], [ 6.23414, 51.87702 ], [ 6.23358, 51.87553 ], [ 6.23389, 51.8755 ], [ 6.23564, 51.87541 ], [ 6.2355, 51.87542 ], [ 6.23694, 51.87568 ], [ 6.23789, 51.87599 ], [ 6.23804, 51.87531 ], [ 6.20825, 51.88521 ], [ 6.20825, 51.88521 ], [ 6.20825, 51.88521 ], [ 6.20825, 51.88521 ], [ 6.20825, 51.88521 ], [ 6.20825, 51.88521 ], [ 6.20825, 51.88521 ], [ 6.20845, 51.88526 ], [ 6.2086, 51.88534 ], [ 6.20879, 51.88552 ], [ 6.20945, 51.88591 ], [ 6.21003, 51.88618 ], [ 6.21031, 51.8862 ], [ 6.21118, 51.88599 ], [ 6.21181, 51.88552 ], [ 6.21188, 51.88549 ], [ 6.21232, 51.88524 ], [ 6.21278, 51.88481 ], [ 6.21286, 51.88463 ], [ 6.21279, 51.88436 ], [ 6.21273, 51.88428 ], [ 6.2127, 51.88416 ], [ 6.21265, 51.88329 ], [ 6.21285, 51.883 ], [ 6.2129, 51.88282 ], [ 6.2129, 51.88276 ], [ 6.21293, 51.88267 ], [ 6.2129, 51.88191 ], [ 6.21303, 51.8816 ], [ 6.21306, 51.88146 ], [ 6.21316, 51.88126 ], [ 6.21393, 51.88048 ], [ 6.21431, 51.88024 ], [ 6.21469, 51.88013 ], [ 6.21503, 51.88008 ], [ 6.21546, 51.88013 ], [ 6.21556, 51.8802 ], [ 6.21565, 51.88038 ], [ 6.21576, 51.88046 ], [ 6.2158, 51.88046 ], [ 6.21585, 51.88054 ], [ 6.21602, 51.88066 ], [ 6.21609, 51.88068 ], [ 6.21617, 51.88077 ], [ 6.21627, 51.88083 ], [ 6.21666, 51.881 ], [ 6.21672, 51.88105 ], [ 6.21736, 51.88137 ] ] } },
{ "type": "Feature", "properties": { "klompenpad_naam": "Tremelepad", "url": "https://klompenpaden.nl/klompenpaden/Tremelepad/00025ac6-c86f-44c6-80c4-03f4f9816eb3", "date": null }, "geometry": { "type": "LineString", "coordinates": [ [ 5.43509, 51.84439 ], [ 5.43631, 51.84542 ], [ 5.43658, 51.84545 ], [ 5.43672, 51.84561 ], [ 5.43678, 51.84576 ], [ 5.43744, 51.84635 ], [ 5.43972, 51.8479 ], [ 5.44008, 51.84766 ], [ 5.44035, 51.84751 ], [ 5.44065, 51.84744 ], [ 5.44102, 51.84747 ], [ 5.44159, 51.84764 ], [ 5.44337, 51.84828 ], [ 5.44432, 51.84867 ], [ 5.44544, 51.84916 ], [ 5.44672, 51.84948 ], [ 5.44743, 51.84962 ], [ 5.44828, 51.84962 ], [ 5.44953, 51.84958 ], [ 5.45182, 51.84992 ], [ 5.45219, 51.85006 ], [ 5.45292, 51.85052 ], [ 5.45352, 51.85063 ], [ 5.45493, 51.85081 ], [ 5.45493, 51.85081 ], [ 5.45571, 51.84966 ], [ 5.4576, 51.84711 ], [ 5.46032, 51.84354 ], [ 5.46099, 51.84254 ], [ 5.45819, 51.84173 ], [ 5.45948, 51.83989 ], [ 5.45717, 51.83917 ], [ 5.45936, 51.83804 ], [ 5.45624, 51.8369 ], [ 5.45449, 51.83623 ], [ 5.45398, 51.83658 ], [ 5.45062, 51.83827 ], [ 5.4469, 51.83612 ], [ 5.44242, 51.83516 ], [ 5.43479, 51.83007 ], [ 5.43326, 51.82906 ], [ 5.43173, 51.82843 ], [ 5.4304, 51.82838 ], [ 5.42884, 51.82869 ], [ 5.42816, 51.82884 ], [ 5.42745, 51.82907 ], [ 5.42631, 51.83005 ], [ 5.42604, 51.83066 ], [ 5.42536, 51.83235 ], [ 5.42587, 51.83245 ], [ 5.42628, 51.83243 ], [ 5.42668, 51.83233 ], [ 5.42698, 51.83205 ], [ 5.42728, 51.8321 ], [ 5.42796, 51.83231 ], [ 5.42793, 51.83249 ], [ 5.43023, 51.83379 ], [ 5.43027, 51.83393 ], [ 5.43023, 51.83405 ], [ 5.43002, 51.83416 ], [ 5.42965, 51.83425 ], [ 5.42825, 51.83435 ], [ 5.42819, 51.83452 ], [ 5.42811, 51.83463 ], [ 5.42768, 51.8347 ], [ 5.4277, 51.83482 ], [ 5.42835, 51.83467 ], [ 5.42937, 51.83461 ], [ 5.43053, 51.83469 ], [ 5.43093, 51.83457 ], [ 5.43117, 51.83469 ], [ 5.43154, 51.83519 ], [ 5.43192, 51.83536 ], [ 5.43324, 51.8355 ], [ 5.43379, 51.83562 ], [ 5.4356, 51.83617 ], [ 5.43709, 51.83697 ], [ 5.43364, 51.83857 ], [ 5.4353, 51.84001 ], [ 5.45493, 51.85081 ], [ 5.45475, 51.85121 ], [ 5.45439, 51.85137 ], [ 5.45413, 51.85153 ], [ 5.45388, 51.85175 ], [ 5.45421, 51.85197 ], [ 5.45449, 51.85204 ], [ 5.45463, 51.85217 ], [ 5.45504, 51.85225 ], [ 5.45534, 51.85223 ], [ 5.45561, 51.8525 ], [ 5.45594, 51.85264 ], [ 5.4564, 51.85273 ], [ 5.45696, 51.8529 ], [ 5.45796, 51.85332 ], [ 5.45906, 51.85366 ], [ 5.46332, 51.85465 ], [ 5.46583, 51.85516 ], [ 5.46655, 51.85519 ], [ 5.46713, 51.85516 ], [ 5.47115, 51.85505 ], [ 5.47329, 51.85497 ], [ 5.47361, 51.85504 ], [ 5.47382, 51.85505 ], [ 5.47402, 51.85487 ], [ 5.47431, 51.85457 ], [ 5.4745, 51.85421 ], [ 5.47404, 51.85391 ], [ 5.47357, 51.85369 ], [ 5.47296, 51.85344 ], [ 5.47229, 51.85314 ], [ 5.47407, 51.85034 ], [ 5.46957, 51.8492 ], [ 5.46731, 51.84859 ], [ 5.46494, 51.85189 ], [ 5.46309, 51.8515 ], [ 5.46192, 51.8513 ], [ 5.45858, 51.85107 ], [ 5.45642, 51.85097 ], [ 5.45493, 51.85081 ], [ 5.4353, 51.84001 ], [ 5.43243, 51.84136 ] ] } },
{ "type": "Feature", "properties": { "klompenpad_naam": "Moas-Wetteringpad", "url": "https://klompenpaden.nl/klompenpaden/Moas-Wetteringpad/88fb1a04-5fe4-4535-a25a-1b971e465b57", "date": null }, "geometry": { "type": "LineString", "coordinates": [ [ 5.47614, 51.81841 ], [ 5.47522, 51.81843 ], [ 5.47454, 51.81849 ], [ 5.47436, 51.81872 ], [ 5.4742, 51.81924 ], [ 5.47444, 51.82034 ], [ 5.47291, 51.82095 ], [ 5.47295, 51.82124 ], [ 5.47273, 51.82134 ], [ 5.47263, 51.82134 ], [ 5.47262, 51.82147 ], [ 5.47275, 51.82154 ], [ 5.47309, 51.82186 ], [ 5.47259, 51.82215 ], [ 5.47249, 51.82213 ], [ 5.47531, 51.81766 ], [ 5.47485, 51.81683 ], [ 5.47412, 51.81611 ], [ 5.47367, 51.81583 ], [ 5.47348, 51.81585 ], [ 5.47279, 51.8156 ], [ 5.47234, 51.81557 ], [ 5.47193, 51.81551 ], [ 5.47151, 51.81531 ], [ 5.47046, 51.81456 ], [ 5.47012, 51.81455 ], [ 5.46991, 51.81472 ], [ 5.46868, 51.81469 ], [ 5.46609, 51.8142 ], [ 5.46572, 51.8141 ], [ 5.46533, 51.81408 ], [ 5.46495, 51.81413 ], [ 5.46405, 51.81459 ], [ 5.46338, 51.81464 ], [ 5.46282, 51.81441 ], [ 5.46328, 51.81392 ], [ 5.46363, 51.81371 ], [ 5.4642, 51.81346 ], [ 5.46456, 51.81327 ], [ 5.46505, 51.81284 ], [ 5.46456, 51.8122 ], [ 5.45967, 51.81155 ], [ 5.45946, 51.8113 ], [ 5.45792, 51.81126 ], [ 5.45705, 51.81132 ], [ 5.45701, 51.81139 ], [ 5.45628, 51.81148 ], [ 5.45522, 51.81176 ], [ 5.45516, 51.81211 ], [ 5.45464, 51.81186 ], [ 5.4542, 51.81216 ], [ 5.45282, 51.81203 ], [ 5.45046, 51.81113 ], [ 5.44918, 51.81099 ], [ 5.44786, 51.81115 ], [ 5.44697, 51.81195 ], [ 5.447, 51.81232 ], [ 5.44785, 51.81262 ], [ 5.44972, 51.81362 ], [ 5.45136, 51.81398 ], [ 5.45192, 51.81438 ], [ 5.45724, 51.81624 ], [ 5.45894, 51.81618 ], [ 5.45993, 51.81603 ], [ 5.46099, 51.81564 ], [ 5.4616, 51.81505 ], [ 5.46199, 51.81483 ], [ 5.46272, 51.81475 ], [ 5.46279, 51.81498 ], [ 5.46325, 51.81515 ], [ 5.46352, 51.8152 ], [ 5.46403, 51.81537 ], [ 5.46327, 51.81567 ], [ 5.46419, 51.81636 ], [ 5.46623, 51.81742 ], [ 5.46703, 51.81778 ], [ 5.46801, 51.81825 ], [ 5.46881, 51.81859 ], [ 5.47036, 51.81913 ], [ 5.47075, 51.81952 ], [ 5.4709, 51.82002 ], [ 5.47067, 51.82045 ], [ 5.46833, 51.82073 ], [ 5.46647, 51.82073 ], [ 5.46503, 51.82022 ], [ 5.46082, 51.82277 ], [ 5.4622, 51.82388 ], [ 5.45945, 51.8255 ], [ 5.46146, 51.82708 ], [ 5.46367, 51.82836 ], [ 5.46647, 51.8266 ], [ 5.47025, 51.8284 ], [ 5.47163, 51.82916 ], [ 5.4727, 51.8303 ], [ 5.47066, 51.83134 ], [ 5.47504, 51.8346 ], [ 5.47725, 51.83347 ], [ 5.47778, 51.83308 ], [ 5.47974, 51.83207 ], [ 5.48136, 51.83127 ], [ 5.48247, 51.83155 ], [ 5.48321, 51.83145 ], [ 5.48257, 51.83132 ], [ 5.48202, 51.83113 ], [ 5.48154, 51.83093 ], [ 5.48097, 51.83075 ], [ 5.48223, 51.83008 ], [ 5.483, 51.82937 ], [ 5.48133, 51.82819 ], [ 5.47972, 51.82678 ], [ 5.47828, 51.82462 ], [ 5.47673, 51.81935 ], [ 5.47576, 51.81781 ], [ 5.47531, 51.81766 ] ] } },
{ "type": "Feature", "properties": { "klompenpad_naam": "Lauwsepad", "url": "https://klompenpaden.nl/klompenpaden/Lauwsepad/6cea9d8e-814c-4e4a-8e7b-199895fc8a2a", "date": null }, "geometry": { "type": "LineString", "coordinates": [ [ 5.50549, 51.86013 ], [ 5.50549, 51.86013 ], [ 5.50549, 51.86013 ], [ 5.50608, 51.86009 ], [ 5.5126, 51.86046 ], [ 5.51283, 51.86037 ], [ 5.5133, 51.86044 ], [ 5.51417, 51.85938 ], [ 5.51562, 51.85779 ], [ 5.51611, 51.85748 ], [ 5.5177, 51.85794 ], [ 5.51813, 51.8575 ], [ 5.52107, 51.8585 ], [ 5.52302, 51.85641 ], [ 5.52642, 51.85735 ], [ 5.52754, 51.85595 ], [ 5.52386, 51.85428 ], [ 5.52165, 51.85342 ], [ 5.52011, 51.85302 ], [ 5.51772, 51.8523 ], [ 5.51552, 51.85181 ], [ 5.51355, 51.85141 ], [ 5.50975, 51.85584 ], [ 5.50924, 51.85594 ], [ 5.50549, 51.86013 ], [ 5.50601, 51.8643 ], [ 5.50601, 51.86434 ], [ 5.50601, 51.86434 ], [ 5.50455, 51.86416 ], [ 5.50512, 51.86192 ], [ 5.50548, 51.86013 ], [ 5.50549, 51.86013 ], [ 5.50601, 51.86434 ], [ 5.50601, 51.86457 ], [ 5.50656, 51.86463 ], [ 5.50618, 51.86924 ], [ 5.50472, 51.8692 ], [ 5.50269, 51.86942 ], [ 5.50154, 51.8697 ], [ 5.50102, 51.86987 ], [ 5.49974, 51.87038 ], [ 5.49812, 51.87149 ], [ 5.49812, 51.87186 ], [ 5.49737, 51.87273 ], [ 5.49707, 51.87345 ], [ 5.49684, 51.8741 ], [ 5.49676, 51.87497 ], [ 5.49783, 51.87483 ], [ 5.49807, 51.87549 ], [ 5.49747, 51.87558 ], [ 5.49642, 51.87614 ], [ 5.49625, 51.87789 ], [ 5.49695, 51.87785 ], [ 5.49711, 51.87944 ], [ 5.49711, 51.88025 ], [ 5.49699, 51.88046 ], [ 5.49693, 51.88279 ], [ 5.49686, 51.88422 ], [ 5.49679, 51.88619 ], [ 5.49703, 51.8863 ], [ 5.49734, 51.88646 ], [ 5.49779, 51.88648 ], [ 5.49832, 51.88679 ], [ 5.49793, 51.88692 ], [ 5.49791, 51.88767 ], [ 5.50157, 51.88778 ], [ 5.50692, 51.88818 ], [ 5.50732, 51.88817 ], [ 5.50747, 51.88794 ], [ 5.50761, 51.88764 ], [ 5.50783, 51.88751 ], [ 5.5072, 51.88743 ], [ 5.50824, 51.88735 ], [ 5.50941, 51.8873 ], [ 5.50989, 51.88716 ], [ 5.51015, 51.88706 ], [ 5.50975, 51.88662 ], [ 5.51007, 51.88668 ], [ 5.51086, 51.88656 ], [ 5.51146, 51.88656 ], [ 5.51174, 51.88666 ], [ 5.5118, 51.88658 ], [ 5.51167, 51.8864 ], [ 5.51154, 51.88607 ], [ 5.51155, 51.88583 ], [ 5.51163, 51.88556 ], [ 5.51163, 51.88532 ], [ 5.51157, 51.88511 ], [ 5.51157, 51.88487 ], [ 5.51165, 51.88468 ], [ 5.51157, 51.88446 ], [ 5.51133, 51.88403 ], [ 5.51174, 51.88375 ], [ 5.5121, 51.88386 ], [ 5.51212, 51.88397 ], [ 5.51198, 51.88409 ], [ 5.51207, 51.88417 ], [ 5.51239, 51.88421 ], [ 5.51254, 51.8842 ], [ 5.5128, 51.88404 ], [ 5.51302, 51.88397 ], [ 5.5132, 51.88396 ], [ 5.51331, 51.88374 ], [ 5.51317, 51.8836 ], [ 5.5138, 51.8829 ], [ 5.51417, 51.88268 ], [ 5.5145, 51.88213 ], [ 5.51486, 51.88215 ], [ 5.51486, 51.88215 ], [ 5.5165, 51.8824 ], [ 5.51704, 51.88141 ], [ 5.51769, 51.88013 ], [ 5.51753, 51.88 ], [ 5.51875, 51.87791 ], [ 5.5195, 51.87804 ], [ 5.5198, 51.87765 ], [ 5.52056, 51.87786 ], [ 5.52097, 51.87737 ], [ 5.52183, 51.8777 ], [ 5.52194, 51.87759 ], [ 5.52208, 51.87754 ], [ 5.52218, 51.87748 ], [ 5.52231, 51.87733 ], [ 5.52231, 51.87723 ], [ 5.52208, 51.87711 ], [ 5.52186, 51.87703 ], [ 5.52201, 51.87651 ], [ 5.52207, 51.87636 ], [ 5.52198, 51.8763 ], [ 5.52181, 51.87626 ], [ 5.52169, 51.8762 ], [ 5.52162, 51.87613 ], [ 5.52159, 51.87601 ], [ 5.52162, 51.87571 ], [ 5.5216, 51.8756 ], [ 5.52152, 51.87556 ], [ 5.52159, 51.87475 ], [ 5.52184, 51.87334 ], [ 5.52223, 51.87337 ], [ 5.52254, 51.87326 ], [ 5.5232, 51.87331 ], [ 5.52352, 51.87314 ], [ 5.52337, 51.87304 ], [ 5.52356, 51.87276 ], [ 5.52352, 51.87269 ], [ 5.5235, 51.87256 ], [ 5.52369, 51.87231 ], [ 5.52319, 51.87203 ], [ 5.5227, 51.87193 ], [ 5.52241, 51.87205 ], [ 5.52217, 51.87197 ], [ 5.52191, 51.87179 ], [ 5.51707, 51.87118 ], [ 5.51662, 51.87123 ], [ 5.51591, 51.87151 ], [ 5.51556, 51.8715 ], [ 5.5152, 51.87143 ], [ 5.51473, 51.87147 ], [ 5.51443, 51.87166 ], [ 5.51425, 51.87184 ], [ 5.51418, 51.87203 ], [ 5.51415, 51.87221 ], [ 5.51397, 51.87231 ], [ 5.51355, 51.87233 ], [ 5.51358, 51.87217 ], [ 5.51331, 51.87215 ], [ 5.51365, 51.87081 ], [ 5.51439, 51.86738 ], [ 5.51423, 51.86711 ], [ 5.51469, 51.86535 ], [ 5.51464, 51.86524 ], [ 5.5131, 51.86511 ], [ 5.5111, 51.86491 ], [ 5.50905, 51.86459 ], [ 5.50727, 51.8645 ], [ 5.50601, 51.86434 ] ] } },
{ "type": "Feature", "properties": { "klompenpad_naam": "Leidschehoevenpad", "url": "https://klompenpaden.nl/klompenpaden/Leidschehoevenpad/f45141a7-e3d5-4659-94b8-bd715eafb7d2", "date": null }, "geometry": { "type": "LineString", "coordinates": [ [ 5.24148, 51.91289 ], [ 5.24036, 51.91436 ], [ 5.2428, 51.91588 ], [ 5.24411, 51.91657 ], [ 5.24628, 51.91763 ], [ 5.24718, 51.91691 ], [ 5.24776, 51.91713 ], [ 5.24931, 51.91605 ], [ 5.24946, 51.91604 ], [ 5.24959, 51.91609 ], [ 5.24967, 51.91605 ], [ 5.24977, 51.91598 ], [ 5.25044, 51.91629 ], [ 5.25043, 51.91637 ], [ 5.25045, 51.91645 ], [ 5.25066, 51.91663 ], [ 5.25043, 51.91685 ], [ 5.24825, 51.91974 ], [ 5.24469, 51.92206 ], [ 5.24443, 51.92175 ], [ 5.24002, 51.91908 ], [ 5.23815, 51.91849 ], [ 5.23723, 51.9183 ], [ 5.23732, 51.91817 ], [ 5.2375, 51.91799 ], [ 5.23721, 51.91791 ], [ 5.2369, 51.91824 ], [ 5.23581, 51.9198 ], [ 5.23019, 51.91868 ], [ 5.23012, 51.91873 ], [ 5.23002, 51.91909 ], [ 5.22573, 51.91832 ], [ 5.22591, 51.91767 ], [ 5.22578, 51.91764 ], [ 5.22585, 51.91733 ], [ 5.2257, 51.91731 ], [ 5.22564, 51.9175 ], [ 5.22113, 51.91664 ], [ 5.21683, 51.9158 ], [ 5.21727, 51.91319 ], [ 5.21749, 51.91151 ], [ 5.21769, 51.90824 ], [ 5.21793, 51.90521 ], [ 5.21886, 51.90532 ], [ 5.22324, 51.90602 ], [ 5.22321, 51.90616 ], [ 5.23316, 51.90642 ], [ 5.23421, 51.90149 ], [ 5.23442, 51.90155 ], [ 5.23507, 51.90151 ], [ 5.24203, 51.90199 ], [ 5.2468, 51.90214 ], [ 5.24649, 51.90297 ], [ 5.24547, 51.90399 ], [ 5.24515, 51.90543 ], [ 5.24444, 51.90707 ], [ 5.24435, 51.90733 ], [ 5.24465, 51.90737 ], [ 5.2437, 51.90917 ], [ 5.24311, 51.91024 ], [ 5.24237, 51.91147 ], [ 5.24213, 51.91183 ], [ 5.24148, 51.91289 ] ] } },
{ "type": "Feature", "properties": { "klompenpad_naam": "Schaverensepad", "url": "https://klompenpaden.nl/klompenpaden/Schaverensepad/943bbba5-e090-4a5b-b0f3-798fc77e60a6", "date": "2024-02-16" }, "geometry": { "type": "LineString", "coordinates": [ [ 5.97411, 52.31756 ], [ 5.97428, 52.31757 ], [ 5.97436, 52.31857 ], [ 5.97433, 52.31889 ], [ 5.97379, 52.31955 ], [ 5.97368, 52.31992 ], [ 5.97353, 52.32018 ], [ 5.97329, 52.3204 ], [ 5.97321, 52.32067 ], [ 5.9731, 52.32116 ], [ 5.97308, 52.32169 ], [ 5.97328, 52.32392 ], [ 5.97328, 52.3242 ], [ 5.97312, 52.32462 ], [ 5.97276, 52.32583 ], [ 5.97243, 52.3266 ], [ 5.97198, 52.32754 ], [ 5.97179, 52.32802 ], [ 5.97173, 52.32828 ], [ 5.9721, 52.32835 ], [ 5.97197, 52.32878 ], [ 5.97192, 52.32904 ], [ 5.97187, 52.32962 ], [ 5.97174, 52.32996 ], [ 5.9715, 52.33035 ], [ 5.97153, 52.3307 ], [ 5.97162, 52.33094 ], [ 5.97157, 52.33126 ], [ 5.97145, 52.33151 ], [ 5.97003, 52.33131 ], [ 5.9697, 52.3309 ], [ 5.96953, 52.33076 ], [ 5.96847, 52.33028 ], [ 5.96796, 52.33001 ], [ 5.96759, 52.32978 ], [ 5.96777, 52.32965 ], [ 5.96813, 52.32945 ], [ 5.96842, 52.32936 ], [ 5.96905, 52.32921 ], [ 5.96915, 52.3291 ], [ 5.96887, 52.32848 ], [ 5.96862, 52.32784 ], [ 5.96864, 52.32759 ], [ 5.96874, 52.32741 ], [ 5.9679, 52.32708 ], [ 5.96742, 52.32685 ], [ 5.96631, 52.32653 ], [ 5.96204, 52.32553 ], [ 5.96202, 52.32535 ], [ 5.96204, 52.32513 ], [ 5.96209, 52.32493 ], [ 5.96213, 52.32486 ], [ 5.96214, 52.32465 ], [ 5.96217, 52.3245 ], [ 5.96216, 52.32427 ], [ 5.96231, 52.32413 ], [ 5.96231, 52.32393 ], [ 5.96219, 52.32367 ], [ 5.96183, 52.32332 ], [ 5.96076, 52.32219 ], [ 5.96156, 52.32206 ], [ 5.96096, 52.32155 ], [ 5.96041, 52.32104 ], [ 5.96, 52.32059 ], [ 5.95945, 52.3199 ], [ 5.95884, 52.31956 ], [ 5.95865, 52.31983 ], [ 5.95841, 52.32003 ], [ 5.95821, 52.32011 ], [ 5.95701, 52.32019 ], [ 5.95228, 52.32058 ], [ 5.95157, 52.3206 ], [ 5.94069, 52.31699 ], [ 5.94071, 52.31581 ], [ 5.94069, 52.31465 ], [ 5.94201, 52.31469 ], [ 5.94197, 52.3136 ], [ 5.94216, 52.31354 ], [ 5.94917, 52.31377 ], [ 5.94915, 52.31248 ], [ 5.94785, 52.31246 ], [ 5.94785, 52.31133 ], [ 5.94597, 52.31128 ], [ 5.94604, 52.30773 ], [ 5.95515, 52.30759 ], [ 5.95596, 52.3077 ], [ 5.96808, 52.31063 ], [ 5.96991, 52.31106 ], [ 5.96954, 52.31163 ], [ 5.96906, 52.31254 ], [ 5.96892, 52.31359 ], [ 5.97061, 52.31394 ], [ 5.9707, 52.31395 ], [ 5.9708, 52.31382 ], [ 5.97363, 52.31438 ], [ 5.97393, 52.31447 ], [ 5.97391, 52.3146 ], [ 5.97383, 52.31478 ], [ 5.97424, 52.31688 ], [ 5.97428, 52.31734 ], [ 5.97411, 52.31755 ] ] } },
{ "type": "Feature", "properties": { "klompenpad_naam": "Nudepad", "url": "https://klompenpaden.nl/klompenpaden/Nudepad/a9aebbe7-55f0-43f1-a56f-9035dc1ebdac", "date": null }, "geometry": { "type": "LineString", "coordinates": [ [ 5.61398, 51.95102 ], [ 5.61231, 51.95228 ], [ 5.61156, 51.95278 ], [ 5.61152, 51.95287 ], [ 5.61119, 51.9531 ], [ 5.61049, 51.9535 ], [ 5.61042, 51.95359 ], [ 5.61041, 51.95369 ], [ 5.60951, 51.95419 ], [ 5.60933, 51.9542 ], [ 5.6088, 51.95432 ], [ 5.60839, 51.95447 ], [ 5.60864, 51.95466 ], [ 5.60887, 51.95456 ], [ 5.60908, 51.95451 ], [ 5.60947, 51.95448 ], [ 5.60958, 51.95491 ], [ 5.60972, 51.95514 ], [ 5.6098, 51.95535 ], [ 5.60977, 51.95553 ], [ 5.60968, 51.95574 ], [ 5.60965, 51.95585 ], [ 5.60966, 51.95596 ], [ 5.6099, 51.95637 ], [ 5.61006, 51.95651 ], [ 5.6102, 51.95658 ], [ 5.61169, 51.95719 ], [ 5.61472, 51.95852 ], [ 5.61564, 51.95885 ], [ 5.6166, 51.95913 ], [ 5.61827, 51.95955 ], [ 5.62029, 51.96016 ], [ 5.62282, 51.96099 ], [ 5.61902, 51.96617 ], [ 5.619, 51.96618 ], [ 5.61898, 51.96624 ], [ 5.61834, 51.96615 ], [ 5.61794, 51.96611 ], [ 5.61792, 51.96618 ], [ 5.61793, 51.96628 ], [ 5.61813, 51.96661 ], [ 5.61943, 51.96737 ], [ 5.62181, 51.96819 ], [ 5.6222, 51.96836 ], [ 5.6225, 51.96859 ], [ 5.62287, 51.96903 ], [ 5.6246, 51.97058 ], [ 5.62586, 51.97372 ], [ 5.62586, 51.97385 ], [ 5.62576, 51.97397 ], [ 5.62337, 51.97557 ], [ 5.62281, 51.97592 ], [ 5.62171, 51.97655 ], [ 5.62125, 51.97676 ], [ 5.61993, 51.97717 ], [ 5.61878, 51.97872 ], [ 5.61842, 51.97913 ], [ 5.6179, 51.97957 ], [ 5.61826, 51.97972 ], [ 5.61921, 51.97997 ], [ 5.61831, 51.98031 ], [ 5.61736, 51.98045 ], [ 5.61722, 51.98053 ], [ 5.61708, 51.98063 ], [ 5.61702, 51.98072 ], [ 5.61653, 51.98122 ], [ 5.61644, 51.9814 ], [ 5.61621, 51.98172 ], [ 5.61585, 51.9824 ], [ 5.61686, 51.98267 ], [ 5.62326, 51.98433 ], [ 5.62341, 51.9844 ], [ 5.62352, 51.98445 ], [ 5.62361, 51.98475 ], [ 5.62367, 51.98485 ], [ 5.62382, 51.98494 ], [ 5.62406, 51.98503 ], [ 5.62418, 51.98509 ], [ 5.62419, 51.98516 ], [ 5.62418, 51.98525 ], [ 5.62349, 51.98627 ], [ 5.6236, 51.98635 ], [ 5.62375, 51.98637 ], [ 5.62552, 51.98384 ], [ 5.62845, 51.97957 ], [ 5.63103, 51.97593 ], [ 5.63321, 51.97492 ], [ 5.63481, 51.97424 ], [ 5.63505, 51.97404 ], [ 5.63535, 51.97414 ], [ 5.63754, 51.97425 ], [ 5.63774, 51.97379 ], [ 5.63913, 51.97192 ], [ 5.63993, 51.97087 ], [ 5.64042, 51.97018 ], [ 5.64041, 51.97012 ], [ 5.64045, 51.97005 ], [ 5.64054, 51.97005 ], [ 5.64058, 51.96999 ], [ 5.6426, 51.9673 ], [ 5.64341, 51.96617 ], [ 5.64126, 51.96588 ], [ 5.6399, 51.96566 ], [ 5.63803, 51.96533 ], [ 5.63701, 51.96513 ], [ 5.63783, 51.96317 ], [ 5.63821, 51.9622 ], [ 5.6377, 51.96212 ], [ 5.6376, 51.96202 ], [ 5.63664, 51.96188 ], [ 5.63746, 51.96001 ], [ 5.63637, 51.95981 ], [ 5.6367, 51.95906 ], [ 5.6294, 51.95795 ], [ 5.63056, 51.95423 ], [ 5.6305, 51.95418 ], [ 5.62733, 51.95369 ], [ 5.6273, 51.95245 ], [ 5.62719, 51.95234 ], [ 5.62502, 51.95155 ], [ 5.62475, 51.95159 ], [ 5.6241, 51.95186 ], [ 5.62352, 51.95194 ], [ 5.62267, 51.95187 ], [ 5.62109, 51.95163 ], [ 5.62062, 51.95151 ], [ 5.61951, 51.95139 ], [ 5.61772, 51.95139 ], [ 5.61674, 51.9513 ], [ 5.61495, 51.95104 ], [ 5.61433, 51.95102 ], [ 5.61418, 51.95108 ], [ 5.61398, 51.95102 ] ] } },
{ "type": "Feature", "properties": { "klompenpad_naam": "Errekomsepad", "url": "https://klompenpaden.nl/klompenpaden/Errekomsepad/f598de11-dabb-4d17-9f1a-e0d5306183fe", "date": null }, "geometry": { "type": "LineString", "coordinates": [ [ 5.35142, 51.90135 ], [ 5.35245, 51.90073 ], [ 5.35282, 51.90055 ], [ 5.35314, 51.90047 ], [ 5.35344, 51.90049 ], [ 5.35665, 51.90147 ], [ 5.35878, 51.90217 ], [ 5.361, 51.90052 ], [ 5.36232, 51.90104 ], [ 5.36285, 51.90055 ], [ 5.36326, 51.90012 ], [ 5.36408, 51.89982 ], [ 5.36489, 51.89957 ], [ 5.36569, 51.89925 ], [ 5.36755, 51.89844 ], [ 5.37057, 51.89717 ], [ 5.3704, 51.89692 ], [ 5.37004, 51.89664 ], [ 5.36967, 51.89647 ], [ 5.36688, 51.89569 ], [ 5.35913, 51.89336 ], [ 5.35937, 51.89276 ], [ 5.35962, 51.89201 ], [ 5.36034, 51.89066 ], [ 5.36107, 51.88872 ], [ 5.36143, 51.88759 ], [ 5.36114, 51.88757 ], [ 5.35913, 51.88789 ], [ 5.35881, 51.8879 ], [ 5.35734, 51.88768 ], [ 5.35673, 51.88754 ], [ 5.35491, 51.88702 ], [ 5.35385, 51.88692 ], [ 5.35288, 51.88689 ], [ 5.35142, 51.88692 ], [ 5.35057, 51.88699 ], [ 5.34892, 51.88729 ], [ 5.34876, 51.88751 ], [ 5.34728, 51.88778 ], [ 5.34308, 51.88837 ], [ 5.34163, 51.88854 ], [ 5.33986, 51.88867 ], [ 5.33852, 51.88871 ], [ 5.339, 51.88616 ], [ 5.33737, 51.8862 ], [ 5.33511, 51.8863 ], [ 5.33445, 51.8864 ], [ 5.3336, 51.88675 ], [ 5.33202, 51.88747 ], [ 5.331, 51.88795 ], [ 5.33008, 51.88845 ], [ 5.33018, 51.88853 ], [ 5.32885, 51.88934 ], [ 5.33272, 51.89178 ], [ 5.33281, 51.89187 ], [ 5.3329, 51.89204 ], [ 5.33257, 51.89204 ], [ 5.33156, 51.89212 ], [ 5.33101, 51.89207 ], [ 5.32967, 51.89213 ], [ 5.32915, 51.89223 ], [ 5.32877, 51.89266 ], [ 5.32704, 51.89209 ], [ 5.32539, 51.89147 ], [ 5.32502, 51.8918 ], [ 5.32499, 51.89195 ], [ 5.32332, 51.89318 ], [ 5.32225, 51.894 ], [ 5.32176, 51.89426 ], [ 5.32075, 51.89473 ], [ 5.32107, 51.89486 ], [ 5.32152, 51.89507 ], [ 5.32204, 51.89546 ], [ 5.32287, 51.89593 ], [ 5.32331, 51.89602 ], [ 5.32347, 51.89608 ], [ 5.32342, 51.89612 ], [ 5.32378, 51.89626 ], [ 5.32394, 51.89636 ], [ 5.32406, 51.89651 ], [ 5.32403, 51.897 ], [ 5.3241, 51.89717 ], [ 5.32397, 51.89725 ], [ 5.32396, 51.89742 ], [ 5.32431, 51.89755 ], [ 5.32444, 51.89755 ], [ 5.32441, 51.89768 ], [ 5.3232, 51.89825 ], [ 5.32421, 51.89934 ], [ 5.3251, 51.90033 ], [ 5.32575, 51.90114 ], [ 5.32567, 51.9013 ], [ 5.32523, 51.90178 ], [ 5.32427, 51.9031 ], [ 5.3243, 51.90336 ], [ 5.3245, 51.90378 ], [ 5.32497, 51.9045 ], [ 5.32552, 51.90564 ], [ 5.32722, 51.90555 ], [ 5.3291, 51.90556 ], [ 5.33122, 51.9055 ], [ 5.33167, 51.90553 ], [ 5.33299, 51.90577 ], [ 5.33428, 51.90594 ], [ 5.33498, 51.90595 ], [ 5.33647, 51.90609 ], [ 5.3363, 51.90647 ], [ 5.33593, 51.90701 ], [ 5.3357, 51.90745 ], [ 5.33541, 51.90774 ], [ 5.33458, 51.90811 ], [ 5.33378, 51.90832 ], [ 5.33244, 51.90834 ], [ 5.33249, 51.90927 ], [ 5.33254, 51.90943 ], [ 5.33188, 51.90953 ], [ 5.3309, 51.90964 ], [ 5.33053, 51.91002 ], [ 5.33055, 51.91059 ], [ 5.33065, 51.91061 ], [ 5.33108, 51.91138 ], [ 5.33129, 51.91172 ], [ 5.33218, 51.91167 ], [ 5.33293, 51.91157 ], [ 5.33536, 51.91066 ], [ 5.33572, 51.91028 ], [ 5.3363, 51.91035 ], [ 5.33661, 51.91043 ], [ 5.33732, 51.91115 ], [ 5.33771, 51.91145 ], [ 5.33821, 51.9117 ], [ 5.33894, 51.91186 ], [ 5.33987, 51.91186 ], [ 5.34187, 51.91172 ], [ 5.34282, 51.91162 ], [ 5.34467, 51.91163 ], [ 5.34602, 51.9113 ], [ 5.3471, 51.91112 ], [ 5.34817, 51.91106 ], [ 5.35016, 51.9105 ], [ 5.35068, 51.91036 ], [ 5.35104, 51.91022 ], [ 5.35168, 51.90911 ], [ 5.35207, 51.9084 ], [ 5.35271, 51.90705 ], [ 5.35258, 51.90691 ], [ 5.35227, 51.90683 ], [ 5.35167, 51.90683 ], [ 5.3497, 51.90626 ], [ 5.34775, 51.90557 ], [ 5.3474, 51.90502 ], [ 5.34729, 51.90469 ], [ 5.34829, 51.90371 ], [ 5.34958, 51.90272 ], [ 5.35087, 51.90177 ], [ 5.35142, 51.90135 ], [ 5.35041, 51.90059 ], [ 5.35039, 51.90027 ], [ 5.34902, 51.8996 ] ] } },
{ "type": "Feature", "properties": { "klompenpad_naam": "Alemschepad", "url": "https://klompenpaden.nl/klompenpaden/Alemschepad/734fb758-09d9-4523-87bd-dd9291a0572c", "date": null }, "geometry": { "type": "LineString", "coordinates": [ [ 5.33905, 51.78889 ], [ 5.33905, 51.78822 ], [ 5.33901, 51.7879 ], [ 5.33874, 51.78776 ], [ 5.3375, 51.78661 ], [ 5.33476, 51.78426 ], [ 5.33467, 51.78388 ], [ 5.33477, 51.78367 ], [ 5.33692, 51.78225 ], [ 5.33753, 51.7818 ], [ 5.33907, 51.78113 ], [ 5.34313, 51.77945 ], [ 5.34473, 51.77962 ], [ 5.34776, 51.78005 ], [ 5.34789, 51.78072 ], [ 5.34824, 51.78156 ], [ 5.34879, 51.78198 ], [ 5.34909, 51.7821 ], [ 5.3498, 51.78193 ], [ 5.35026, 51.78157 ], [ 5.35091, 51.7812 ], [ 5.35124, 51.78106 ], [ 5.35163, 51.78082 ], [ 5.35192, 51.78059 ], [ 5.35244, 51.78043 ], [ 5.35275, 51.78021 ], [ 5.35327, 51.77956 ], [ 5.3538, 51.77913 ], [ 5.3543, 51.7788 ], [ 5.3547, 51.77867 ], [ 5.35553, 51.77882 ], [ 5.35604, 51.77885 ], [ 5.35672, 51.77894 ], [ 5.35712, 51.77912 ], [ 5.35729, 51.77929 ], [ 5.35746, 51.77968 ], [ 5.3578, 51.78037 ], [ 5.359, 51.78354 ], [ 5.35941, 51.78468 ], [ 5.35965, 51.78547 ], [ 5.36005, 51.78657 ], [ 5.36059, 51.78766 ], [ 5.36082, 51.78794 ], [ 5.36077, 51.78834 ], [ 5.36044, 51.7887 ], [ 5.35983, 51.78894 ], [ 5.35902, 51.78904 ], [ 5.35775, 51.78899 ], [ 5.35769, 51.78934 ], [ 5.35734, 51.78988 ], [ 5.35727, 51.79044 ], [ 5.35727, 51.7908 ], [ 5.3574, 51.79157 ], [ 5.35742, 51.79212 ], [ 5.35703, 51.79272 ], [ 5.3565, 51.79316 ], [ 5.35583, 51.79327 ], [ 5.35502, 51.79335 ], [ 5.35427, 51.79321 ], [ 5.35361, 51.79302 ], [ 5.35246, 51.79347 ], [ 5.35152, 51.7929 ], [ 5.35007, 51.7919 ], [ 5.35304, 51.79096 ], [ 5.35558, 51.79027 ], [ 5.356, 51.78993 ], [ 5.35661, 51.78995 ], [ 5.35709, 51.78988 ], [ 5.35751, 51.78963 ], [ 5.35775, 51.78915 ], [ 5.35766, 51.78895 ], [ 5.35701, 51.78891 ], [ 5.35607, 51.7889 ], [ 5.35453, 51.78874 ], [ 5.35344, 51.78856 ], [ 5.35293, 51.78833 ], [ 5.35223, 51.78793 ], [ 5.3514, 51.78751 ], [ 5.35077, 51.78737 ], [ 5.35006, 51.78727 ], [ 5.34717, 51.78739 ], [ 5.34615, 51.78748 ], [ 5.34538, 51.78769 ], [ 5.3449, 51.78784 ], [ 5.34374, 51.78789 ], [ 5.34266, 51.78811 ], [ 5.34291, 51.78825 ], [ 5.34297, 51.78834 ], [ 5.34306, 51.78843 ], [ 5.34327, 51.7883 ], [ 5.34342, 51.78832 ], [ 5.34373, 51.7883 ], [ 5.34388, 51.78832 ], [ 5.3441, 51.78845 ], [ 5.34416, 51.78863 ], [ 5.34418, 51.78882 ], [ 5.34393, 51.78893 ], [ 5.34348, 51.78919 ], [ 5.34302, 51.78929 ], [ 5.34294, 51.78926 ], [ 5.34284, 51.78918 ], [ 5.34266, 51.7889 ], [ 5.34245, 51.78878 ], [ 5.34228, 51.78873 ], [ 5.34208, 51.78889 ], [ 5.34193, 51.78887 ], [ 5.34149, 51.78896 ], [ 5.34134, 51.78893 ], [ 5.34121, 51.7891 ], [ 5.34109, 51.78915 ], [ 5.34061, 51.78914 ], [ 5.34042, 51.78929 ], [ 5.34028, 51.78927 ], [ 5.33999, 51.78937 ], [ 5.3397, 51.7894 ], [ 5.33954, 51.78934 ], [ 5.33941, 51.78937 ], [ 5.33908, 51.78936 ], [ 5.33908, 51.78909 ], [ 5.33905, 51.78886 ] ] } },
{ "type": "Feature", "properties": { "klompenpad_naam": "Albapad", "url": "https://klompenpaden.nl/klompenpaden/Albapad/70dc767c-3c3f-4626-adc9-4c7437486759", "date": null }, "geometry": { "type": "LineString", "coordinates": [ [ 6.00601, 52.15714 ], [ 6.00826, 52.15814 ], [ 6.00908, 52.15854 ], [ 6.00934, 52.15863 ], [ 6.01033, 52.15914 ], [ 6.01125, 52.15957 ], [ 6.0137, 52.15877 ], [ 6.01438, 52.15926 ], [ 6.01507, 52.15979 ], [ 6.01576, 52.15958 ], [ 6.01602, 52.15987 ], [ 6.01769, 52.15979 ], [ 6.01806, 52.15983 ], [ 6.01807, 52.1599 ], [ 6.01805, 52.15996 ], [ 6.01796, 52.15997 ], [ 6.0174, 52.15993 ], [ 6.01663, 52.15994 ], [ 6.01588, 52.16 ], [ 6.01358, 52.16062 ], [ 6.00595, 52.15762 ], [ 6.0059, 52.15759 ], [ 6.00606, 52.15747 ], [ 6.00595, 52.15738 ], [ 6.00581, 52.15731 ], [ 6.00601, 52.15714 ], [ 6.00701, 52.16392 ], [ 6.00695, 52.16383 ], [ 6.00689, 52.16381 ], [ 6.00543, 52.16411 ], [ 6.00531, 52.16395 ], [ 6.00523, 52.16393 ], [ 6.00237, 52.16448 ], [ 6.0023, 52.16447 ], [ 6.00199, 52.16398 ], [ 6.0021, 52.16392 ], [ 6.00194, 52.16383 ], [ 6.00174, 52.16397 ], [ 6.00137, 52.16432 ], [ 6.00096, 52.16476 ], [ 6.00093, 52.16485 ], [ 6.00097, 52.16495 ], [ 6.00055, 52.1659 ], [ 6.00036, 52.16592 ], [ 6.00023, 52.16598 ], [ 6.00016, 52.16605 ], [ 5.99938, 52.16596 ], [ 5.99845, 52.16376 ], [ 5.99818, 52.16308 ], [ 5.99813, 52.16263 ], [ 5.99799, 52.16215 ], [ 5.99777, 52.16166 ], [ 5.99761, 52.16102 ], [ 5.99756, 52.16094 ], [ 5.99762, 52.16081 ], [ 5.99748, 52.16036 ], [ 5.99728, 52.15984 ], [ 5.99819, 52.15968 ], [ 5.99843, 52.15957 ], [ 5.99985, 52.15864 ], [ 5.99962, 52.15703 ], [ 5.9995, 52.156 ], [ 5.99363, 52.15543 ], [ 5.99542, 52.15421 ], [ 5.9979, 52.15248 ], [ 6.00106, 52.15279 ], [ 6.00113, 52.15271 ], [ 6.00095, 52.15236 ], [ 6.00089, 52.15206 ], [ 6.00089, 52.15195 ], [ 6.00123, 52.15189 ], [ 6.00311, 52.15146 ], [ 6.00322, 52.15084 ], [ 6.00327, 52.15074 ], [ 6.0034, 52.15066 ], [ 6.00338, 52.15057 ], [ 6.00328, 52.15034 ], [ 6.00336, 52.15022 ], [ 6.00354, 52.15021 ], [ 6.00442, 52.15026 ], [ 6.0057, 52.1503 ], [ 6.00609, 52.15036 ], [ 6.0062, 52.15007 ], [ 6.00604, 52.14994 ], [ 6.0038, 52.14853 ], [ 6.00421, 52.14818 ], [ 6.00472, 52.14784 ], [ 6.00482, 52.14782 ], [ 6.00497, 52.14782 ], [ 6.00507, 52.14784 ], [ 6.00517, 52.1479 ], [ 6.00535, 52.14797 ], [ 6.00554, 52.1481 ], [ 6.00579, 52.14847 ], [ 6.00591, 52.14855 ], [ 6.00653, 52.14884 ], [ 6.00705, 52.14895 ], [ 6.00786, 52.14904 ], [ 6.00832, 52.14912 ], [ 6.00844, 52.14921 ], [ 6.00851, 52.14931 ], [ 6.0087, 52.14944 ], [ 6.00871, 52.1496 ], [ 6.00878, 52.14962 ], [ 6.00909, 52.14963 ], [ 6.00951, 52.1497 ], [ 6.00988, 52.14969 ], [ 6.01039, 52.14978 ], [ 6.0106, 52.14986 ], [ 6.01071, 52.14998 ], [ 6.01083, 52.15005 ], [ 6.01084, 52.15011 ], [ 6.01016, 52.15118 ], [ 6.01016, 52.15131 ], [ 6.01031, 52.15136 ], [ 6.01154, 52.15167 ], [ 6.01188, 52.15172 ], [ 6.01343, 52.15188 ], [ 6.01575, 52.15208 ], [ 6.01613, 52.15239 ], [ 6.01635, 52.15294 ], [ 6.01649, 52.15308 ], [ 6.01663, 52.15327 ], [ 6.01682, 52.15345 ], [ 6.01694, 52.15359 ], [ 6.01315, 52.15456 ], [ 6.00968, 52.15547 ], [ 6.00937, 52.15552 ], [ 6.00865, 52.15548 ], [ 6.00798, 52.1554 ], [ 6.00757, 52.15539 ], [ 6.00741, 52.15551 ], [ 6.00661, 52.15649 ], [ 6.00601, 52.15714 ], [ 6.00601, 52.15714 ], [ 6.00826, 52.15814 ], [ 6.00908, 52.15854 ], [ 6.00934, 52.15863 ], [ 6.01033, 52.15914 ], [ 6.01125, 52.15957 ], [ 6.0137, 52.15877 ], [ 6.01438, 52.15926 ], [ 6.01507, 52.15979 ], [ 6.01576, 52.15958 ], [ 6.01602, 52.15987 ], [ 6.01769, 52.15979 ], [ 6.01806, 52.15983 ], [ 6.01807, 52.1599 ], [ 6.01805, 52.15996 ], [ 6.01796, 52.15997 ], [ 6.0174, 52.15993 ], [ 6.01663, 52.15994 ], [ 6.01588, 52.16 ], [ 6.01358, 52.16061 ], [ 6.01358, 52.16062 ], [ 6.00595, 52.15762 ], [ 6.0059, 52.15759 ], [ 6.00606, 52.15747 ], [ 6.00595, 52.15738 ], [ 6.00581, 52.15731 ], [ 6.00601, 52.15714 ], [ 6.00701, 52.16392 ], [ 6.00695, 52.16383 ], [ 6.00689, 52.16381 ], [ 6.00631, 52.16392 ], [ 6.00543, 52.16411 ], [ 6.00531, 52.16395 ], [ 6.00523, 52.16393 ], [ 6.00237, 52.16448 ], [ 6.0023, 52.16447 ], [ 6.00199, 52.16398 ], [ 6.0021, 52.16392 ], [ 6.00194, 52.16383 ], [ 6.00174, 52.16397 ], [ 6.00137, 52.16432 ], [ 6.00096, 52.16476 ], [ 6.00093, 52.16485 ], [ 6.00097, 52.16495 ], [ 6.00055, 52.1659 ], [ 6.00036, 52.16592 ], [ 6.00023, 52.16598 ], [ 6.00016, 52.16605 ], [ 5.99938, 52.16596 ], [ 5.99845, 52.16376 ], [ 5.99818, 52.16308 ], [ 5.99813, 52.16263 ], [ 5.99799, 52.16215 ], [ 5.99777, 52.16166 ], [ 5.99761, 52.16102 ], [ 5.99756, 52.16094 ], [ 5.99762, 52.16081 ], [ 5.99748, 52.16036 ], [ 5.99728, 52.15984 ], [ 5.99819, 52.15968 ], [ 5.99843, 52.15957 ], [ 5.99985, 52.15864 ], [ 5.99962, 52.15703 ], [ 5.9995, 52.156 ], [ 5.99363, 52.15543 ], [ 5.99542, 52.15421 ], [ 5.99629, 52.1536 ], [ 5.9979, 52.15248 ], [ 6.00106, 52.15279 ], [ 6.00113, 52.15271 ], [ 6.00095, 52.15236 ], [ 6.00089, 52.15206 ], [ 6.00089, 52.15195 ], [ 6.00123, 52.15189 ], [ 6.00311, 52.15146 ], [ 6.00322, 52.15084 ], [ 6.00327, 52.15074 ], [ 6.0034, 52.15066 ], [ 6.00338, 52.15057 ], [ 6.00328, 52.15034 ], [ 6.00336, 52.15022 ], [ 6.00354, 52.15021 ], [ 6.00442, 52.15026 ], [ 6.0057, 52.1503 ], [ 6.00609, 52.15036 ], [ 6.0062, 52.15007 ], [ 6.00604, 52.14994 ], [ 6.0038, 52.14853 ], [ 6.00421, 52.14818 ], [ 6.00472, 52.14784 ], [ 6.00482, 52.14782 ], [ 6.00497, 52.14782 ], [ 6.00507, 52.14784 ], [ 6.00517, 52.1479 ], [ 6.00535, 52.14797 ], [ 6.00554, 52.1481 ], [ 6.00579, 52.14847 ], [ 6.00591, 52.14855 ], [ 6.00653, 52.14884 ], [ 6.00705, 52.14895 ], [ 6.00786, 52.14904 ], [ 6.00832, 52.14912 ], [ 6.00844, 52.14921 ], [ 6.00851, 52.14931 ], [ 6.0087, 52.14944 ], [ 6.00871, 52.1496 ], [ 6.00878, 52.14962 ], [ 6.00909, 52.14963 ], [ 6.00943, 52.14968 ], [ 6.00951, 52.1497 ], [ 6.00976, 52.1497 ], [ 6.00988, 52.14969 ], [ 6.01039, 52.14978 ], [ 6.0106, 52.14986 ], [ 6.01071, 52.14998 ], [ 6.01083, 52.15005 ], [ 6.01084, 52.15011 ], [ 6.01016, 52.15118 ], [ 6.01015, 52.15125 ], [ 6.01016, 52.15131 ], [ 6.01031, 52.15136 ], [ 6.01154, 52.15167 ], [ 6.01188, 52.15172 ], [ 6.01343, 52.15188 ], [ 6.01575, 52.15208 ], [ 6.01613, 52.15239 ], [ 6.01635, 52.15294 ], [ 6.01649, 52.15308 ], [ 6.01663, 52.15327 ], [ 6.01682, 52.15345 ], [ 6.01694, 52.15359 ], [ 6.01315, 52.15456 ], [ 6.00968, 52.15547 ], [ 6.00937, 52.15552 ], [ 6.00865, 52.15548 ], [ 6.00798, 52.1554 ], [ 6.00757, 52.15539 ], [ 6.00741, 52.15551 ], [ 6.00661, 52.15649 ], [ 6.00601, 52.15714 ], [ 6.01358, 52.16062 ], [ 6.01356, 52.16066 ], [ 6.01589, 52.16177 ], [ 6.01898, 52.1632 ], [ 6.01922, 52.1634 ], [ 6.0194, 52.16364 ], [ 6.01983, 52.16493 ], [ 6.0199, 52.16502 ], [ 6.0179, 52.16513 ], [ 6.01775, 52.16522 ], [ 6.01505, 52.16538 ], [ 6.01576, 52.16667 ], [ 6.01603, 52.16659 ], [ 6.01628, 52.16657 ], [ 6.0165, 52.16661 ], [ 6.01666, 52.16668 ], [ 6.01683, 52.1669 ], [ 6.01695, 52.16696 ], [ 6.01708, 52.16707 ], [ 6.01709, 52.16722 ], [ 6.01693, 52.16767 ], [ 6.01696, 52.16778 ], [ 6.01697, 52.16794 ], [ 6.01691, 52.16806 ], [ 6.0166, 52.16832 ], [ 6.01646, 52.16839 ], [ 6.01642, 52.16846 ], [ 6.01647, 52.16868 ], [ 6.01656, 52.16876 ], [ 6.01666, 52.16879 ], [ 6.01683, 52.16876 ], [ 6.01709, 52.16878 ], [ 6.01756, 52.16869 ], [ 6.01814, 52.16868 ], [ 6.01849, 52.1689 ], [ 6.01861, 52.16899 ], [ 6.01874, 52.16915 ], [ 6.01873, 52.16928 ], [ 6.01861, 52.16939 ], [ 6.01847, 52.16945 ], [ 6.01824, 52.16948 ], [ 6.01812, 52.16952 ], [ 6.018, 52.16958 ], [ 6.0178, 52.16963 ], [ 6.01709, 52.16986 ], [ 6.01657, 52.16994 ], [ 6.01638, 52.16995 ], [ 6.01601, 52.16989 ], [ 6.01545, 52.16966 ], [ 6.01514, 52.16962 ], [ 6.01495, 52.16911 ], [ 6.01483, 52.16902 ], [ 6.01436, 52.1689 ], [ 6.01402, 52.16877 ], [ 6.01366, 52.16871 ], [ 6.01318, 52.16873 ], [ 6.01236, 52.16891 ], [ 6.01211, 52.1689 ], [ 6.01197, 52.16888 ], [ 6.01186, 52.16883 ], [ 6.01172, 52.16874 ], [ 6.01144, 52.16859 ], [ 6.01139, 52.16842 ], [ 6.01122, 52.16824 ], [ 6.01124, 52.16814 ], [ 6.01143, 52.1679 ], [ 6.01143, 52.1678 ], [ 6.01064, 52.16703 ], [ 6.01073, 52.16657 ], [ 6.01106, 52.16551 ], [ 6.01038, 52.16555 ], [ 6.01037, 52.16546 ], [ 6.00964, 52.16549 ], [ 6.00903, 52.16436 ], [ 6.00744, 52.16451 ], [ 6.00732, 52.16444 ], [ 6.00701, 52.16392 ] ] } },
{ "type": "Feature", "properties": { "klompenpad_naam": "Achterwooldsepad", "url": "https://klompenpaden.nl/klompenpaden/Achterwooldsepad/70c53acc-6028-43d3-9119-fe7818f742ce", "date": null }, "geometry": { "type": "LineString", "coordinates": [ [ 6.71268, 51.92266 ], [ 6.7151, 51.92248 ], [ 6.71505, 51.9215 ], [ 6.71805, 51.92204 ], [ 6.7183, 51.92204 ], [ 6.71889, 51.92171 ], [ 6.71943, 51.92169 ], [ 6.71963, 51.9214 ], [ 6.7198, 51.92037 ], [ 6.71873, 51.91963 ], [ 6.71871, 51.9193 ], [ 6.71888, 51.91888 ], [ 6.72001, 51.9182 ], [ 6.72065, 51.91819 ], [ 6.72048, 51.91796 ], [ 6.72045, 51.91691 ], [ 6.72062, 51.91617 ], [ 6.71944, 51.9143 ], [ 6.72345, 51.91165 ], [ 6.7263, 51.90974 ], [ 6.72745, 51.90868 ], [ 6.72764, 51.90855 ], [ 6.73421, 51.9073 ], [ 6.73521, 51.90215 ], [ 6.71972, 51.90095 ], [ 6.71853, 51.90449 ], [ 6.71794, 51.90621 ], [ 6.71555, 51.9057 ], [ 6.71578, 51.9055 ], [ 6.71676, 51.90234 ], [ 6.71622, 51.90183 ], [ 6.71396, 51.90139 ], [ 6.71293, 51.90279 ], [ 6.71105, 51.90233 ], [ 6.70765, 51.90408 ], [ 6.70766, 51.90678 ], [ 6.70773, 51.9079 ], [ 6.70803, 51.91094 ], [ 6.7143, 51.91071 ], [ 6.71655, 51.90914 ], [ 6.71695, 51.90916 ], [ 6.71721, 51.90925 ], [ 6.71737, 51.90942 ], [ 6.71768, 51.90989 ], [ 6.71812, 51.91137 ], [ 6.71444, 51.91177 ], [ 6.71484, 51.91345 ], [ 6.71379, 51.9158 ], [ 6.71385, 51.91622 ], [ 6.71431, 51.9174 ], [ 6.71475, 51.91804 ], [ 6.71283, 51.91868 ], [ 6.71256, 51.91909 ], [ 6.71249, 51.91956 ], [ 6.7114, 51.92099 ], [ 6.71136, 51.92144 ], [ 6.71137, 51.92175 ], [ 6.7127, 51.92268 ] ] } },
{ "type": "Feature", "properties": { "klompenpad_naam": "Beek--en-Bultpad", "url": "https://klompenpaden.nl/klompenpaden/Beek--en-Bultpad/a55d820d-0066-440a-b02f-f1c53b4e8ea2", "date": null }, "geometry": { "type": "LineString", "coordinates": [ [ 5.70177, 52.09661 ], [ 5.70165, 52.09663 ], [ 5.70153, 52.09671 ], [ 5.70089, 52.09683 ], [ 5.7006, 52.09682 ], [ 5.69969, 52.0974 ], [ 5.69931, 52.09736 ], [ 5.69854, 52.09717 ], [ 5.6984, 52.09707 ], [ 5.69912, 52.09548 ], [ 5.69874, 52.09481 ], [ 5.6974, 52.09454 ], [ 5.69727, 52.09396 ], [ 5.69673, 52.09487 ], [ 5.69653, 52.09548 ], [ 5.6964, 52.09613 ], [ 5.69636, 52.09837 ], [ 5.69636, 52.09851 ], [ 5.6964, 52.09874 ], [ 5.6966, 52.09968 ], [ 5.69688, 52.10078 ], [ 5.69783, 52.10273 ], [ 5.69788, 52.10283 ], [ 5.69809, 52.10309 ], [ 5.69812, 52.10322 ], [ 5.69808, 52.10351 ], [ 5.69808, 52.1038 ], [ 5.69824, 52.10425 ], [ 5.69857, 52.10494 ], [ 5.69863, 52.10502 ], [ 5.69808, 52.10537 ], [ 5.69769, 52.10565 ], [ 5.69758, 52.10575 ], [ 5.69725, 52.10612 ], [ 5.69682, 52.10653 ], [ 5.69674, 52.10681 ], [ 5.69669, 52.10712 ], [ 5.69673, 52.1072 ], [ 5.69726, 52.10767 ], [ 5.69743, 52.10801 ], [ 5.69749, 52.10809 ], [ 5.69781, 52.10839 ], [ 5.69781, 52.10847 ], [ 5.69776, 52.10854 ], [ 5.69607, 52.10944 ], [ 5.69456, 52.11031 ], [ 5.69447, 52.11034 ], [ 5.69433, 52.11044 ], [ 5.69416, 52.11251 ], [ 5.69507, 52.11248 ], [ 5.69539, 52.1124 ], [ 5.69687, 52.11462 ], [ 5.69658, 52.11491 ], [ 5.69874, 52.1161 ], [ 5.70028, 52.11539 ], [ 5.70279, 52.1142 ], [ 5.7029, 52.11416 ], [ 5.70343, 52.11563 ], [ 5.70805, 52.11288 ], [ 5.70882, 52.11337 ], [ 5.70909, 52.11317 ], [ 5.70962, 52.11354 ], [ 5.71023, 52.11328 ], [ 5.70966, 52.11242 ], [ 5.71, 52.11208 ], [ 5.71004, 52.11204 ], [ 5.71009, 52.1119 ], [ 5.71019, 52.11183 ], [ 5.71062, 52.11172 ], [ 5.71134, 52.11157 ], [ 5.71144, 52.11157 ], [ 5.71199, 52.11149 ], [ 5.71203, 52.11145 ], [ 5.713, 52.11151 ], [ 5.71355, 52.11143 ], [ 5.71413, 52.11129 ], [ 5.71482, 52.11105 ], [ 5.71501, 52.11094 ], [ 5.71521, 52.11087 ], [ 5.71529, 52.11086 ], [ 5.71567, 52.11081 ], [ 5.71612, 52.11079 ], [ 5.71614, 52.11075 ], [ 5.71632, 52.11073 ], [ 5.71682, 52.11063 ], [ 5.71722, 52.11059 ], [ 5.71795, 52.11036 ], [ 5.71799, 52.11054 ], [ 5.71805, 52.1106 ], [ 5.71846, 52.11052 ], [ 5.71982, 52.11033 ], [ 5.71993, 52.11029 ], [ 5.7199, 52.11015 ], [ 5.71967, 52.10976 ], [ 5.72106, 52.10947 ], [ 5.71995, 52.10866 ], [ 5.71889, 52.10792 ], [ 5.71963, 52.10753 ], [ 5.71954, 52.10744 ], [ 5.71771, 52.10625 ], [ 5.7173, 52.10597 ], [ 5.7187, 52.10529 ], [ 5.71854, 52.10517 ], [ 5.7187, 52.10508 ], [ 5.71865, 52.10503 ], [ 5.72032, 52.10406 ], [ 5.71937, 52.1034 ], [ 5.72018, 52.10319 ], [ 5.72091, 52.10297 ], [ 5.72194, 52.10273 ], [ 5.72253, 52.10265 ], [ 5.72291, 52.10263 ], [ 5.72427, 52.10293 ], [ 5.7246, 52.10297 ], [ 5.72696, 52.1024 ], [ 5.72771, 52.10215 ], [ 5.72732, 52.10188 ], [ 5.72728, 52.10173 ], [ 5.7265, 52.09979 ], [ 5.72663, 52.09974 ], [ 5.72791, 52.09953 ], [ 5.72787, 52.09935 ], [ 5.7281, 52.09934 ], [ 5.72804, 52.09926 ], [ 5.72809, 52.0992 ], [ 5.72972, 52.09991 ], [ 5.73121, 52.10062 ], [ 5.73128, 52.1005 ], [ 5.73175, 52.09841 ], [ 5.73151, 52.09652 ], [ 5.73171, 52.09484 ], [ 5.73138, 52.09444 ], [ 5.7313, 52.0944 ], [ 5.73086, 52.09377 ], [ 5.73008, 52.09328 ], [ 5.72942, 52.09262 ], [ 5.72837, 52.09138 ], [ 5.72709, 52.09006 ], [ 5.72629, 52.09023 ], [ 5.72452, 52.09046 ], [ 5.72262, 52.09081 ], [ 5.72118, 52.09096 ], [ 5.72047, 52.09098 ], [ 5.71469, 52.08973 ], [ 5.71326, 52.08895 ], [ 5.71038, 52.08951 ], [ 5.69955, 52.09172 ], [ 5.69946, 52.09177 ], [ 5.70087, 52.09472 ], [ 5.7015, 52.09592 ], [ 5.70177, 52.0966 ], [ 5.71521, 52.11087 ], [ 5.71528, 52.11086 ], [ 5.71597, 52.11167 ], [ 5.71576, 52.11154 ], [ 5.7158, 52.1115 ], [ 5.71556, 52.11138 ], [ 5.71521, 52.11087 ], [ 5.70177, 52.09661 ], [ 5.70165, 52.09663 ], [ 5.70153, 52.09671 ], [ 5.70089, 52.09683 ], [ 5.7006, 52.09682 ], [ 5.69969, 52.0974 ], [ 5.69931, 52.09736 ], [ 5.69854, 52.09717 ], [ 5.6984, 52.09707 ], [ 5.69912, 52.09548 ], [ 5.69874, 52.09481 ], [ 5.6974, 52.09454 ], [ 5.69727, 52.09396 ], [ 5.69673, 52.09487 ], [ 5.69653, 52.09548 ], [ 5.6964, 52.09613 ], [ 5.69636, 52.09837 ], [ 5.69636, 52.09851 ], [ 5.6964, 52.09874 ], [ 5.6966, 52.09968 ], [ 5.69688, 52.10078 ], [ 5.69783, 52.10273 ], [ 5.69788, 52.10283 ], [ 5.69809, 52.10309 ], [ 5.69812, 52.10322 ], [ 5.69808, 52.10351 ], [ 5.69808, 52.1038 ], [ 5.69824, 52.10425 ], [ 5.69857, 52.10494 ], [ 5.69863, 52.10502 ], [ 5.69808, 52.10537 ], [ 5.69769, 52.10565 ], [ 5.69758, 52.10575 ], [ 5.69725, 52.10612 ], [ 5.69682, 52.10653 ], [ 5.69674, 52.10681 ], [ 5.69669, 52.10712 ], [ 5.69673, 52.1072 ], [ 5.69726, 52.10767 ], [ 5.69743, 52.10801 ], [ 5.69749, 52.10809 ], [ 5.69781, 52.10839 ], [ 5.69781, 52.10847 ], [ 5.69776, 52.10854 ], [ 5.69607, 52.10944 ], [ 5.69456, 52.11031 ], [ 5.69447, 52.11034 ], [ 5.69433, 52.11044 ], [ 5.69416, 52.11251 ], [ 5.69507, 52.11248 ], [ 5.69539, 52.1124 ], [ 5.69687, 52.11462 ], [ 5.69658, 52.11491 ], [ 5.69874, 52.1161 ], [ 5.70028, 52.11539 ], [ 5.70279, 52.1142 ], [ 5.7029, 52.11416 ], [ 5.70343, 52.11563 ], [ 5.70805, 52.11288 ], [ 5.70882, 52.11337 ], [ 5.70909, 52.11317 ], [ 5.70962, 52.11354 ], [ 5.71023, 52.11328 ], [ 5.70966, 52.11242 ], [ 5.71, 52.11208 ], [ 5.71004, 52.11204 ], [ 5.71009, 52.1119 ], [ 5.71019, 52.11183 ], [ 5.71062, 52.11172 ], [ 5.71134, 52.11157 ], [ 5.71144, 52.11157 ], [ 5.71199, 52.11149 ], [ 5.71203, 52.11145 ], [ 5.713, 52.11151 ], [ 5.71355, 52.11143 ], [ 5.71413, 52.11129 ], [ 5.71482, 52.11105 ], [ 5.71501, 52.11094 ], [ 5.71521, 52.11087 ], [ 5.71529, 52.11086 ], [ 5.71567, 52.11081 ], [ 5.71612, 52.11079 ], [ 5.71614, 52.11075 ], [ 5.71632, 52.11073 ], [ 5.71682, 52.11063 ], [ 5.71722, 52.11059 ], [ 5.71795, 52.11036 ], [ 5.71799, 52.11054 ], [ 5.71805, 52.1106 ], [ 5.71846, 52.11052 ], [ 5.71982, 52.11033 ], [ 5.71993, 52.11029 ], [ 5.7199, 52.11015 ], [ 5.71967, 52.10976 ], [ 5.72106, 52.10947 ], [ 5.71995, 52.10866 ], [ 5.71889, 52.10792 ], [ 5.71963, 52.10753 ], [ 5.71954, 52.10744 ], [ 5.71771, 52.10625 ], [ 5.7173, 52.10597 ], [ 5.7187, 52.10529 ], [ 5.71854, 52.10517 ], [ 5.7187, 52.10508 ], [ 5.71865, 52.10503 ], [ 5.72032, 52.10406 ], [ 5.71937, 52.1034 ], [ 5.72018, 52.10319 ], [ 5.72091, 52.10297 ], [ 5.72194, 52.10273 ], [ 5.72253, 52.10265 ], [ 5.72291, 52.10263 ], [ 5.72427, 52.10293 ], [ 5.7246, 52.10297 ], [ 5.72696, 52.1024 ], [ 5.72771, 52.10215 ], [ 5.72732, 52.10188 ], [ 5.72728, 52.10173 ], [ 5.7265, 52.09979 ], [ 5.72663, 52.09974 ], [ 5.72791, 52.09953 ], [ 5.72787, 52.09935 ], [ 5.7281, 52.09934 ], [ 5.72804, 52.09926 ], [ 5.72809, 52.0992 ], [ 5.72972, 52.09991 ], [ 5.73121, 52.10062 ], [ 5.73128, 52.1005 ], [ 5.73175, 52.09841 ], [ 5.73151, 52.09652 ], [ 5.73171, 52.09484 ], [ 5.73138, 52.09444 ], [ 5.7313, 52.0944 ], [ 5.73086, 52.09377 ], [ 5.73008, 52.09328 ], [ 5.72942, 52.09262 ], [ 5.72837, 52.09138 ], [ 5.72709, 52.09006 ], [ 5.72629, 52.09023 ], [ 5.72452, 52.09046 ], [ 5.72262, 52.09081 ], [ 5.72118, 52.09096 ], [ 5.72047, 52.09098 ], [ 5.71469, 52.08973 ], [ 5.71326, 52.08895 ], [ 5.71038, 52.08951 ], [ 5.69955, 52.09172 ], [ 5.69946, 52.09177 ], [ 5.70087, 52.09472 ], [ 5.7015, 52.09592 ], [ 5.70177, 52.0966 ], [ 5.71521, 52.11087 ], [ 5.71528, 52.11086 ], [ 5.71597, 52.11167 ], [ 5.71576, 52.11154 ], [ 5.7158, 52.1115 ], [ 5.71556, 52.11138 ], [ 5.71521, 52.11087 ] ] } }
]
}
